lon,lat,temperature_2m,precipitation,cloud_cover,wind_speed_10m,last_updated
-5.125,41.3125,16.1,0.0,99,1.57,2026-10-03T03:17:50Z
-4.875,41.3125,15.8,0.0,98,2.04,2026-10-03T03:17:50Z
-4.625,41.3125,15.5,0.0,99,1.3,2026-10-03T03:17:50Z
-4.375,41.3125,14.9,0.0,98,1.1,2026-10-03T03:17:50Z
-4.125,41.3125,14.7,0.0,84,1.0,2026-10-03T03:17:50Z
-3.875,41.3125,15.4,0.0,76,2.3,2026-10-03T03:17:50Z
-3.625,41.3125,11.9,0.0,100,1.13,2026-10-03T03:17:50Z
-3.375,41.3125,13.0,0.0,100,1.82,2026-10-03T03:17:50Z
-3.125,41.3125,14.0,0.0,100,2.6,2026-10-03T03:17:50Z
-2.875,41.3125,13.8,0.0,100,2.06,2026-10-03T03:17:50Z
-2.625,41.3125,13.4,0.0,88,1.43,2026-10-03T03:17:50Z
-2.375,41.3125,13.6,0.0,92,1.22,2026-10-03T03:17:50Z
-2.125,41.3125,15.0,0.0,92,0.81,2026-10-03T03:17:50Z
-1.875,41.3125,15.0,0.0,90,0.63,2026-10-03T03:17:50Z
-1.625,41.3125,15.1,0.0,83,0.67,2026-10-03T03:17:50Z
-1.375,41.375,15.5,0.0,95,0.28,2026-10-03T03:17:50Z
-1.125,41.3125,15.9,0.0,88,0.71,2026-10-03T03:17:50Z
-0.875,41.3125,16.1,0.0,97,1.14,2026-10-03T03:17:50Z
-0.625,41.3125,18.2,0.0,90,0.63,2026-10-03T03:17:50Z
-0.375,41.3125,18.6,0.0,85,0.32,2026-10-03T03:17:50Z
-0.125,41.3125,18.3,0.0,86,0.95,2026-10-03T03:17:50Z
0.125,41.3125,19.0,0.0,87,1.08,2026-10-03T03:17:50Z
0.375,41.3125,19.1,0.0,92,1.03,2026-10-03T03:17:50Z
0.625,41.3125,16.3,0.0,100,1.35,2026-10-03T03:17:50Z
0.875,41.375,14.6,0.0,100,1.08,2026-10-03T03:17:50Z
1.0625,41.3125,14.1,0.0,100,0.2,2026-10-03T03:17:50Z
1.375,41.3125,17.0,0.0,100,2.02,2026-10-03T03:17:50Z
1.625,41.3125,17.5,0.0,100,1.6,2026-10-03T03:17:50Z
1.875,41.3125,18.8,0.0,100,1.49,2026-10-03T03:17:50Z
2.125,41.3125,21.2,0.0,100,2.11,2026-10-03T03:17:50Z
2.375,41.3125,23.0,0.0,100,4.96,2026-10-03T03:17:50Z
2.625,41.3125,22.8,0.0,100,5.23,2026-10-03T03:17:50Z
2.875,41.3125,22.5,0.1,100,4.81,2026-10-03T03:17:50Z
3.125,41.3125,22.1,0.3,100,3.68,2026-10-03T03:17:50Z
3.375,41.3125,22.2,0.1,100,1.84,2026-10-03T03:17:50Z
3.625,41.3125,22.1,0.1,100,0.92,2026-10-03T03:17:50Z
3.875,41.3125,22.3,0.5,100,1.84,2026-10-03T03:17:50Z
4.125,41.3125,22.5,0.7,100,2.82,2026-10-03T03:17:50Z
4.375,41.3125,22.7,0.4,100,3.68,2026-10-03T03:17:50Z
4.625,41.3125,23.1,0.3,100,3.19,2026-10-03T03:17:50Z
4.875,41.3125,23.7,0.0,100,4.26,2026-10-03T03:17:50Z
5.125,41.3125,24.3,0.0,100,5.66,2026-10-03T03:17:50Z
5.375,41.3125,24.8,0.0,100,4.19,2026-10-03T03:17:50Z
5.625,41.3125,24.6,0.0,100,4.92,2026-10-03T03:17:50Z
5.875,41.3125,24.5,0.0,100,4.83,2026-10-03T03:17:50Z
6.125,41.3125,24.6,0.0,100,4.93,2026-10-03T03:17:50Z
6.375,41.3125,24.7,0.0,100,5.4,2026-10-03T03:17:50Z
6.625,41.3125,24.8,0.0,100,5.72,2026-10-03T03:17:50Z
6.875,41.3125,25.0,0.0,100,5.11,2026-10-03T03:17:50Z
7.125,41.3125,25.2,0.0,100,4.08,2026-10-03T03:17:50Z
7.375,41.3125,25.3,0.0,100,4.9,2026-10-03T03:17:50Z
7.625,41.3125,25.4,0.0,100,4.55,2026-10-03T03:17:50Z
7.875,41.3125,25.3,0.0,100,2.92,2026-10-03T03:17:50Z
8.125,41.3125,24.7,0.0,100,4.97,2026-10-03T03:17:50Z
8.375,41.3125,24.4,0.0,97,6.94,2026-10-03T03:17:50Z
8.625,41.3125,24.1,0.0,91,7.68,2026-10-03T03:17:50Z
8.875,41.3125,23.9,0.0,85,7.3,2026-10-03T03:17:50Z
9.125,41.3125,23.7,0.0,78,4.74,2026-10-03T03:17:50Z
9.375,41.3125,23.6,0.0,80,2.91,2026-10-03T03:17:50Z
9.625,41.3125,23.9,0.0,74,2.1,2026-10-03T03:17:50Z
-5.125,41.5625,16.7,0.0,98,2.31,2026-10-03T03:17:50Z
-4.875,41.5625,14.9,0.0,98,1.53,2026-10-03T03:17:50Z
-4.625,41.5625,15.6,0.0,100,1.75,2026-10-03T03:17:50Z
-4.375,41.5625,14.4,0.0,100,1.3,2026-10-03T03:17:50Z
-4.125,41.5625,14.8,0.0,100,1.17,2026-10-03T03:17:50Z
-3.875,41.5625,13.7,0.0,93,1.0,2026-10-03T03:17:50Z
-3.625,41.5625,13.8,0.0,84,1.7,2026-10-03T03:17:50Z
-3.375,41.5625,14.2,0.0,98,1.6,2026-10-03T03:17:50Z
-3.125,41.5625,14.4,0.0,85,3.4,2026-10-03T03:17:50Z
-2.875,41.5625,14.1,0.0,78,2.41,2026-10-03T03:17:50Z
-2.625,41.5625,14.1,0.0,80,1.5,2026-10-03T03:17:50Z
-2.375,41.5625,14.1,0.0,83,0.89,2026-10-03T03:17:50Z
-2.125,41.5625,13.6,0.0,85,1.03,2026-10-03T03:17:50Z
-1.875,41.5625,13.3,0.1,94,0.76,2026-10-03T03:17:50Z
-1.625,41.5625,15.4,0.1,95,0.81,2026-10-03T03:17:50Z
-1.375,41.5625,16.7,0.0,93,0.89,2026-10-03T03:17:50Z
-1.125,41.5625,16.5,0.0,95,1.4,2026-10-03T03:17:50Z
-0.875,41.5625,17.5,0.1,93,1.39,2026-10-03T03:17:50Z
-0.625,41.5625,18.2,0.1,92,0.22,2026-10-03T03:17:50Z
-0.375,41.5625,17.9,0.0,80,1.93,2026-10-03T03:17:50Z
-0.125,41.5625,17.6,0.0,84,1.56,2026-10-03T03:17:50Z
0.125,41.5625,17.9,0.0,88,1.21,2026-10-03T03:17:50Z
0.375,41.5625,17.3,0.0,87,0.71,2026-10-03T03:17:50Z
0.625,41.5625,17.1,0.0,87,0.89,2026-10-03T03:17:50Z
0.875,41.5625,15.8,0.0,97,0.94,2026-10-03T03:17:50Z
1.125,41.5625,15.4,0.0,100,1.89,2026-10-03T03:17:50Z
1.375,41.5625,14.2,0.0,100,0.92,2026-10-03T03:17:50Z
1.625,41.5625,15.7,0.0,100,0.98,2026-10-03T03:17:50Z
1.875,41.5625,18.4,0.0,100,1.82,2026-10-03T03:17:50Z
2.125,41.5625,16.9,0.0,100,1.36,2026-10-03T03:17:50Z
2.375,41.5625,16.8,0.0,100,1.12,2026-10-03T03:17:50Z
2.625,41.625,20.4,0.0,100,1.9,2026-10-03T03:17:50Z
2.875,41.5625,22.1,0.0,100,3.54,2026-10-03T03:17:50Z
3.125,41.5625,22.0,0.0,100,4.33,2026-10-03T03:17:50Z
3.375,41.5625,21.9,0.1,100,2.94,2026-10-03T03:17:50Z
3.625,41.5625,21.8,0.1,100,1.0,2026-10-03T03:17:50Z
3.875,41.5625,22.1,0.2,100,2.01,2026-10-03T03:17:50Z
4.125,41.5625,22.3,0.5,100,3.42,2026-10-03T03:17:50Z
4.375,41.5625,22.4,0.5,100,4.12,2026-10-03T03:17:50Z
4.625,41.5625,22.7,0.3,100,4.2,2026-10-03T03:17:50Z
4.875,41.5625,23.4,0.1,100,4.06,2026-10-03T03:17:50Z
5.125,41.5625,24.3,0.0,100,5.1,2026-10-03T03:17:50Z
5.375,41.5625,24.5,0.0,100,4.42,2026-10-03T03:17:50Z
5.625,41.5625,24.3,0.0,100,4.74,2026-10-03T03:17:50Z
5.875,41.5625,23.9,0.1,100,5.37,2026-10-03T03:17:50Z
6.125,41.5625,24.1,0.1,100,5.02,2026-10-03T03:17:50Z
6.375,41.5625,24.4,0.0,100,5.39,2026-10-03T03:17:50Z
6.625,41.5625,24.6,0.0,100,6.24,2026-10-03T03:17:50Z
6.875,41.5625,24.7,0.0,100,6.51,2026-10-03T03:17:50Z
7.125,41.5625,25.0,0.0,100,6.4,2026-10-03T03:17:50Z
7.375,41.5625,24.9,0.0,100,6.37,2026-10-03T03:17:50Z
7.625,41.5625,24.7,0.0,100,6.31,2026-10-03T03:17:50Z
7.875,41.5625,24.6,0.0,100,6.6,2026-10-03T03:17:50Z
8.125,41.5625,24.4,0.0,97,6.85,2026-10-03T03:17:50Z
8.375,41.5625,24.3,0.0,100,6.13,2026-10-03T03:17:50Z
8.625,41.5625,24.1,0.0,92,4.35,2026-10-03T03:17:50Z
8.875,41.5625,16.6,0.0,87,1.97,2026-10-03T03:17:50Z
9.125,41.625,13.6,0.0,87,1.42,2026-10-03T03:17:50Z
9.3125,41.625,18.8,0.0,77,1.56,2026-10-03T03:17:50Z
9.625,41.5625,24.0,0.0,86,1.84,2026-10-03T03:17:50Z
-5.125,41.8125,16.3,0.0,93,1.73,2026-10-03T03:17:50Z
-4.875,41.8125,15.3,0.0,97,1.81,2026-10-03T03:17:50Z
-4.625,41.8125,15.2,0.0,100,1.84,2026-10-03T03:17:50Z
-4.375,41.8125,15.0,0.0,99,1.9,2026-10-03T03:17:50Z
-4.125,41.8125,14.8,0.0,100,2.73,2026-10-03T03:17:50Z
-3.875,41.8125,15.1,0.0,95,3.26,2026-10-03T03:17:50Z
-3.625,41.8125,14.5,0.0,88,3.4,2026-10-03T03:17:50Z
-3.375,41.8125,14.6,0.0,95,3.2,2026-10-03T03:17:50Z
-3.125,41.8125,13.8,0.0,99,2.52,2026-10-03T03:17:50Z
-2.875,41.8125,13.0,0.0,82,1.41,2026-10-03T03:17:50Z
-2.625,41.8125,13.2,0.0,73,1.0,2026-10-03T03:17:50Z
-2.375,41.8125,13.4,0.0,75,0.73,2026-10-03T03:17:50Z
-2.125,41.8125,12.4,0.0,89,0.5,2026-10-03T03:17:50Z
-1.9375,41.8125,12.2,0.0,84,1.02,2026-10-03T03:17:50Z
-1.625,41.8125,15.9,0.0,93,1.36,2026-10-03T03:17:50Z
-1.375,41.8125,17.8,0.1,92,1.58,2026-10-03T03:17:50Z
-1.125,41.8125,17.8,0.2,92,1.57,2026-10-03T03:17:50Z
-0.875,41.8125,17.8,0.1,98,0.76,2026-10-03T03:17:50Z
-0.625,41.8125,17.9,0.1,89,2.11,2026-10-03T03:17:50Z
-0.375,41.8125,16.7,0.0,86,0.71,2026-10-03T03:17:50Z
-0.125,41.8125,16.9,0.0,86,0.86,2026-10-03T03:17:50Z
0.125,41.8125,16.2,0.0,79,0.98,2026-10-03T03:17:50Z
0.375,41.8125,16.1,0.0,62,1.22,2026-10-03T03:17:50Z
0.625,41.8125,16.1,0.0,64,1.08,2026-10-03T03:17:50Z
0.875,41.8125,17.6,0.0,89,1.12,2026-10-03T03:17:50Z
1.125,41.8125,16.7,0.0,91,1.35,2026-10-03T03:17:50Z
1.375,41.8125,16.0,0.0,90,1.1,2026-10-03T03:17:50Z
1.625,41.8125,15.9,0.0,90,0.58,2026-10-03T03:17:50Z
1.875,41.8125,16.1,0.0,96,0.64,2026-10-03T03:17:50Z
2.125,41.8125,14.2,0.0,97,1.2,2026-10-03T03:17:50Z
2.375,41.8125,14.1,0.0,100,0.58,2026-10-03T03:17:50Z
2.625,41.8125,15.3,0.0,100,1.56,2026-10-03T03:17:50Z
2.875,41.8125,17.7,0.0,100,0.5,2026-10-03T03:17:50Z
3.0625,41.8125,19.4,0.0,100,1.97,2026-10-03T03:17:50Z
3.375,41.8125,21.6,0.0,100,3.35,2026-10-03T03:17:50Z
3.625,41.8125,21.5,0.0,100,0.85,2026-10-03T03:17:50Z
3.875,41.8125,21.8,0.2,100,2.12,2026-10-03T03:17:50Z
4.125,41.8125,21.9,0.4,100,4.14,2026-10-03T03:17:50Z
4.375,41.8125,22.0,0.5,100,5.06,2026-10-03T03:17:50Z
4.625,41.8125,22.4,0.4,100,4.75,2026-10-03T03:17:50Z
4.875,41.8125,23.1,0.2,100,4.88,2026-10-03T03:17:50Z
5.125,41.8125,23.6,0.0,100,3.88,2026-10-03T03:17:50Z
5.375,41.8125,24.0,0.0,100,4.44,2026-10-03T03:17:50Z
5.625,41.8125,24.1,0.0,100,4.75,2026-10-03T03:17:50Z
5.875,41.8125,23.9,0.0,100,5.41,2026-10-03T03:17:50Z
6.125,41.8125,24.0,0.0,100,4.85,2026-10-03T03:17:50Z
6.375,41.8125,24.5,0.0,100,4.71,2026-10-03T03:17:50Z
6.625,41.8125,24.6,0.0,100,5.2,2026-10-03T03:17:50Z
6.875,41.8125,24.7,0.0,100,5.46,2026-10-03T03:17:50Z
7.125,41.8125,24.7,0.0,100,5.44,2026-10-03T03:17:50Z
7.375,41.8125,24.7,0.0,100,5.2,2026-10-03T03:17:50Z
7.625,41.8125,24.7,0.0,93,4.84,2026-10-03T03:17:50Z
7.875,41.8125,24.7,0.0,100,4.13,2026-10-03T03:17:50Z
8.125,41.8125,24.4,0.0,100,3.26,2026-10-03T03:17:50Z
8.375,41.8125,24.5,0.0,100,2.39,2026-10-03T03:17:50Z
8.625,41.8125,24.7,0.0,96,2.3,2026-10-03T03:17:50Z
8.875,41.8125,14.1,0.0,98,1.7,2026-10-03T03:17:50Z
9.125,41.8125,13.1,0.0,89,2.15,2026-10-03T03:17:50Z
9.3125,41.8125,16.1,0.0,80,2.3,2026-10-03T03:17:50Z
9.625,41.8125,23.8,0.1,90,1.6,2026-10-03T03:17:50Z
-5.125,42.0625,15.7,0.0,99,3.71,2026-10-03T03:17:50Z
-4.875,42.0625,15.6,0.0,96,3.35,2026-10-03T03:17:50Z
-4.625,42.0625,15.9,0.0,96,1.3,2026-10-03T03:17:50Z
-4.375,42.0625,14.5,0.0,95,1.75,2026-10-03T03:17:50Z
-4.125,42.0625,14.4,0.0,100,1.65,2026-10-03T03:17:50Z
-3.875,42.0625,13.7,0.0,96,0.99,2026-10-03T03:17:50Z
-3.625,42.0625,14.8,0.0,96,1.94,2026-10-03T03:17:50Z
-3.375,42.0625,12.9,0.0,96,1.24,2026-10-03T03:17:50Z
-3.125,42.0625,11.9,0.0,100,1.75,2026-10-03T03:17:50Z
-2.875,42.0625,12.0,0.0,98,1.9,2026-10-03T03:17:50Z
-2.625,42.0625,9.5,0.0,72,1.71,2026-10-03T03:17:50Z
-2.375,42.0625,12.1,0.0,59,0.89,2026-10-03T03:17:50Z
-2.125,42.0625,13.8,0.0,74,0.82,2026-10-03T03:17:50Z
-1.875,42.0625,15.8,0.0,94,1.36,2026-10-03T03:17:50Z
-1.625,42.0625,17.5,0.1,93,2.2,2026-10-03T03:17:50Z
-1.375,42.0625,17.4,0.3,100,1.17,2026-10-03T03:17:50Z
-1.125,42.0625,18.1,0.2,98,1.1,2026-10-03T03:17:50Z
-0.875,42.0625,17.2,0.0,90,1.84,2026-10-03T03:17:50Z
-0.625,42.0625,17.3,0.0,95,1.43,2026-10-03T03:17:50Z
-0.375,42.0625,16.6,0.0,87,0.95,2026-10-03T03:17:50Z
-0.125,42.0625,15.0,0.0,76,0.95,2026-10-03T03:17:50Z
0.125,42.0625,15.9,0.0,66,1.12,2026-10-03T03:17:50Z
0.375,42.0625,13.7,0.0,65,1.0,2026-10-03T03:17:50Z
0.625,42.0625,13.0,0.0,77,1.06,2026-10-03T03:17:50Z
0.875,42.0625,15.8,0.0,85,0.51,2026-10-03T03:17:50Z
1.125,42.125,12.0,0.0,91,1.28,2026-10-03T03:17:50Z
1.3125,42.125,14.5,0.0,87,1.32,2026-10-03T03:17:50Z
1.625,42.125,10.6,0.0,84,1.36,2026-10-03T03:17:50Z
1.875,42.0625,15.5,0.0,92,1.1,2026-10-03T03:17:50Z
2.125,42.0625,14.3,0.0,95,0.7,2026-10-03T03:17:50Z
2.375,42.0625,14.3,0.0,92,0.95,2026-10-03T03:17:50Z
2.625,42.0625,15.0,0.0,93,1.22,2026-10-03T03:17:50Z
2.875,42.0625,17.9,0.0,100,0.82,2026-10-03T03:17:50Z
3.125,42.0625,19.0,0.0,100,1.06,2026-10-03T03:17:50Z
3.375,42.0625,21.4,0.4,100,2.69,2026-10-03T03:17:50Z
3.625,42.0625,21.4,0.1,100,1.02,2026-10-03T03:17:50Z
3.875,42.0625,21.6,0.4,100,3.2,2026-10-03T03:17:50Z
4.125,42.0625,21.8,0.4,100,5.06,2026-10-03T03:17:50Z
4.375,42.0625,21.9,0.7,100,6.18,2026-10-03T03:17:50Z
4.625,42.0625,22.2,0.6,100,5.77,2026-10-03T03:17:50Z
4.875,42.0625,22.9,0.1,100,5.23,2026-10-03T03:17:50Z
5.125,42.0625,23.4,0.0,100,4.08,2026-10-03T03:17:50Z
5.375,42.0625,23.7,0.0,100,3.94,2026-10-03T03:17:50Z
5.625,42.0625,23.9,0.0,100,4.89,2026-10-03T03:17:50Z
5.875,42.0625,24.1,0.0,100,5.28,2026-10-03T03:17:50Z
6.125,42.0625,24.2,0.0,100,4.56,2026-10-03T03:17:50Z
6.375,42.0625,24.4,0.0,100,4.54,2026-10-03T03:17:50Z
6.625,42.0625,24.6,0.0,100,4.73,2026-10-03T03:17:50Z
6.875,42.0625,24.7,0.0,100,5.0,2026-10-03T03:17:50Z
7.125,42.0625,24.8,0.0,100,4.4,2026-10-03T03:17:50Z
7.375,42.0625,24.9,0.0,100,4.1,2026-10-03T03:17:50Z
7.625,42.0625,24.8,0.0,100,3.41,2026-10-03T03:17:50Z
7.875,42.0625,24.6,0.0,100,2.53,2026-10-03T03:17:50Z
8.125,42.0625,24.5,0.0,100,1.88,2026-10-03T03:17:50Z
8.375,42.0625,24.6,0.0,100,1.66,2026-10-03T03:17:50Z
8.625,42.125,22.0,0.0,97,1.86,2026-10-03T03:17:50Z
8.875,42.0625,15.7,0.0,90,2.1,2026-10-03T03:17:50Z
9.125,42.125,13.4,0.0,90,0.72,2026-10-03T03:17:50Z
9.375,42.0625,18.3,0.0,83,1.92,2026-10-03T03:17:50Z
9.625,42.0625,23.5,0.0,87,1.84,2026-10-03T03:17:50Z
-5.14,42.33,14.7,0.0,100,3.33,2026-10-03T03:17:50Z
-4.89,42.33,14.5,0.0,100,6.42,2026-10-03T03:17:50Z
-4.64,42.33,14.7,0.0,100,4.83,2026-10-03T03:17:50Z
-4.39,42.33,14.9,0.0,100,4.61,2026-10-03T03:17:50Z
-4.14,42.33,15.5,0.0,100,3.26,2026-10-03T03:17:50Z
-3.89,42.33,14.3,0.0,100,4.66,2026-10-03T03:17:50Z
-3.64,42.33,14.0,0.0,100,2.69,2026-10-03T03:17:50Z
-3.39,42.33,12.4,0.0,100,2.1,2026-10-03T03:17:50Z
-3.14,42.33,9.8,0.0,100,0.64,2026-10-03T03:17:50Z
-2.89,42.33,11.8,0.0,100,1.75,2026-10-03T03:17:50Z
-2.64,42.33,12.4,0.0,100,2.11,2026-10-03T03:17:50Z
-2.39,42.33,14.5,0.0,100,0.3,2026-10-03T03:17:50Z
-2.14,42.33,17.0,0.0,100,3.04,2026-10-03T03:17:50Z
-1.89,42.33,17.3,0.0,100,3.3,2026-10-03T03:17:50Z
-1.64,42.33,17.7,0.0,100,2.69,2026-10-03T03:17:50Z
-1.39,42.33,17.3,0.0,100,2.27,2026-10-03T03:17:50Z
-1.14,42.33,15.5,0.0,86,2.52,2026-10-03T03:17:50Z
-0.89,42.33,14.7,0.0,97,1.1,2026-10-03T03:17:50Z
-0.64,42.33,13.1,0.0,82,1.99,2026-10-03T03:17:50Z
-0.39,42.33,11.3,0.0,16,0.5,2026-10-03T03:17:50Z
-0.14,42.33,11.2,0.0,96,0.32,2026-10-03T03:17:50Z
0.11,42.33,14.5,0.0,29,1.55,2026-10-03T03:17:50Z
0.36,42.33,13.3,0.0,19,0.86,2026-10-03T03:17:50Z
0.61,42.33,9.0,0.0,84,0.28,2026-10-03T03:17:50Z
0.86,42.33,11.3,0.0,82,0.28,2026-10-03T03:17:50Z
1.11,42.33,11.6,0.0,12,1.2,2026-10-03T03:17:50Z
1.36,42.33,11.9,0.0,85,0.61,2026-10-03T03:17:50Z
1.61,42.33,10.4,0.0,32,0.76,2026-10-03T03:17:50Z
1.86,42.33,10.1,0.0,80,0.73,2026-10-03T03:17:50Z
2.11,42.33,10.9,0.0,89,1.17,2026-10-03T03:17:50Z
2.36,42.33,10.0,0.0,87,1.22,2026-10-03T03:17:50Z
2.61,42.33,14.5,0.0,96,0.85,2026-10-03T03:17:50Z
2.86,42.33,18.3,0.0,100,1.14,2026-10-03T03:17:50Z
3.11,42.33,20.4,0.0,100,1.32,2026-10-03T03:17:50Z
3.36,42.33,21.7,0.0,100,4.5,2026-10-03T03:17:50Z
3.61,42.33,22.4,0.0,100,5.16,2026-10-03T03:17:50Z
3.86,42.33,22.4,0.0,100,4.74,2026-10-03T03:17:50Z
4.11,42.33,23.3,0.2,100,4.63,2026-10-03T03:17:50Z
4.36,42.33,22.7,0.0,100,8.5,2026-10-03T03:17:50Z
4.61,42.33,22.9,0.0,100,7.8,2026-10-03T03:17:50Z
4.86,42.33,22.5,1.5,100,6.81,2026-10-03T03:17:50Z
5.11,42.33,23.4,0.1,100,5.84,2026-10-03T03:17:50Z
5.36,42.33,23.8,0.0,100,4.75,2026-10-03T03:17:50Z
5.61,42.33,23.9,0.0,100,5.31,2026-10-03T03:17:50Z
5.86,42.33,23.8,0.0,100,4.08,2026-10-03T03:17:50Z
6.11,42.33,23.9,0.0,100,4.03,2026-10-03T03:17:50Z
6.36,42.33,23.9,0.0,100,4.47,2026-10-03T03:17:50Z
6.61,42.33,23.9,0.0,100,4.13,2026-10-03T03:17:50Z
6.86,42.33,24.0,0.0,100,3.42,2026-10-03T03:17:50Z
7.11,42.33,24.1,0.0,100,3.26,2026-10-03T03:17:50Z
7.36,42.33,24.1,0.0,100,3.1,2026-10-03T03:17:50Z
7.61,42.33,24.3,0.0,100,2.91,2026-10-03T03:17:50Z
7.86,42.33,24.5,0.0,100,3.52,2026-10-03T03:17:50Z
8.11,42.33,24.5,0.0,100,2.52,2026-10-03T03:17:50Z
8.375,42.3125,24.6,0.0,93,0.58,2026-10-03T03:17:50Z
8.625,42.375,21.2,0.0,88,1.46,2026-10-03T03:17:50Z
8.875,42.3125,8.3,0.0,85,0.61,2026-10-03T03:17:50Z
9.0625,42.25,11.8,0.0,87,1.25,2026-10-03T03:17:50Z
9.375,42.3125,11.5,0.0,73,0.72,2026-10-03T03:17:50Z
9.625,42.3125,24.0,0.0,75,2.12,2026-10-03T03:17:50Z
-5.14,42.58,14.3,0.0,100,3.38,2026-10-03T03:17:50Z
-4.89,42.58,14.3,0.0,100,4.29,2026-10-03T03:17:50Z
-4.64,42.58,13.9,0.0,100,2.78,2026-10-03T03:17:50Z
-4.39,42.58,14.5,0.0,100,2.06,2026-10-03T03:17:50Z
-4.14,42.58,14.9,0.0,100,2.69,2026-10-03T03:17:50Z
-3.89,42.58,14.1,0.0,100,3.67,2026-10-03T03:17:50Z
-3.64,42.58,14.1,0.0,100,3.6,2026-10-03T03:17:50Z
-3.39,42.58,15.0,0.0,100,1.91,2026-10-03T03:17:50Z
-3.14,42.58,15.1,0.0,100,2.6,2026-10-03T03:17:50Z
-2.89,42.58,17.3,0.0,100,2.28,2026-10-03T03:17:50Z
-2.64,42.58,16.1,0.0,100,4.32,2026-10-03T03:17:50Z
-2.39,42.58,15.5,0.0,100,2.91,2026-10-03T03:17:50Z
-2.14,42.58,17.2,0.0,100,3.1,2026-10-03T03:17:50Z
-1.89,42.58,18.1,0.0,100,1.72,2026-10-03T03:17:50Z
-1.64,42.58,17.2,0.0,100,1.63,2026-10-03T03:17:50Z
-1.39,42.58,15.6,0.0,100,1.25,2026-10-03T03:17:50Z
-1.14,42.58,14.3,0.0,88,1.92,2026-10-03T03:17:50Z
-0.89,42.58,12.9,0.1,100,1.4,2026-10-03T03:17:50Z
-0.64,42.58,12.3,0.0,18,0.51,2026-10-03T03:17:50Z
-0.39,42.58,12.8,0.0,2,1.3,2026-10-03T03:17:50Z
-0.15,42.58,10.2,0.0,22,0.54,2026-10-03T03:17:50Z
0.11,42.58,10.1,0.0,24,0.72,2026-10-03T03:17:50Z
0.36,42.58,9.3,0.0,92,0.5,2026-10-03T03:17:50Z
0.61,42.58,3.8,0.0,100,1.35,2026-10-03T03:17:50Z
0.86,42.58,6.5,0.0,91,0.32,2026-10-03T03:17:50Z
1.11,42.58,8.7,0.0,94,0.32,2026-10-03T03:17:50Z
1.36,42.58,7.3,0.0,28,0.63,2026-10-03T03:17:50Z
1.61,42.58,8.4,0.0,100,0.72,2026-10-03T03:17:50Z
1.86,42.58,4.7,0.0,99,1.39,2026-10-03T03:17:50Z
2.11,42.58,11.1,0.0,40,2.28,2026-10-03T03:17:50Z
2.36,42.58,14.2,0.0,100,0.36,2026-10-03T03:17:50Z
2.61,42.58,15.4,0.0,100,1.34,2026-10-03T03:17:50Z
2.86,42.58,19.1,0.0,100,2.21,2026-10-03T03:17:50Z
3.11,42.58,20.5,0.0,100,5.04,2026-10-03T03:17:50Z
3.36,42.58,21.9,1.3,100,10.57,2026-10-03T03:17:50Z
3.61,42.58,21.8,0.1,100,7.92,2026-10-03T03:17:50Z
3.86,42.58,21.7,0.1,100,8.42,2026-10-03T03:17:50Z
4.11,42.58,22.1,6.1,100,7.24,2026-10-03T03:17:50Z
4.36,42.58,22.3,0.0,100,7.3,2026-10-03T03:17:50Z
4.61,42.58,22.9,1.2,100,6.72,2026-10-03T03:17:50Z
4.86,42.58,23.3,0.0,100,7.16,2026-10-03T03:17:50Z
5.11,42.58,23.8,0.0,100,6.4,2026-10-03T03:17:50Z
5.36,42.58,23.8,0.0,100,6.17,2026-10-03T03:17:50Z
5.61,42.58,23.7,0.0,100,5.81,2026-10-03T03:17:50Z
5.86,42.58,23.6,0.0,100,4.85,2026-10-03T03:17:50Z
6.11,42.58,23.4,0.0,100,3.93,2026-10-03T03:17:50Z
6.36,42.58,23.3,0.0,100,4.0,2026-10-03T03:17:50Z
6.61,42.58,23.5,0.0,100,3.64,2026-10-03T03:17:50Z
6.86,42.58,23.8,0.0,100,3.74,2026-10-03T03:17:50Z
7.11,42.58,23.9,0.0,100,4.9,2026-10-03T03:17:50Z
7.36,42.58,24.4,0.0,100,5.74,2026-10-03T03:17:50Z
7.61,42.58,24.5,0.0,100,4.73,2026-10-03T03:17:50Z
7.86,42.58,24.4,0.0,100,5.82,2026-10-03T03:17:50Z
8.11,42.58,24.4,0.0,100,6.74,2026-10-03T03:17:50Z
8.375,42.5625,24.6,0.0,94,3.83,2026-10-03T03:17:50Z
8.6875,42.5,20.7,0.0,86,1.84,2026-10-03T03:17:50Z
8.875,42.5625,18.1,0.0,84,1.84,2026-10-03T03:17:50Z
9.125,42.5625,16.1,0.0,79,2.15,2026-10-03T03:17:50Z
9.375,42.5625,17.1,0.0,86,1.22,2026-10-03T03:17:50Z
9.625,42.5625,24.0,0.0,68,1.77,2026-10-03T03:17:50Z
-5.14,42.83,12.8,0.0,100,1.5,2026-10-03T03:17:50Z
-4.89,42.83,11.9,0.0,100,3.2,2026-10-03T03:17:50Z
-4.64,42.83,12.6,0.0,100,1.33,2026-10-03T03:17:50Z
-4.39,42.83,13.6,0.0,100,2.36,2026-10-03T03:17:50Z
-4.14,42.83,14.0,0.0,100,1.22,2026-10-03T03:17:50Z
-3.89,42.83,15.0,0.0,100,1.43,2026-10-03T03:17:50Z
-3.64,42.83,12.3,0.0,100,2.47,2026-10-03T03:17:50Z
-3.39,42.83,14.0,0.0,100,0.5,2026-10-03T03:17:50Z
-3.14,42.83,15.0,0.0,100,0.36,2026-10-03T03:17:50Z
-2.89,42.83,14.9,0.0,100,2.0,2026-10-03T03:17:50Z
-2.64,42.83,14.0,0.0,100,0.99,2026-10-03T03:17:50Z
-2.39,42.83,16.7,0.0,100,5.51,2026-10-03T03:17:50Z
-2.14,42.83,14.9,0.0,100,3.51,2026-10-03T03:17:50Z
-1.89,42.83,14.9,0.0,100,2.11,2026-10-03T03:17:50Z
-1.64,42.83,18.3,0.0,100,1.26,2026-10-03T03:17:50Z
-1.39,42.83,13.5,0.0,100,0.58,2026-10-03T03:17:50Z
-1.14,42.83,12.9,0.0,100,1.2,2026-10-03T03:17:50Z
-0.89,42.83,11.1,0.0,47,3.64,2026-10-03T03:17:50Z
-0.65,42.83,8.6,0.0,85,0.22,2026-10-03T03:17:50Z
-0.39,42.83,10.3,0.0,4,1.8,2026-10-03T03:17:50Z
-0.14,42.83,9.2,0.0,7,0.9,2026-10-03T03:17:50Z
0.11,42.83,1.3,0.0,98,0.8,2026-10-03T03:17:50Z
0.36,42.83,11.4,0.0,92,0.36,2026-10-03T03:17:50Z
0.61,42.83,14.1,0.0,84,1.2,2026-10-03T03:17:50Z
0.86,42.83,6.4,0.0,62,0.5,2026-10-03T03:17:50Z
1.11,42.83,10.8,0.0,82,1.04,2026-10-03T03:17:50Z
1.36,42.83,9.1,0.0,90,0.8,2026-10-03T03:17:50Z
1.61,42.83,14.9,0.0,20,0.51,2026-10-03T03:17:50Z
1.86,42.83,11.4,0.0,91,1.4,2026-10-03T03:17:50Z
2.11,42.83,15.5,0.0,89,2.01,2026-10-03T03:17:50Z
2.36,42.83,14.9,0.0,100,2.6,2026-10-03T03:17:50Z
2.61,42.83,18.6,0.0,100,2.51,2026-10-03T03:17:50Z
2.86,42.83,19.0,0.0,100,0.82,2026-10-03T03:17:50Z
3.11,42.83,22.5,11.1,100,2.38,2026-10-03T03:17:50Z
3.36,42.83,22.0,0.0,100,11.94,2026-10-03T03:17:50Z
3.61,42.83,22.1,0.0,100,11.1,2026-10-03T03:17:50Z
3.86,42.83,21.8,0.4,100,9.0,2026-10-03T03:17:50Z
4.11,42.83,21.9,2.3,100,5.73,2026-10-03T03:17:50Z
4.36,42.83,22.0,0.2,100,5.56,2026-10-03T03:17:50Z
4.61,42.83,22.2,0.1,100,6.94,2026-10-03T03:17:50Z
4.86,42.83,23.1,0.0,100,9.12,2026-10-03T03:17:50Z
5.11,42.83,23.7,0.0,100,8.38,2026-10-03T03:17:50Z
5.36,42.83,23.8,0.0,100,8.39,2026-10-03T03:17:50Z
5.61,42.83,23.9,0.0,100,8.4,2026-10-03T03:17:50Z
5.86,42.83,23.8,0.0,100,8.61,2026-10-03T03:17:50Z
6.11,42.83,23.8,0.0,100,7.42,2026-10-03T03:17:50Z
6.36,42.83,23.7,0.0,100,5.79,2026-10-03T03:17:50Z
6.61,42.83,23.7,0.0,100,6.43,2026-10-03T03:17:50Z
6.86,42.83,23.7,0.0,100,6.33,2026-10-03T03:17:50Z
7.11,42.83,24.0,0.0,100,7.2,2026-10-03T03:17:50Z
7.36,42.83,24.1,0.0,100,6.01,2026-10-03T03:17:50Z
7.61,42.83,24.3,0.0,100,5.89,2026-10-03T03:17:50Z
7.86,42.83,24.2,0.0,91,6.18,2026-10-03T03:17:50Z
8.11,42.83,24.2,0.0,100,6.14,2026-10-03T03:17:50Z
8.375,42.8125,24.7,0.0,96,5.95,2026-10-03T03:17:50Z
8.625,42.8125,24.8,0.0,82,5.91,2026-10-03T03:17:50Z
8.875,42.8125,24.5,0.0,70,4.77,2026-10-03T03:17:50Z
9.125,42.8125,24.1,0.0,75,2.18,2026-10-03T03:17:50Z
9.375,42.8125,20.8,0.0,67,1.92,2026-10-03T03:17:50Z
9.625,42.8125,24.9,0.0,67,2.73,2026-10-03T03:17:50Z
-5.14,43.08,10.6,0.0,100,0.41,2026-10-03T03:17:50Z
-4.89,43.08,9.2,0.0,100,1.14,2026-10-03T03:17:50Z
-4.63,43.09,13.2,0.0,100,0.82,2026-10-03T03:17:50Z
-4.39,43.08,12.7,0.0,100,0.71,2026-10-03T03:17:50Z
-4.14,43.08,13.2,0.0,100,0.5,2026-10-03T03:17:50Z
-3.89,43.08,15.4,0.0,100,0.76,2026-10-03T03:17:50Z
-3.64,43.08,13.2,0.0,100,0.73,2026-10-03T03:17:50Z
-3.4,43.07,12.6,0.0,100,2.16,2026-10-03T03:17:50Z
-3.14,43.08,15.5,0.0,100,1.03,2026-10-03T03:17:50Z
-2.89,43.08,14.4,0.0,100,0.57,2026-10-03T03:17:50Z
-2.64,43.08,14.0,0.0,100,1.12,2026-10-03T03:17:50Z
-2.39,43.08,15.3,0.0,100,0.73,2026-10-03T03:17:50Z
-2.14,43.08,15.7,0.0,100,0.32,2026-10-03T03:17:50Z
-1.89,43.08,17.5,0.0,100,3.86,2026-10-03T03:17:50Z
-1.64,43.08,16.5,0.0,100,4.5,2026-10-03T03:17:50Z
-1.39,43.08,14.4,0.4,100,1.28,2026-10-03T03:17:50Z
-1.14,43.08,16.4,0.1,100,1.17,2026-10-03T03:17:50Z
-0.89,43.08,15.6,0.0,50,1.17,2026-10-03T03:17:50Z
-0.64,43.08,15.6,0.0,85,0.61,2026-10-03T03:17:50Z
-0.39,43.08,13.5,0.0,20,1.71,2026-10-03T03:17:50Z
-0.14,43.08,14.8,0.0,20,1.56,2026-10-03T03:17:50Z
0.11,43.08,13.5,0.0,25,0.36,2026-10-03T03:17:50Z
0.36,43.08,13.5,0.0,28,0.2,2026-10-03T03:17:50Z
0.61,43.08,14.0,0.0,70,1.96,2026-10-03T03:17:50Z
0.86,43.08,16.2,0.0,55,0.92,2026-10-03T03:17:50Z
1.11,43.08,15.0,0.0,96,0.22,2026-10-03T03:17:50Z
1.36,43.08,14.7,0.0,3,0.41,2026-10-03T03:17:50Z
1.61,43.08,15.2,0.0,0,0.85,2026-10-03T03:17:50Z
1.86,43.08,17.7,0.0,16,3.42,2026-10-03T03:17:50Z
2.11,43.08,18.0,0.0,100,4.0,2026-10-03T03:17:50Z
2.36,43.08,17.7,0.0,100,3.57,2026-10-03T03:17:50Z
2.61,43.08,19.1,0.0,100,1.3,2026-10-03T03:17:50Z
2.86,43.08,19.4,0.8,100,1.42,2026-10-03T03:17:50Z
3.11,43.09,21.2,0.2,100,10.69,2026-10-03T03:17:50Z
3.36,43.08,21.8,0.0,100,10.19,2026-10-03T03:17:50Z
3.61,43.08,22.1,0.0,100,10.96,2026-10-03T03:17:50Z
3.86,43.08,22.0,0.2,100,9.17,2026-10-03T03:17:50Z
4.11,43.08,21.7,0.7,100,6.15,2026-10-03T03:17:50Z
4.36,43.08,21.3,1.0,100,4.91,2026-10-03T03:17:50Z
4.61,43.08,22.5,0.3,100,8.05,2026-10-03T03:17:50Z
4.86,43.08,23.2,0.0,100,9.48,2026-10-03T03:17:50Z
5.11,43.08,23.4,0.0,100,8.79,2026-10-03T03:17:50Z
5.36,43.08,23.4,0.0,100,8.58,2026-10-03T03:17:50Z
5.61,43.08,23.3,0.0,100,7.43,2026-10-03T03:17:50Z
5.86,43.08,21.6,0.0,100,4.18,2026-10-03T03:17:50Z
6.12,43.09,20.4,0.0,100,4.07,2026-10-03T03:17:50Z
6.36,43.09,23.4,0.0,100,7.96,2026-10-03T03:17:50Z
6.61,43.08,24.1,0.0,100,7.41,2026-10-03T03:17:50Z
6.86,43.08,24.0,0.0,100,7.1,2026-10-03T03:17:50Z
7.11,43.08,23.9,0.0,100,6.4,2026-10-03T03:17:50Z
7.36,43.08,23.9,0.0,100,6.86,2026-10-03T03:17:50Z
7.61,43.08,24.0,0.0,97,7.21,2026-10-03T03:17:50Z
7.86,43.08,24.0,0.0,100,7.89,2026-10-03T03:17:50Z
8.11,43.08,24.1,0.0,100,4.85,2026-10-03T03:17:50Z
8.375,43.0625,24.0,0.0,79,4.92,2026-10-03T03:17:50Z
8.625,43.0625,24.3,0.0,68,4.66,2026-10-03T03:17:50Z
8.875,43.0625,24.8,0.0,64,5.65,2026-10-03T03:17:50Z
9.125,43.0625,24.9,0.0,73,5.79,2026-10-03T03:17:50Z
9.375,43.0,23.3,0.0,67,2.3,2026-10-03T03:17:50Z
9.625,43.0625,24.7,0.0,60,5.24,2026-10-03T03:17:50Z
-5.14,43.33,17.0,0.0,100,0.5,2026-10-03T03:17:50Z
-4.89,43.33,13.4,0.0,100,0.3,2026-10-03T03:17:50Z
-4.64,43.33,16.7,0.0,100,0.61,2026-10-03T03:17:50Z
-4.39,43.33,16.3,0.0,100,1.17,2026-10-03T03:17:50Z
-4.14,43.33,15.6,0.0,100,0.3,2026-10-03T03:17:50Z
-3.89,43.33,16.1,0.0,99,0.86,2026-10-03T03:17:50Z
-3.64,43.33,15.2,0.0,100,0.64,2026-10-03T03:17:50Z
-3.39,43.33,15.3,0.0,100,0.5,2026-10-03T03:17:50Z
-3.14,43.33,16.8,0.0,100,1.6,2026-10-03T03:17:50Z
-2.89,43.33,15.1,0.0,100,0.5,2026-10-03T03:17:50Z
-2.64,43.33,15.5,0.0,100,1.04,2026-10-03T03:17:50Z
-2.4,43.32,17.8,0.0,100,0.81,2026-10-03T03:17:50Z
-2.14,43.33,20.2,0.0,94,1.41,2026-10-03T03:17:50Z
-1.89,43.33,17.2,0.0,100,2.16,2026-10-03T03:17:50Z
-1.64,43.33,16.6,0.0,100,0.54,2026-10-03T03:17:50Z
-1.39,43.33,19.0,0.0,82,1.43,2026-10-03T03:17:50Z
-1.14,43.33,14.8,0.0,49,0.81,2026-10-03T03:17:50Z
-0.89,43.33,15.1,0.0,24,1.06,2026-10-03T03:17:50Z
-0.64,43.33,16.2,0.0,32,1.56,2026-10-03T03:17:50Z
-0.39,43.33,17.4,0.0,19,1.3,2026-10-03T03:17:50Z
-0.14,43.34,14.4,0.0,35,1.02,2026-10-03T03:17:50Z
0.12,43.34,13.8,0.0,82,1.32,2026-10-03T03:17:50Z
0.36,43.34,14.8,0.0,86,0.72,2026-10-03T03:17:50Z
0.62,43.34,14.9,0.0,82,0.89,2026-10-03T03:17:50Z
0.86,43.34,16.3,0.0,98,0.86,2026-10-03T03:17:50Z
1.12,43.34,16.8,0.0,99,1.2,2026-10-03T03:17:50Z
1.36,43.34,18.1,0.0,100,2.47,2026-10-03T03:17:50Z
1.62,43.34,17.9,0.1,100,5.22,2026-10-03T03:17:50Z
1.86,43.34,18.2,0.0,100,5.46,2026-10-03T03:17:50Z
2.11,43.33,19.7,0.0,100,6.31,2026-10-03T03:17:50Z
2.36,43.33,18.9,0.2,100,6.71,2026-10-03T03:17:50Z
2.61,43.33,19.4,0.4,100,3.08,2026-10-03T03:17:50Z
2.86,43.33,19.7,0.0,100,4.83,2026-10-03T03:17:50Z
3.11,43.33,19.6,0.0,100,4.53,2026-10-03T03:17:50Z
3.36,43.33,19.4,0.0,100,3.76,2026-10-03T03:17:50Z
3.61,43.33,21.1,0.0,100,7.88,2026-10-03T03:17:50Z
3.86,43.33,21.6,0.0,100,7.39,2026-10-03T03:17:50Z
4.11,43.33,21.8,0.0,100,7.2,2026-10-03T03:17:50Z
4.36,43.33,21.8,0.0,100,6.32,2026-10-03T03:17:50Z
4.61,43.33,21.7,0.0,100,5.59,2026-10-03T03:17:50Z
4.86,43.34,21.4,0.0,100,4.02,2026-10-03T03:17:50Z
5.11,43.33,20.5,0.0,100,2.48,2026-10-03T03:17:50Z
5.36,43.33,21.7,0.0,100,2.35,2026-10-03T03:17:50Z
5.61,43.33,17.3,0.0,100,1.33,2026-10-03T03:17:50Z
5.86,43.33,16.2,0.0,100,2.9,2026-10-03T03:17:50Z
6.11,43.33,16.7,0.0,100,1.43,2026-10-03T03:17:50Z
6.36,43.33,17.3,0.0,100,1.2,2026-10-03T03:17:50Z
6.61,43.33,21.3,0.0,100,2.92,2026-10-03T03:17:50Z
6.86,43.33,24.1,0.0,100,5.74,2026-10-03T03:17:50Z
7.11,43.33,24.2,0.0,100,5.32,2026-10-03T03:17:50Z
7.36,43.33,24.3,0.0,100,7.52,2026-10-03T03:17:50Z
7.61,43.33,24.3,0.0,100,8.1,2026-10-03T03:17:50Z
7.86,43.33,24.3,0.0,100,8.1,2026-10-03T03:17:50Z
8.11,43.33,23.9,0.0,100,7.68,2026-10-03T03:17:50Z
8.375,43.3125,24.1,0.0,75,7.64,2026-10-03T03:17:50Z
8.625,43.3125,24.4,0.0,72,5.16,2026-10-03T03:17:50Z
8.875,43.3125,24.7,0.0,79,4.54,2026-10-03T03:17:50Z
9.125,43.3125,24.6,0.0,74,5.3,2026-10-03T03:17:50Z
9.375,43.3125,24.5,0.0,53,5.84,2026-10-03T03:17:50Z
9.625,43.3125,24.3,0.0,35,6.28,2026-10-03T03:17:50Z
-5.14,43.58,19.8,0.0,100,4.06,2026-10-03T03:17:50Z
-4.89,43.58,20.1,0.0,100,4.11,2026-10-03T03:17:50Z
-4.64,43.58,20.6,0.0,100,4.52,2026-10-03T03:17:50Z
-4.39,43.58,21.2,0.0,100,2.88,2026-10-03T03:17:50Z
-4.14,43.58,21.0,0.0,100,2.64,2026-10-03T03:17:50Z
-3.89,43.58,20.8,0.0,100,3.26,2026-10-03T03:17:50Z
-3.64,43.58,20.2,0.0,100,3.19,2026-10-03T03:17:50Z
-3.39,43.58,20.3,0.0,100,2.94,2026-10-03T03:17:50Z
-3.14,43.58,20.9,0.0,99,2.02,2026-10-03T03:17:50Z
-2.89,43.58,20.8,0.0,100,2.39,2026-10-03T03:17:50Z
-2.64,43.58,21.3,0.0,100,1.61,2026-10-03T03:17:50Z
-2.39,43.58,21.6,0.0,100,4.64,2026-10-03T03:17:50Z
-2.14,43.58,21.5,0.0,100,5.22,2026-10-03T03:17:50Z
-1.89,43.58,21.3,0.0,97,5.95,2026-10-03T03:17:50Z
-1.64,43.58,20.5,0.0,33,4.0,2026-10-03T03:17:50Z
-1.39,43.58,17.5,0.0,26,1.17,2026-10-03T03:17:50Z
-1.14,43.58,16.4,0.0,100,1.26,2026-10-03T03:17:50Z
-0.89,43.58,16.1,0.0,100,0.71,2026-10-03T03:17:50Z
-0.64,43.58,16.7,0.0,9,2.19,2026-10-03T03:17:50Z
-0.38,43.58,14.6,0.0,41,1.13,2026-10-03T03:17:50Z
-0.14,43.58,14.6,0.0,46,0.76,2026-10-03T03:17:50Z
0.12,43.58,16.3,0.0,78,1.24,2026-10-03T03:17:50Z
0.36,43.58,16.7,0.0,88,1.22,2026-10-03T03:17:50Z
0.62,43.58,17.5,0.0,83,2.22,2026-10-03T03:17:50Z
0.86,43.58,17.9,0.0,100,2.83,2026-10-03T03:17:50Z
1.12,43.58,18.3,0.0,100,3.8,2026-10-03T03:17:50Z
1.36,43.58,19.0,0.0,100,1.84,2026-10-03T03:17:50Z
1.62,43.58,17.4,0.0,99,1.21,2026-10-03T03:17:50Z
1.86,43.58,17.0,0.0,95,0.32,2026-10-03T03:17:50Z
2.12,43.58,18.0,0.0,99,0.76,2026-10-03T03:17:50Z
2.36,43.58,19.3,0.0,100,3.01,2026-10-03T03:17:50Z
2.62,43.58,16.1,0.0,100,4.25,2026-10-03T03:17:50Z
2.86,43.56,15.8,0.0,100,2.33,2026-10-03T03:17:50Z
3.1,43.58,18.3,0.0,100,0.58,2026-10-03T03:17:50Z
3.36,43.58,18.7,0.0,100,1.0,2026-10-03T03:17:50Z
3.62,43.58,17.9,0.0,100,1.93,2026-10-03T03:17:50Z
3.86,43.58,19.4,0.0,100,1.58,2026-10-03T03:17:50Z
4.12,43.58,19.5,0.0,100,2.55,2026-10-03T03:17:50Z
4.36,43.58,19.1,0.0,100,2.5,2026-10-03T03:17:50Z
4.62,43.58,19.4,0.0,100,2.28,2026-10-03T03:17:50Z
4.86,43.58,19.2,0.0,100,1.8,2026-10-03T03:17:50Z
5.12,43.58,17.9,0.0,100,1.66,2026-10-03T03:17:50Z
5.36,43.58,17.7,0.0,100,2.37,2026-10-03T03:17:50Z
5.62,43.58,14.6,0.0,100,1.93,2026-10-03T03:17:50Z
5.86,43.58,14.9,0.0,100,1.21,2026-10-03T03:17:50Z
6.12,43.58,16.8,0.0,100,1.06,2026-10-03T03:17:50Z
6.36,43.58,16.0,0.0,100,2.28,2026-10-03T03:17:50Z
6.62,43.58,18.9,0.0,100,2.11,2026-10-03T03:17:50Z
6.86,43.58,18.5,0.0,100,1.73,2026-10-03T03:17:50Z
7.11,43.58,21.2,0.0,100,1.9,2026-10-03T03:17:50Z
7.36,43.58,24.4,0.0,100,2.96,2026-10-03T03:17:50Z
7.61,43.58,24.5,0.0,100,6.12,2026-10-03T03:17:50Z
7.86,43.58,24.4,0.0,100,8.77,2026-10-03T03:17:50Z
8.11,43.58,24.2,0.0,82,8.82,2026-10-03T03:17:50Z
8.375,43.5625,24.0,0.0,73,8.57,2026-10-03T03:17:50Z
8.625,43.5625,24.2,0.0,69,6.66,2026-10-03T03:17:50Z
8.875,43.5625,24.5,0.0,80,4.61,2026-10-03T03:17:50Z
9.125,43.5625,24.3,0.0,73,4.5,2026-10-03T03:17:50Z
9.375,43.5625,23.8,0.0,45,5.0,2026-10-03T03:17:50Z
9.625,43.5625,23.5,0.0,23,6.12,2026-10-03T03:17:50Z
-5.14,43.83,22.2,0.0,100,7.08,2026-10-03T03:17:50Z
-4.89,43.83,22.4,0.0,100,7.91,2026-10-03T03:17:50Z
-4.64,43.83,22.5,0.0,100,7.32,2026-10-03T03:17:50Z
-4.39,43.83,22.6,0.0,100,5.2,2026-10-03T03:17:50Z
-4.14,43.83,22.5,0.0,100,4.92,2026-10-03T03:17:50Z
-3.89,43.83,22.4,0.0,100,4.84,2026-10-03T03:17:50Z
-3.64,43.83,22.3,0.0,100,5.06,2026-10-03T03:17:50Z
-3.39,43.83,22.3,0.0,100,5.1,2026-10-03T03:17:50Z
-3.14,43.83,22.2,0.0,98,5.1,2026-10-03T03:17:50Z
-2.89,43.83,22.1,0.0,100,5.2,2026-10-03T03:17:50Z
-2.64,43.83,22.1,0.0,100,5.28,2026-10-03T03:17:50Z
-2.39,43.83,22.0,0.0,100,7.06,2026-10-03T03:17:50Z
-2.14,43.83,21.8,0.0,78,6.21,2026-10-03T03:17:50Z
-1.89,43.83,21.3,0.0,100,5.37,2026-10-03T03:17:50Z
-1.64,43.83,20.4,0.0,100,4.26,2026-10-03T03:17:50Z
-1.39,43.83,18.6,0.0,100,1.77,2026-10-03T03:17:50Z
-1.14,43.83,17.4,0.0,100,1.0,2026-10-03T03:17:50Z
-0.89,43.83,16.9,0.0,14,0.81,2026-10-03T03:17:50Z
-0.64,43.83,17.2,0.0,21,0.58,2026-10-03T03:17:50Z
-0.38,43.84,17.0,0.0,46,1.5,2026-10-03T03:17:50Z
-0.14,43.84,17.7,0.0,64,1.6,2026-10-03T03:17:50Z
0.12,43.84,17.3,0.0,96,2.2,2026-10-03T03:17:50Z
0.36,43.84,17.4,0.0,96,1.8,2026-10-03T03:17:50Z
0.62,43.84,17.0,0.0,94,1.51,2026-10-03T03:17:50Z
0.86,43.84,17.4,0.0,99,2.61,2026-10-03T03:17:50Z
1.12,43.84,16.4,0.0,100,0.5,2026-10-03T03:17:50Z
1.36,43.84,17.2,0.0,99,0.92,2026-10-03T03:17:50Z
1.62,43.84,18.2,0.0,95,1.84,2026-10-03T03:17:50Z
1.86,43.84,17.7,0.0,100,1.86,2026-10-03T03:17:50Z
2.12,43.84,17.6,0.0,100,1.0,2026-10-03T03:17:50Z
2.36,43.84,17.8,0.1,100,2.44,2026-10-03T03:17:50Z
2.6,43.82,15.1,0.0,100,2.47,2026-10-03T03:17:50Z
2.86,43.84,17.6,0.0,100,2.6,2026-10-03T03:17:50Z
3.12,43.84,16.4,0.0,100,2.72,2026-10-03T03:17:50Z
3.36,43.84,14.9,0.0,100,3.9,2026-10-03T03:17:50Z
3.62,43.82,18.1,0.0,100,1.17,2026-10-03T03:17:50Z
3.86,43.84,18.1,0.0,100,2.33,2026-10-03T03:17:50Z
4.12,43.84,18.6,0.0,100,1.39,2026-10-03T03:17:50Z
4.36,43.84,18.9,0.0,100,1.61,2026-10-03T03:17:50Z
4.62,43.84,18.1,0.0,100,1.39,2026-10-03T03:17:50Z
4.86,43.84,17.0,0.0,100,1.22,2026-10-03T03:17:50Z
5.12,43.82,19.6,0.0,100,2.82,2026-10-03T03:17:50Z
5.36,43.84,18.5,0.0,100,1.8,2026-10-03T03:17:50Z
5.62,43.82,15.6,0.0,100,1.36,2026-10-03T03:17:50Z
5.86,43.84,14.8,0.0,100,1.43,2026-10-03T03:17:50Z
6.12,43.84,14.7,0.0,100,1.56,2026-10-03T03:17:50Z
6.36,43.84,11.4,0.0,100,3.32,2026-10-03T03:17:50Z
6.62,43.82,12.5,0.0,100,2.97,2026-10-03T03:17:50Z
6.86,43.84,13.3,0.0,99,1.43,2026-10-03T03:17:50Z
7.1,43.82,15.1,0.0,100,2.62,2026-10-03T03:17:50Z
7.36,43.84,17.4,0.0,100,2.14,2026-10-03T03:17:50Z
7.64,43.86,16.6,0.0,100,1.97,2026-10-03T03:17:50Z
7.86,43.84,20.7,0.0,96,2.69,2026-10-03T03:17:50Z
8.12,43.84,24.5,0.0,93,4.82,2026-10-03T03:17:50Z
8.36,43.84,24.2,0.0,97,7.52,2026-10-03T03:17:50Z
8.62,43.84,23.4,0.0,88,6.6,2026-10-03T03:17:50Z
8.86,43.84,23.8,0.0,60,3.31,2026-10-03T03:17:50Z
9.12,43.84,24.3,0.0,5,3.5,2026-10-03T03:17:50Z
9.36,43.84,24.1,0.0,0,3.95,2026-10-03T03:17:50Z
9.62,43.84,23.5,0.0,0,3.93,2026-10-03T03:17:50Z
-5.14,44.08,22.1,0.0,100,8.12,2026-10-03T03:17:50Z
-4.89,44.08,22.2,0.0,100,8.19,2026-10-03T03:17:50Z
-4.64,44.08,22.4,0.0,100,7.18,2026-10-03T03:17:50Z
-4.39,44.08,22.4,0.0,100,6.28,2026-10-03T03:17:50Z
-4.14,44.08,22.4,0.0,100,5.79,2026-10-03T03:17:50Z
-3.89,44.08,22.5,0.0,100,5.54,2026-10-03T03:17:50Z
-3.64,44.08,22.5,0.0,100,5.7,2026-10-03T03:17:50Z
-3.39,44.08,22.4,0.0,100,5.36,2026-10-03T03:17:50Z
-3.14,44.08,22.4,0.0,100,5.54,2026-10-03T03:17:50Z
-2.89,44.08,22.4,0.0,100,5.89,2026-10-03T03:17:50Z
-2.64,44.08,22.2,0.0,100,5.19,2026-10-03T03:17:50Z
-2.39,44.08,21.9,0.0,100,4.73,2026-10-03T03:17:50Z
-2.14,44.08,21.8,0.0,100,4.36,2026-10-03T03:17:50Z
-1.89,44.08,21.6,0.0,92,3.73,2026-10-03T03:17:50Z
-1.64,44.08,20.8,0.0,87,3.24,2026-10-03T03:17:50Z
-1.39,44.08,19.5,0.0,100,1.8,2026-10-03T03:17:50Z
-1.14,44.08,17.4,0.0,60,0.5,2026-10-03T03:17:50Z
-0.89,44.08,16.8,0.0,22,1.2,2026-10-03T03:17:50Z
-0.64,44.08,16.7,0.0,8,0.58,2026-10-03T03:17:50Z
-0.38,44.08,16.8,0.0,75,1.1,2026-10-03T03:17:50Z
-0.14,44.08,17.4,0.0,91,1.04,2026-10-03T03:17:50Z
0.12,44.08,17.4,0.0,92,1.0,2026-10-03T03:17:50Z
0.36,44.08,16.7,0.0,96,0.57,2026-10-03T03:17:50Z
0.62,44.08,17.0,0.0,89,1.22,2026-10-03T03:17:50Z
0.86,44.08,16.5,0.0,83,0.82,2026-10-03T03:17:50Z
1.12,44.08,16.6,0.0,85,0.64,2026-10-03T03:17:50Z
1.36,44.08,18.3,0.0,94,1.3,2026-10-03T03:17:50Z
1.62,44.08,18.6,0.0,99,1.41,2026-10-03T03:17:50Z
1.86,44.08,18.0,0.0,100,2.16,2026-10-03T03:17:50Z
2.12,44.08,17.9,0.1,100,1.53,2026-10-03T03:17:50Z
2.36,44.08,17.3,0.0,100,2.94,2026-10-03T03:17:50Z
2.62,44.08,16.1,0.0,100,5.7,2026-10-03T03:17:50Z
2.86,44.08,17.1,0.0,100,3.71,2026-10-03T03:17:50Z
3.12,44.08,15.2,0.0,100,1.9,2026-10-03T03:17:50Z
3.36,44.08,14.9,0.0,100,1.22,2026-10-03T03:17:50Z
3.64,44.1,15.6,0.0,100,1.14,2026-10-03T03:17:50Z
3.86,44.08,15.5,0.0,100,1.28,2026-10-03T03:17:50Z
4.12,44.08,17.2,0.0,100,2.06,2026-10-03T03:17:50Z
4.36,44.08,17.6,0.0,100,2.14,2026-10-03T03:17:50Z
4.62,44.08,17.4,0.0,100,0.98,2026-10-03T03:17:50Z
4.86,44.08,17.1,0.0,100,1.78,2026-10-03T03:17:50Z
5.12,44.08,16.6,0.0,100,1.55,2026-10-03T03:17:50Z
5.36,44.08,14.7,0.0,100,1.61,2026-10-03T03:17:50Z
5.62,44.08,14.2,0.0,100,1.71,2026-10-03T03:17:50Z
5.84,44.08,15.4,0.0,100,1.96,2026-10-03T03:17:50Z
6.12,44.08,15.9,0.0,95,1.8,2026-10-03T03:17:50Z
6.36,44.06,12.1,0.0,100,1.96,2026-10-03T03:17:50Z
6.6,44.08,10.0,0.0,99,2.06,2026-10-03T03:17:50Z
6.86,44.08,14.0,0.0,99,0.64,2026-10-03T03:17:50Z
7.12,44.06,15.4,0.0,99,0.64,2026-10-03T03:17:50Z
7.34,44.1,8.4,0.0,98,0.58,2026-10-03T03:17:50Z
7.62,44.08,11.8,0.0,99,1.48,2026-10-03T03:17:50Z
7.86,44.08,15.7,0.0,96,2.98,2026-10-03T03:17:50Z
8.1,44.1,19.9,0.0,86,2.96,2026-10-03T03:17:50Z
8.36,44.08,24.1,0.0,70,5.71,2026-10-03T03:17:50Z
8.62,44.08,22.9,0.0,65,7.18,2026-10-03T03:17:50Z
8.86,44.08,23.0,0.0,22,5.02,2026-10-03T03:17:50Z
9.12,44.08,24.1,0.0,0,3.26,2026-10-03T03:17:50Z
9.36,44.08,23.7,0.0,0,3.3,2026-10-03T03:17:50Z
9.62,44.08,23.1,0.0,0,0.73,2026-10-03T03:17:50Z
-5.14,44.33,21.7,0.0,100,8.77,2026-10-03T03:17:50Z
-4.89,44.33,21.9,0.0,100,8.63,2026-10-03T03:17:50Z
-4.64,44.33,22.1,0.0,100,8.12,2026-10-03T03:17:50Z
-4.39,44.33,22.2,0.0,100,7.34,2026-10-03T03:17:50Z
-4.14,44.33,22.2,0.0,100,6.67,2026-10-03T03:17:50Z
-3.89,44.33,22.3,0.0,100,6.25,2026-10-03T03:17:50Z
-3.64,44.33,22.2,0.0,100,5.0,2026-10-03T03:17:50Z
-3.39,44.33,22.2,0.0,100,4.72,2026-10-03T03:17:50Z
-3.14,44.33,22.3,0.0,100,4.3,2026-10-03T03:17:50Z
-2.89,44.33,22.1,0.0,100,3.54,2026-10-03T03:17:50Z
-2.64,44.33,22.0,0.0,100,3.32,2026-10-03T03:17:50Z
-2.39,44.33,21.7,0.0,91,3.5,2026-10-03T03:17:50Z
-2.14,44.33,21.6,0.0,100,3.11,2026-10-03T03:17:50Z
-1.89,44.33,21.5,0.0,100,3.35,2026-10-03T03:17:50Z
-1.64,44.33,21.1,0.0,100,2.94,2026-10-03T03:17:50Z
-1.39,44.33,20.4,0.0,99,2.77,2026-10-03T03:17:50Z
-1.14,44.33,17.6,0.0,50,1.75,2026-10-03T03:17:50Z
-0.89,44.33,17.2,0.0,38,1.17,2026-10-03T03:17:50Z
-0.64,44.33,16.5,0.0,92,0.51,2026-10-03T03:17:50Z
-0.38,44.34,16.9,0.0,77,1.02,2026-10-03T03:17:50Z
-0.14,44.34,18.1,0.0,100,1.24,2026-10-03T03:17:50Z
0.12,44.34,18.1,0.0,97,1.2,2026-10-03T03:17:50Z
0.36,44.34,16.8,0.0,91,1.35,2026-10-03T03:17:50Z
0.62,44.34,17.4,0.0,89,1.68,2026-10-03T03:17:50Z
0.86,44.34,17.6,0.0,81,1.3,2026-10-03T03:17:50Z
1.12,44.34,17.6,0.0,99,1.82,2026-10-03T03:17:50Z
1.36,44.34,17.9,0.5,100,1.96,2026-10-03T03:17:50Z
1.62,44.34,17.5,0.0,100,1.75,2026-10-03T03:17:50Z
1.86,44.34,17.6,0.3,100,1.6,2026-10-03T03:17:50Z
2.12,44.34,17.3,0.0,100,3.4,2026-10-03T03:17:50Z
2.36,44.34,16.2,0.3,100,1.8,2026-10-03T03:17:50Z
2.62,44.34,16.3,0.0,100,1.51,2026-10-03T03:17:50Z
2.86,44.34,14.8,0.0,100,2.28,2026-10-03T03:17:50Z
3.1,44.34,15.4,0.0,100,3.11,2026-10-03T03:17:50Z
3.38,44.34,16.0,0.0,100,1.63,2026-10-03T03:17:50Z
3.62,44.34,13.0,0.0,100,1.55,2026-10-03T03:17:50Z
3.86,44.32,13.8,0.0,100,1.8,2026-10-03T03:17:50Z
4.12,44.34,15.3,0.0,100,1.0,2026-10-03T03:17:50Z
4.36,44.34,15.7,0.0,100,1.72,2026-10-03T03:17:50Z
4.62,44.34,17.9,0.0,100,2.51,2026-10-03T03:17:50Z
4.86,44.34,16.2,0.0,100,1.0,2026-10-03T03:17:50Z
5.12,44.34,17.5,0.0,100,2.06,2026-10-03T03:17:50Z
5.34,44.32,14.4,0.0,92,1.7,2026-10-03T03:17:50Z
5.62,44.34,12.4,0.0,84,1.0,2026-10-03T03:17:50Z
5.86,44.34,15.5,0.0,84,0.63,2026-10-03T03:17:50Z
6.12,44.32,13.8,0.0,99,1.35,2026-10-03T03:17:50Z
6.36,44.34,11.1,0.0,98,1.6,2026-10-03T03:17:50Z
6.62,44.34,11.3,0.0,92,2.04,2026-10-03T03:17:50Z
6.86,44.34,7.2,0.0,99,0.32,2026-10-03T03:17:50Z
7.12,44.32,8.7,0.0,99,0.36,2026-10-03T03:17:50Z
7.36,44.34,13.4,0.0,100,0.3,2026-10-03T03:17:50Z
7.62,44.34,16.6,0.0,99,0.73,2026-10-03T03:17:50Z
7.86,44.34,15.1,0.0,90,1.4,2026-10-03T03:17:50Z
8.12,44.34,14.2,0.0,98,1.7,2026-10-03T03:17:50Z
8.36,44.34,16.9,0.0,94,4.24,2026-10-03T03:17:50Z
8.62,44.34,23.2,0.0,30,1.75,2026-10-03T03:17:50Z
8.86,44.34,21.9,0.0,1,5.46,2026-10-03T03:17:50Z
9.14,44.36,21.4,0.0,0,3.49,2026-10-03T03:17:50Z
9.34,44.32,18.0,0.0,0,2.44,2026-10-03T03:17:50Z
9.6,44.34,15.3,0.0,0,1.98,2026-10-03T03:17:50Z
-5.14,44.58,21.3,0.0,100,8.1,2026-10-03T03:17:50Z
-4.89,44.58,21.7,0.0,100,8.81,2026-10-03T03:17:50Z
-4.64,44.58,21.8,0.0,100,8.43,2026-10-03T03:17:50Z
-4.39,44.58,21.8,0.0,100,7.95,2026-10-03T03:17:50Z
-4.14,44.58,22.0,0.0,100,7.31,2026-10-03T03:17:50Z
-3.89,44.58,22.1,0.0,100,6.91,2026-10-03T03:17:50Z
-3.64,44.58,22.1,0.0,100,6.06,2026-10-03T03:17:50Z
-3.39,44.58,22.2,0.0,100,4.81,2026-10-03T03:17:50Z
-3.14,44.58,22.2,0.0,100,4.44,2026-10-03T03:17:50Z
-2.89,44.58,22.2,0.0,100,4.47,2026-10-03T03:17:50Z
-2.64,44.58,21.9,0.0,100,4.0,2026-10-03T03:17:50Z
-2.39,44.58,21.4,0.0,100,4.0,2026-10-03T03:17:50Z
-2.14,44.58,21.3,0.0,100,4.53,2026-10-03T03:17:50Z
-1.89,44.58,21.1,0.0,100,4.22,2026-10-03T03:17:50Z
-1.64,44.58,20.6,0.0,100,3.98,2026-10-03T03:17:50Z
-1.39,44.58,20.4,0.0,80,4.11,2026-10-03T03:17:50Z
-1.14,44.58,18.4,0.0,83,1.48,2026-10-03T03:17:50Z
-0.89,44.58,18.0,0.0,41,0.61,2026-10-03T03:17:50Z
-0.64,44.58,19.0,0.0,42,2.2,2026-10-03T03:17:50Z
-0.38,44.58,17.5,0.0,83,0.95,2026-10-03T03:17:50Z
-0.14,44.58,18.6,0.0,99,1.43,2026-10-03T03:17:50Z
0.12,44.58,18.5,0.0,89,1.61,2026-10-03T03:17:50Z
0.36,44.58,18.0,0.0,92,1.41,2026-10-03T03:17:50Z
0.62,44.58,18.6,0.0,91,1.6,2026-10-03T03:17:50Z
0.86,44.58,18.1,0.0,86,1.41,2026-10-03T03:17:50Z
1.12,44.58,17.4,0.0,96,1.6,2026-10-03T03:17:50Z
1.36,44.58,17.8,0.0,100,1.55,2026-10-03T03:17:50Z
1.62,44.58,17.5,0.0,98,1.79,2026-10-03T03:17:50Z
1.86,44.58,16.9,0.0,100,1.58,2026-10-03T03:17:50Z
2.12,44.58,15.9,0.0,100,1.58,2026-10-03T03:17:50Z
2.36,44.58,17.0,0.0,100,2.67,2026-10-03T03:17:50Z
2.62,44.58,15.6,0.0,100,1.12,2026-10-03T03:17:50Z
2.86,44.58,15.6,0.0,100,3.05,2026-10-03T03:17:50Z
3.12,44.58,12.0,0.0,99,4.1,2026-10-03T03:17:50Z
3.36,44.58,12.4,0.0,100,1.61,2026-10-03T03:17:50Z
3.62,44.58,11.4,0.0,100,1.58,2026-10-03T03:17:50Z
3.86,44.58,11.4,0.0,100,1.91,2026-10-03T03:17:50Z
4.1,44.6,13.1,0.0,100,1.03,2026-10-03T03:17:50Z
4.36,44.58,16.1,0.0,100,1.56,2026-10-03T03:17:50Z
4.62,44.58,16.8,0.0,100,2.28,2026-10-03T03:17:50Z
4.86,44.58,15.6,0.0,100,1.0,2026-10-03T03:17:50Z
5.12,44.58,14.3,0.0,100,1.0,2026-10-03T03:17:50Z
5.38,44.58,12.7,0.0,97,0.73,2026-10-03T03:17:50Z
5.62,44.6,11.7,0.0,100,1.53,2026-10-03T03:17:50Z
5.86,44.58,12.9,0.0,99,1.81,2026-10-03T03:17:50Z
6.12,44.58,13.7,0.0,90,0.91,2026-10-03T03:17:50Z
6.36,44.58,10.7,0.0,100,1.25,2026-10-03T03:17:50Z
6.62,44.6,7.5,0.0,100,1.99,2026-10-03T03:17:50Z
6.84,44.58,5.8,0.0,95,1.75,2026-10-03T03:17:50Z
7.12,44.58,12.6,0.0,99,0.2,2026-10-03T03:17:50Z
7.38,44.56,13.9,0.0,100,1.22,2026-10-03T03:17:50Z
7.62,44.58,16.1,0.0,94,0.73,2026-10-03T03:17:50Z
7.86,44.58,14.8,0.0,89,0.6,2026-10-03T03:17:50Z
8.12,44.58,14.6,0.0,79,1.53,2026-10-03T03:17:50Z
8.36,44.58,11.8,0.0,52,0.58,2026-10-03T03:17:50Z
8.6,44.58,9.1,0.0,90,0.54,2026-10-03T03:17:50Z
8.86,44.58,12.0,0.0,28,1.72,2026-10-03T03:17:50Z
9.12,44.56,11.2,0.0,10,3.19,2026-10-03T03:17:50Z
9.36,44.58,10.1,0.0,0,2.97,2026-10-03T03:17:50Z
9.62,44.56,10.2,0.0,0,2.24,2026-10-03T03:17:50Z
-5.14,44.83,21.1,0.0,100,7.36,2026-10-03T03:17:50Z
-4.89,44.83,21.2,0.0,100,8.18,2026-10-03T03:17:50Z
-4.64,44.83,21.6,0.0,100,7.89,2026-10-03T03:17:50Z
-4.39,44.83,21.6,0.0,100,7.61,2026-10-03T03:17:50Z
-4.14,44.83,21.8,0.0,100,7.84,2026-10-03T03:17:50Z
-3.89,44.83,21.8,0.0,100,7.75,2026-10-03T03:17:50Z
-3.64,44.83,21.8,0.0,100,7.18,2026-10-03T03:17:50Z
-3.39,44.83,21.7,0.0,100,6.75,2026-10-03T03:17:50Z
-3.14,44.83,21.6,0.0,100,6.16,2026-10-03T03:17:50Z
-2.89,44.83,21.4,0.0,100,6.39,2026-10-03T03:17:50Z
-2.64,44.83,21.2,0.0,100,6.04,2026-10-03T03:17:50Z
-2.39,44.83,20.9,0.0,100,5.74,2026-10-03T03:17:50Z
-2.14,44.83,20.8,0.0,100,5.63,2026-10-03T03:17:50Z
-1.89,44.83,20.8,0.0,100,5.41,2026-10-03T03:17:50Z
-1.64,44.83,20.4,0.0,100,5.19,2026-10-03T03:17:50Z
-1.39,44.83,19.5,0.0,100,3.8,2026-10-03T03:17:50Z
-1.14,44.83,17.1,0.0,67,1.3,2026-10-03T03:17:50Z
-0.89,44.83,17.2,0.0,99,1.56,2026-10-03T03:17:50Z
-0.64,44.83,18.9,0.0,100,1.98,2026-10-03T03:17:50Z
-0.38,44.84,17.9,0.0,90,1.14,2026-10-03T03:17:50Z
-0.14,44.84,18.0,0.3,99,1.82,2026-10-03T03:17:50Z
0.12,44.84,18.8,0.0,99,1.61,2026-10-03T03:17:50Z
0.36,44.84,16.9,0.0,100,1.2,2026-10-03T03:17:50Z
0.62,44.84,17.0,0.9,100,1.63,2026-10-03T03:17:50Z
0.86,44.84,16.7,0.1,98,0.92,2026-10-03T03:17:50Z
1.12,44.84,17.1,0.0,95,0.8,2026-10-03T03:17:50Z
1.36,44.84,16.6,0.3,100,1.14,2026-10-03T03:17:50Z
1.62,44.84,17.0,0.0,100,0.92,2026-10-03T03:17:50Z
1.86,44.84,17.8,0.0,100,0.99,2026-10-03T03:17:50Z
2.12,44.84,15.9,0.0,100,2.22,2026-10-03T03:17:50Z
2.36,44.84,14.2,0.0,100,0.94,2026-10-03T03:17:50Z
2.62,44.84,17.1,0.0,100,1.4,2026-10-03T03:17:50Z
2.86,44.84,13.9,0.0,100,1.1,2026-10-03T03:17:50Z
3.12,44.84,12.8,0.0,93,1.0,2026-10-03T03:17:50Z
3.36,44.84,12.5,0.0,89,1.65,2026-10-03T03:17:50Z
3.62,44.84,11.2,0.0,97,1.62,2026-10-03T03:17:50Z
3.86,44.84,11.2,0.0,97,1.0,2026-10-03T03:17:50Z
4.12,44.84,12.3,0.0,98,3.4,2026-10-03T03:17:50Z
4.36,44.82,13.0,0.0,96,1.75,2026-10-03T03:17:50Z
4.62,44.84,14.5,0.0,99,1.43,2026-10-03T03:17:50Z
4.86,44.84,15.8,0.0,100,0.78,2026-10-03T03:17:50Z
5.12,44.84,14.9,0.0,100,2.01,2026-10-03T03:17:50Z
5.36,44.84,12.4,0.0,100,1.43,2026-10-03T03:17:50Z
5.62,44.84,13.7,0.0,100,0.67,2026-10-03T03:17:50Z
5.86,44.84,14.2,0.0,100,0.94,2026-10-03T03:17:50Z
6.12,44.84,8.5,0.0,100,0.81,2026-10-03T03:17:50Z
6.38,44.84,7.6,0.0,100,1.04,2026-10-03T03:17:50Z
6.64,44.86,7.4,0.0,97,2.51,2026-10-03T03:17:50Z
6.88,44.86,4.4,0.0,98,1.66,2026-10-03T03:17:50Z
7.12,44.82,11.1,0.0,97,0.45,2026-10-03T03:17:50Z
7.36,44.84,15.7,0.0,96,0.81,2026-10-03T03:17:50Z
7.62,44.84,16.5,0.0,84,0.72,2026-10-03T03:17:50Z
7.86,44.84,15.6,0.0,82,0.63,2026-10-03T03:17:50Z
8.12,44.84,13.9,0.0,65,0.2,2026-10-03T03:17:50Z
8.36,44.84,14.3,0.0,51,0.32,2026-10-03T03:17:50Z
8.62,44.84,11.7,0.0,100,0.51,2026-10-03T03:17:50Z
8.86,44.84,11.9,0.0,69,1.61,2026-10-03T03:17:50Z
9.12,44.84,12.5,0.0,19,1.7,2026-10-03T03:17:50Z
9.36,44.84,12.4,0.0,0,2.69,2026-10-03T03:17:50Z
9.62,44.82,11.6,0.0,0,1.7,2026-10-03T03:17:50Z
-5.14,45.08,20.9,0.0,100,6.38,2026-10-03T03:17:50Z
-4.89,45.08,21.0,0.0,100,6.45,2026-10-03T03:17:50Z
-4.64,45.08,21.1,0.0,100,7.93,2026-10-03T03:17:50Z
-4.39,45.08,21.4,0.0,100,7.79,2026-10-03T03:17:50Z
-4.14,45.08,21.4,0.0,100,9.0,2026-10-03T03:17:50Z
-3.89,45.08,21.3,0.0,100,8.85,2026-10-03T03:17:50Z
-3.64,45.08,21.3,0.0,100,8.01,2026-10-03T03:17:50Z
-3.39,45.08,21.3,0.0,100,7.54,2026-10-03T03:17:50Z
-3.14,45.08,21.1,0.0,100,7.12,2026-10-03T03:17:50Z
-2.89,45.08,20.9,0.0,100,6.58,2026-10-03T03:17:50Z
-2.64,45.08,20.6,0.0,100,6.61,2026-10-03T03:17:50Z
-2.39,45.08,20.4,0.0,100,6.56,2026-10-03T03:17:50Z
-2.14,45.08,20.3,0.0,100,5.96,2026-10-03T03:17:50Z
-1.89,45.08,20.3,0.0,62,5.44,2026-10-03T03:17:50Z
-1.64,45.08,20.2,0.0,100,5.25,2026-10-03T03:17:50Z
-1.39,45.08,19.6,0.0,100,3.84,2026-10-03T03:17:50Z
-1.14,45.07,18.0,0.0,89,1.8,2026-10-03T03:17:50Z
-0.89,45.08,17.2,0.0,99,1.77,2026-10-03T03:17:50Z
-0.64,45.08,19.7,0.0,91,1.66,2026-10-03T03:17:50Z
-0.38,45.08,18.6,0.0,100,1.53,2026-10-03T03:17:50Z
-0.14,45.08,18.5,0.0,99,1.2,2026-10-03T03:17:50Z
0.12,45.08,19.0,0.0,100,1.43,2026-10-03T03:17:50Z
0.36,45.08,17.5,0.0,94,1.36,2026-10-03T03:17:50Z
0.62,45.08,17.6,0.0,98,1.24,2026-10-03T03:17:50Z
0.86,45.08,17.0,0.0,96,0.63,2026-10-03T03:17:50Z
1.12,45.08,16.4,0.0,100,0.98,2026-10-03T03:17:50Z
1.36,45.08,17.8,0.0,100,1.36,2026-10-03T03:17:50Z
1.62,45.08,17.3,0.0,97,1.32,2026-10-03T03:17:50Z
1.86,45.08,16.5,0.0,100,0.95,2026-10-03T03:17:50Z
2.12,45.08,14.6,0.0,100,1.7,2026-10-03T03:17:50Z
2.36,45.08,13.7,0.0,100,1.32,2026-10-03T03:17:50Z
2.62,45.08,12.4,0.0,100,1.8,2026-10-03T03:17:50Z
2.84,45.1,12.6,0.0,100,0.22,2026-10-03T03:17:50Z
3.12,45.08,13.8,0.0,100,0.61,2026-10-03T03:17:50Z
3.36,45.08,12.0,0.0,96,1.68,2026-10-03T03:17:50Z
3.62,45.08,12.7,0.0,87,2.24,2026-10-03T03:17:50Z
3.86,45.08,10.8,0.0,100,0.28,2026-10-03T03:17:50Z
4.12,45.08,10.7,0.0,100,1.4,2026-10-03T03:17:50Z
4.36,45.08,12.2,0.0,95,2.19,2026-10-03T03:17:50Z
4.62,45.08,14.4,0.0,98,1.43,2026-10-03T03:17:50Z
4.86,45.08,15.7,0.0,100,1.65,2026-10-03T03:17:50Z
5.12,45.08,15.6,0.0,100,0.14,2026-10-03T03:17:50Z
5.36,45.1,16.3,0.0,100,0.64,2026-10-03T03:17:50Z
5.62,45.08,9.7,1.3,100,0.82,2026-10-03T03:17:50Z
5.86,45.1,11.8,0.3,100,1.17,2026-10-03T03:17:50Z
6.12,45.08,10.2,0.1,100,0.81,2026-10-03T03:17:50Z
6.38,45.1,5.7,0.0,89,1.39,2026-10-03T03:17:50Z
6.64,45.06,8.0,0.0,81,0.92,2026-10-03T03:17:50Z
6.86,45.06,9.1,0.0,100,1.49,2026-10-03T03:17:50Z
7.1,45.08,6.7,0.0,88,0.73,2026-10-03T03:17:50Z
7.36,45.08,16.3,0.0,86,1.24,2026-10-03T03:17:50Z
7.62,45.08,17.5,0.0,75,0.73,2026-10-03T03:17:50Z
7.86,45.08,16.3,0.0,86,0.45,2026-10-03T03:17:50Z
8.12,45.08,14.7,0.0,71,1.51,2026-10-03T03:17:50Z
8.36,45.08,13.6,0.0,66,0.89,2026-10-03T03:17:50Z
8.62,45.08,12.2,0.0,69,0.41,2026-10-03T03:17:50Z
8.86,45.08,11.9,0.0,48,0.22,2026-10-03T03:17:50Z
9.12,45.08,11.5,0.0,64,0.64,2026-10-03T03:17:50Z
9.36,45.08,11.5,0.0,2,0.5,2026-10-03T03:17:50Z
9.62,45.08,11.9,0.0,0,0.67,2026-10-03T03:17:50Z
-5.14,45.33,20.9,0.0,100,6.46,2026-10-03T03:17:50Z
-4.89,45.33,21.1,0.0,100,5.31,2026-10-03T03:17:50Z
-4.64,45.33,21.0,0.0,100,5.3,2026-10-03T03:17:50Z
-4.39,45.33,21.3,0.0,100,7.76,2026-10-03T03:17:50Z
-4.14,45.33,21.0,0.0,100,8.42,2026-10-03T03:17:50Z
-3.89,45.33,20.9,0.0,100,8.07,2026-10-03T03:17:50Z
-3.64,45.33,20.9,0.0,100,7.81,2026-10-03T03:17:50Z
-3.39,45.33,20.7,0.0,100,7.56,2026-10-03T03:17:50Z
-3.14,45.33,20.6,0.0,100,7.02,2026-10-03T03:17:50Z
-2.89,45.33,20.5,0.0,100,6.52,2026-10-03T03:17:50Z
-2.64,45.33,20.2,0.0,100,6.95,2026-10-03T03:17:50Z
-2.39,45.33,20.0,0.0,100,6.82,2026-10-03T03:17:50Z
-2.14,45.33,19.9,0.0,100,6.2,2026-10-03T03:17:50Z
-1.89,45.33,19.8,0.0,100,5.2,2026-10-03T03:17:50Z
-1.64,45.33,19.7,0.0,97,4.83,2026-10-03T03:17:50Z
-1.39,45.33,19.3,0.0,100,4.02,2026-10-03T03:17:50Z
-1.14,45.33,16.6,0.0,45,0.92,2026-10-03T03:17:50Z
-0.89,45.33,15.5,0.0,54,1.08,2026-10-03T03:17:50Z
-0.64,45.34,18.6,0.0,89,2.1,2026-10-03T03:17:50Z
-0.38,45.34,18.1,0.0,99,1.39,2026-10-03T03:17:50Z
-0.14,45.34,18.1,0.0,99,1.21,2026-10-03T03:17:50Z
0.12,45.34,18.3,0.0,98,0.92,2026-10-03T03:17:50Z
0.36,45.34,18.7,0.0,98,1.39,2026-10-03T03:17:50Z
0.62,45.34,16.9,0.0,95,0.94,2026-10-03T03:17:50Z
0.86,45.34,16.9,0.0,99,0.78,2026-10-03T03:17:50Z
1.12,45.34,17.3,0.0,92,1.36,2026-10-03T03:17:50Z
1.36,45.34,16.5,0.0,97,1.64,2026-10-03T03:17:50Z
1.62,45.34,15.8,0.0,96,1.2,2026-10-03T03:17:50Z
1.86,45.34,15.0,0.0,99,2.06,2026-10-03T03:17:50Z
2.12,45.34,14.3,0.0,99,0.92,2026-10-03T03:17:50Z
2.36,45.34,13.2,0.0,100,0.72,2026-10-03T03:17:50Z
2.62,45.34,14.2,0.0,100,2.75,2026-10-03T03:17:50Z
2.86,45.34,13.4,0.0,100,2.76,2026-10-03T03:17:50Z
3.12,45.34,13.9,0.0,100,1.04,2026-10-03T03:17:50Z
3.36,45.34,13.8,0.0,100,0.58,2026-10-03T03:17:50Z
3.62,45.34,12.1,0.0,97,1.64,2026-10-03T03:17:50Z
3.86,45.34,12.5,0.0,93,0.76,2026-10-03T03:17:50Z
4.12,45.34,12.5,0.0,92,0.71,2026-10-03T03:17:50Z
4.36,45.34,11.7,0.0,94,1.48,2026-10-03T03:17:50Z
4.62,45.34,14.6,0.0,85,2.02,2026-10-03T03:17:50Z
4.86,45.34,14.7,0.0,94,0.4,2026-10-03T03:17:50Z
5.12,45.34,14.3,0.3,100,0.73,2026-10-03T03:17:50Z
5.36,45.34,15.0,0.0,100,1.3,2026-10-03T03:17:50Z
5.6,45.34,16.9,0.1,100,1.22,2026-10-03T03:17:50Z
5.86,45.36,12.3,0.3,100,1.24,2026-10-03T03:17:50Z
6.12,45.34,11.8,0.1,100,0.71,2026-10-03T03:17:50Z
6.36,45.36,12.3,0.0,92,0.57,2026-10-03T03:17:50Z
6.62,45.32,3.5,0.0,25,2.46,2026-10-03T03:17:50Z
6.86,45.34,3.6,0.0,62,1.06,2026-10-03T03:17:50Z
7.1,45.34,0.2,0.0,83,2.77,2026-10-03T03:17:50Z
7.34,45.32,12.0,0.0,93,0.14,2026-10-03T03:17:50Z
7.6,45.34,15.1,0.0,62,1.56,2026-10-03T03:17:50Z
7.86,45.34,14.9,0.0,85,0.91,2026-10-03T03:17:50Z
8.12,45.34,13.6,0.0,60,1.36,2026-10-03T03:17:50Z
8.36,45.34,12.4,0.0,53,1.36,2026-10-03T03:17:50Z
8.62,45.34,13.8,0.0,75,1.42,2026-10-03T03:17:50Z
8.86,45.34,13.7,0.0,72,1.39,2026-10-03T03:17:50Z
9.12,45.34,13.5,0.0,47,1.77,2026-10-03T03:17:50Z
9.36,45.34,13.3,0.0,69,1.58,2026-10-03T03:17:50Z
9.62,45.34,11.9,0.0,8,1.39,2026-10-03T03:17:50Z
-5.14,45.58,20.9,0.0,100,6.62,2026-10-03T03:17:50Z
-4.89,45.58,21.0,0.0,100,5.89,2026-10-03T03:17:50Z
-4.64,45.58,21.2,0.0,100,5.94,2026-10-03T03:17:50Z
-4.39,45.58,20.9,0.0,100,6.58,2026-10-03T03:17:50Z
-4.14,45.58,20.8,0.0,100,6.91,2026-10-03T03:17:50Z
-3.89,45.58,20.8,0.0,100,7.45,2026-10-03T03:17:50Z
-3.64,45.58,20.7,0.0,100,7.67,2026-10-03T03:17:50Z
-3.39,45.58,20.4,0.0,100,6.9,2026-10-03T03:17:50Z
-3.14,45.58,20.4,0.0,100,7.16,2026-10-03T03:17:50Z
-2.89,45.58,20.1,0.0,100,7.49,2026-10-03T03:17:50Z
-2.64,45.58,19.8,0.0,100,7.07,2026-10-03T03:17:50Z
-2.39,45.58,19.6,0.0,100,6.57,2026-10-03T03:17:50Z
-2.14,45.58,19.5,0.0,100,6.26,2026-10-03T03:17:50Z
-1.89,45.58,19.2,0.0,100,5.52,2026-10-03T03:17:50Z
-1.64,45.58,18.9,0.0,95,4.49,2026-10-03T03:17:50Z
-1.39,45.58,18.5,0.0,100,3.33,2026-10-03T03:17:50Z
-1.14,45.58,18.6,0.0,100,3.36,2026-10-03T03:17:50Z
-0.89,45.58,16.8,0.0,100,2.59,2026-10-03T03:17:50Z
-0.64,45.58,17.0,0.0,79,2.27,2026-10-03T03:17:50Z
-0.38,45.58,17.5,0.0,99,1.41,2026-10-03T03:17:50Z
-0.14,45.58,18.1,0.0,98,1.73,2026-10-03T03:17:50Z
0.12,45.58,17.6,0.0,99,1.08,2026-10-03T03:17:50Z
0.36,45.58,17.2,0.0,96,1.14,2026-10-03T03:17:50Z
0.62,45.58,17.1,0.0,100,1.21,2026-10-03T03:17:50Z
0.86,45.58,15.9,0.0,98,0.99,2026-10-03T03:17:50Z
1.12,45.58,15.0,0.0,93,0.89,2026-10-03T03:17:50Z
1.36,45.58,16.1,0.0,100,0.92,2026-10-03T03:17:50Z
1.62,45.58,16.1,0.0,100,1.22,2026-10-03T03:17:50Z
1.86,45.58,14.0,0.0,99,1.3,2026-10-03T03:17:50Z
2.12,45.58,13.6,0.0,95,0.32,2026-10-03T03:17:50Z
2.36,45.58,13.8,0.0,85,1.5,2026-10-03T03:17:50Z
2.62,45.58,14.3,0.0,100,1.73,2026-10-03T03:17:50Z
2.86,45.58,12.3,0.0,100,1.22,2026-10-03T03:17:50Z
3.12,45.58,13.2,0.0,92,1.77,2026-10-03T03:17:50Z
3.36,45.58,14.0,0.0,100,0.58,2026-10-03T03:17:50Z
3.62,45.58,13.8,0.1,100,1.26,2026-10-03T03:17:50Z
3.86,45.58,11.3,0.0,97,0.98,2026-10-03T03:17:50Z
4.12,45.58,14.6,0.0,87,0.3,2026-10-03T03:17:50Z
4.36,45.58,13.0,0.0,85,1.4,2026-10-03T03:17:50Z
4.62,45.58,14.7,0.0,98,0.92,2026-10-03T03:17:50Z
4.86,45.58,14.2,0.0,99,0.2,2026-10-03T03:17:50Z
5.12,45.58,14.9,0.0,100,0.67,2026-10-03T03:17:50Z
5.36,45.58,14.8,0.0,99,2.06,2026-10-03T03:17:50Z
5.62,45.58,15.3,0.1,99,0.58,2026-10-03T03:17:50Z
5.86,45.58,15.1,0.4,100,0.8,2026-10-03T03:17:50Z
6.1,45.58,12.6,0.0,100,0.32,2026-10-03T03:17:50Z
6.34,45.56,10.9,0.0,96,0.36,2026-10-03T03:17:50Z
6.62,45.6,7.2,0.0,77,0.45,2026-10-03T03:17:50Z
6.88,45.56,8.5,0.0,91,1.93,2026-10-03T03:17:50Z
7.12,45.58,4.7,0.0,88,0.94,2026-10-03T03:17:50Z
7.34,45.56,3.7,0.0,54,0.4,2026-10-03T03:17:50Z
7.62,45.58,5.8,0.0,57,2.42,2026-10-03T03:17:50Z
7.88,45.56,10.3,0.0,63,0.71,2026-10-03T03:17:50Z
8.12,45.58,15.9,0.0,52,1.43,2026-10-03T03:17:50Z
8.36,45.58,12.6,0.0,79,1.5,2026-10-03T03:17:50Z
8.62,45.58,14.2,0.0,71,1.5,2026-10-03T03:17:50Z
8.86,45.58,15.6,0.0,63,1.75,2026-10-03T03:17:50Z
9.12,45.58,16.4,0.0,83,1.22,2026-10-03T03:17:50Z
9.36,45.58,15.3,0.0,89,1.22,2026-10-03T03:17:50Z
9.62,45.58,16.2,0.0,73,0.92,2026-10-03T03:17:50Z
-5.14,45.83,20.6,0.0,100,8.51,2026-10-03T03:17:50Z
-4.89,45.83,20.8,0.0,100,8.28,2026-10-03T03:17:50Z
-4.64,45.83,20.8,0.0,100,7.95,2026-10-03T03:17:50Z
-4.39,45.83,20.6,0.0,100,8.04,2026-10-03T03:17:50Z
-4.14,45.83,20.6,0.0,100,7.61,2026-10-03T03:17:50Z
-3.89,45.83,20.5,0.0,100,7.65,2026-10-03T03:17:50Z
-3.64,45.83,20.3,0.0,100,7.97,2026-10-03T03:17:50Z
-3.39,45.83,20.1,0.0,100,7.25,2026-10-03T03:17:50Z
-3.14,45.83,20.0,0.0,100,7.02,2026-10-03T03:17:50Z
-2.89,45.83,19.9,0.0,100,7.16,2026-10-03T03:17:50Z
-2.64,45.83,19.6,0.0,100,7.13,2026-10-03T03:17:50Z
-2.39,45.83,19.3,0.0,100,6.18,2026-10-03T03:17:50Z
-2.14,45.83,19.1,0.0,100,6.11,2026-10-03T03:17:50Z
-1.89,45.83,18.9,0.0,75,6.23,2026-10-03T03:17:50Z
-1.64,45.83,18.6,0.0,32,5.84,2026-10-03T03:17:50Z
-1.39,45.83,18.3,0.0,27,6.04,2026-10-03T03:17:50Z
-1.14,45.83,16.4,0.0,100,2.64,2026-10-03T03:17:50Z
-0.89,45.83,15.2,0.0,33,2.28,2026-10-03T03:17:50Z
-0.64,45.84,16.5,0.0,84,2.42,2026-10-03T03:17:50Z
-0.38,45.84,16.5,0.0,94,2.2,2026-10-03T03:17:50Z
-0.14,45.84,16.4,0.0,96,3.0,2026-10-03T03:17:50Z
0.12,45.84,16.7,0.1,100,2.28,2026-10-03T03:17:50Z
0.36,45.84,17.2,0.0,100,1.39,2026-10-03T03:17:50Z
0.62,45.84,15.5,0.3,100,1.21,2026-10-03T03:17:50Z
0.86,45.84,15.1,0.0,99,1.12,2026-10-03T03:17:50Z
1.12,45.84,15.5,0.0,99,0.14,2026-10-03T03:17:50Z
1.36,45.84,14.7,0.0,97,0.73,2026-10-03T03:17:50Z
1.62,45.84,15.9,0.0,100,1.17,2026-10-03T03:17:50Z
1.86,45.84,16.0,0.0,100,0.99,2026-10-03T03:17:50Z
2.12,45.84,15.2,0.0,100,1.3,2026-10-03T03:17:50Z
2.36,45.84,14.3,0.0,99,1.39,2026-10-03T03:17:50Z
2.62,45.84,13.2,0.0,98,0.41,2026-10-03T03:17:50Z
2.86,45.84,12.9,0.0,98,0.89,2026-10-03T03:17:50Z
3.12,45.84,15.3,0.0,93,0.41,2026-10-03T03:17:50Z
3.36,45.84,14.2,0.0,99,0.14,2026-10-03T03:17:50Z
3.62,45.84,12.8,0.0,93,0.63,2026-10-03T03:17:50Z
3.86,45.84,12.8,0.0,96,0.5,2026-10-03T03:17:50Z
4.12,45.84,13.1,0.0,99,0.28,2026-10-03T03:17:50Z
4.36,45.82,14.7,0.0,98,1.75,2026-10-03T03:17:50Z
4.62,45.84,14.3,0.0,99,0.22,2026-10-03T03:17:50Z
4.86,45.84,15.5,0.0,99,0.51,2026-10-03T03:17:50Z
5.12,45.84,14.2,0.0,100,0.73,2026-10-03T03:17:50Z
5.36,45.84,14.7,0.2,100,1.78,2026-10-03T03:17:50Z
5.62,45.82,14.8,0.0,100,0.91,2026-10-03T03:17:50Z
5.86,45.82,14.7,0.0,100,1.13,2026-10-03T03:17:50Z
6.12,45.82,12.1,0.0,99,0.32,2026-10-03T03:17:50Z
6.38,45.82,11.5,0.0,94,0.92,2026-10-03T03:17:50Z
6.62,45.82,10.1,0.0,88,0.86,2026-10-03T03:17:50Z
6.86,45.84,-6.7,0.0,35,0.64,2026-10-03T03:17:50Z
7.1,45.82,4.0,0.0,48,0.22,2026-10-03T03:17:50Z
7.36,45.84,11.7,0.0,25,0.58,2026-10-03T03:17:50Z
7.6,45.82,9.3,0.0,48,1.8,2026-10-03T03:17:50Z
7.86,45.84,4.2,0.0,65,0.41,2026-10-03T03:17:50Z
8.14,45.82,9.9,0.0,22,0.63,2026-10-03T03:17:50Z
8.36,45.82,14.5,0.0,92,1.41,2026-10-03T03:17:50Z
8.62,45.82,14.9,0.0,100,1.0,2026-10-03T03:17:50Z
8.86,45.84,13.8,0.0,77,1.0,2026-10-03T03:17:50Z
9.12,45.84,13.8,0.0,54,2.01,2026-10-03T03:17:50Z
9.36,45.84,15.2,0.0,71,0.73,2026-10-03T03:17:50Z
9.62,45.82,14.0,0.0,99,0.72,2026-10-03T03:17:50Z
-5.14,46.08,20.2,0.0,100,8.32,2026-10-03T03:17:50Z
-4.89,46.08,20.1,0.0,100,8.85,2026-10-03T03:17:50Z
-4.64,46.08,20.4,0.0,100,8.29,2026-10-03T03:17:50Z
-4.39,46.08,20.5,0.0,100,7.93,2026-10-03T03:17:50Z
-4.14,46.08,20.4,0.0,100,7.21,2026-10-03T03:17:50Z
-3.89,46.08,20.3,0.0,100,7.5,2026-10-03T03:17:50Z
-3.64,46.08,20.2,0.0,100,7.96,2026-10-03T03:17:50Z
-3.39,46.08,20.1,0.0,100,7.92,2026-10-03T03:17:50Z
-3.14,46.08,19.9,0.0,100,7.13,2026-10-03T03:17:50Z
-2.89,46.08,19.7,0.0,100,7.02,2026-10-03T03:17:50Z
-2.64,46.08,19.6,0.0,100,7.46,2026-10-03T03:17:50Z
-2.39,46.08,19.1,0.0,100,6.77,2026-10-03T03:17:50Z
-2.14,46.08,18.9,0.0,100,6.84,2026-10-03T03:17:50Z
-1.89,46.08,18.4,0.0,100,7.02,2026-10-03T03:17:50Z
-1.64,46.08,18.4,0.0,44,6.94,2026-10-03T03:17:50Z
-1.39,46.08,18.0,0.0,20,6.42,2026-10-03T03:17:50Z
-1.14,46.08,17.0,0.0,98,6.3,2026-10-03T03:17:50Z
-0.88,46.08,15.6,0.0,94,2.94,2026-10-03T03:17:50Z
-0.64,46.08,15.6,0.0,63,2.72,2026-10-03T03:17:50Z
-0.38,46.08,15.4,0.0,85,3.5,2026-10-03T03:17:50Z
-0.14,46.08,15.5,0.0,91,3.1,2026-10-03T03:17:50Z
0.12,46.08,15.2,0.0,99,2.69,2026-10-03T03:17:50Z
0.36,46.08,15.7,0.6,100,2.13,2026-10-03T03:17:50Z
0.62,46.08,15.4,0.0,100,0.86,2026-10-03T03:17:50Z
0.86,46.08,15.0,0.1,100,0.85,2026-10-03T03:17:50Z
1.12,46.08,14.0,0.0,99,0.3,2026-10-03T03:17:50Z
1.36,46.08,15.0,0.0,96,0.36,2026-10-03T03:17:50Z
1.62,46.08,13.5,0.0,97,0.81,2026-10-03T03:17:50Z
1.86,46.08,14.9,0.0,100,1.0,2026-10-03T03:17:50Z
2.12,46.08,13.7,0.0,100,0.72,2026-10-03T03:17:50Z
2.36,46.08,14.9,0.0,100,1.3,2026-10-03T03:17:50Z
2.62,46.08,15.1,0.0,100,1.3,2026-10-03T03:17:50Z
2.86,46.08,13.4,0.0,100,0.73,2026-10-03T03:17:50Z
3.12,46.08,14.7,0.1,100,1.33,2026-10-03T03:17:50Z
3.36,46.08,14.3,0.0,100,0.42,2026-10-03T03:17:50Z
3.62,46.08,14.2,0.0,100,1.17,2026-10-03T03:17:50Z
3.86,46.08,14.7,0.0,100,1.13,2026-10-03T03:17:50Z
4.12,46.08,13.1,0.0,100,1.35,2026-10-03T03:17:50Z
4.36,46.08,13.1,0.0,100,1.71,2026-10-03T03:17:50Z
4.62,46.08,14.2,0.0,99,1.61,2026-10-03T03:17:50Z
4.86,46.08,13.6,0.0,100,0.72,2026-10-03T03:17:50Z
5.12,46.08,13.8,0.0,100,0.63,2026-10-03T03:17:50Z
5.36,46.08,12.4,0.0,97,0.94,2026-10-03T03:17:50Z
5.62,46.08,11.9,0.0,89,1.4,2026-10-03T03:17:50Z
5.86,46.08,11.7,0.0,75,0.6,2026-10-03T03:17:50Z
6.12,46.06,12.9,0.0,92,1.2,2026-10-03T03:17:50Z
6.36,46.08,12.9,0.0,92,0.4,2026-10-03T03:17:50Z
6.62,46.08,11.8,0.0,82,1.28,2026-10-03T03:17:50Z
6.86,46.08,10.1,0.0,93,2.3,2026-10-03T03:17:50Z
7.12,46.1,14.4,0.0,44,0.41,2026-10-03T03:17:50Z
7.36,46.08,3.0,0.0,49,0.54,2026-10-03T03:17:50Z
7.6,46.08,0.9,0.0,27,0.28,2026-10-03T03:17:50Z
7.86,46.08,-4.6,0.0,26,0.89,2026-10-03T03:17:50Z
8.12,46.08,9.6,0.0,65,1.08,2026-10-03T03:17:50Z
8.36,46.08,7.6,0.0,83,0.71,2026-10-03T03:17:50Z
8.62,46.08,12.4,0.0,22,1.13,2026-10-03T03:17:50Z
8.86,46.08,6.8,0.0,15,0.45,2026-10-03T03:17:50Z
9.12,46.1,9.7,0.0,63,0.6,2026-10-03T03:17:50Z
9.36,46.1,12.8,0.0,86,1.55,2026-10-03T03:17:50Z
9.6,46.08,11.1,0.0,82,0.94,2026-10-03T03:17:50Z
-5.14,46.33,20.2,0.0,100,8.28,2026-10-03T03:17:50Z
-4.89,46.33,20.0,0.0,100,7.69,2026-10-03T03:17:50Z
-4.64,46.33,19.9,0.0,100,7.6,2026-10-03T03:17:50Z
-4.39,46.33,20.0,0.0,100,7.47,2026-10-03T03:17:50Z
-4.14,46.33,20.1,0.0,100,7.12,2026-10-03T03:17:50Z
-3.89,46.33,20.1,0.0,100,7.11,2026-10-03T03:17:50Z
-3.64,46.33,19.9,0.0,100,7.25,2026-10-03T03:17:50Z
-3.39,46.33,19.7,0.0,100,7.29,2026-10-03T03:17:50Z
-3.14,46.33,19.6,0.0,100,6.86,2026-10-03T03:17:50Z
-2.89,46.33,19.4,0.0,100,6.94,2026-10-03T03:17:50Z
-2.64,46.33,19.2,0.0,100,7.07,2026-10-03T03:17:50Z
-2.39,46.33,18.8,0.0,100,6.37,2026-10-03T03:17:50Z
-2.14,46.33,18.3,0.0,100,6.47,2026-10-03T03:17:50Z
-1.89,46.33,17.8,0.0,100,6.54,2026-10-03T03:17:50Z
-1.64,46.33,17.6,0.0,98,6.8,2026-10-03T03:17:50Z
-1.39,46.33,16.0,0.0,41,5.68,2026-10-03T03:17:50Z
-1.14,46.33,15.2,0.0,89,3.49,2026-10-03T03:17:50Z
-0.88,46.34,15.9,0.0,90,2.25,2026-10-03T03:17:50Z
-0.64,46.34,14.6,0.0,65,2.33,2026-10-03T03:17:50Z
-0.38,46.34,14.3,0.0,82,4.05,2026-10-03T03:17:50Z
-0.14,46.34,13.8,0.0,97,3.98,2026-10-03T03:17:50Z
0.12,46.34,14.2,0.0,84,3.28,2026-10-03T03:17:50Z
0.36,46.34,13.5,0.0,100,1.89,2026-10-03T03:17:50Z
0.62,46.34,14.2,0.0,100,1.34,2026-10-03T03:17:50Z
0.86,46.34,13.8,0.1,100,0.73,2026-10-03T03:17:50Z
1.12,46.34,14.5,0.0,99,1.32,2026-10-03T03:17:50Z
1.36,46.34,15.1,0.0,98,1.33,2026-10-03T03:17:50Z
1.62,46.34,13.7,0.0,100,1.22,2026-10-03T03:17:50Z
1.86,46.34,12.0,0.0,100,0.61,2026-10-03T03:17:50Z
2.12,46.34,11.7,0.0,100,0.45,2026-10-03T03:17:50Z
2.36,46.34,14.7,0.0,100,1.12,2026-10-03T03:17:50Z
2.62,46.34,13.6,0.0,100,1.26,2026-10-03T03:17:50Z
2.86,46.34,12.5,0.0,100,1.13,2026-10-03T03:17:50Z
3.12,46.34,13.4,0.0,100,1.06,2026-10-03T03:17:50Z
3.36,46.34,11.7,0.0,100,0.54,2026-10-03T03:17:50Z
3.62,46.34,13.2,0.0,100,0.64,2026-10-03T03:17:50Z
3.86,46.34,13.0,0.0,99,0.86,2026-10-03T03:17:50Z
4.12,46.34,11.6,0.0,100,0.7,2026-10-03T03:17:50Z
4.36,46.34,13.5,0.0,100,0.58,2026-10-03T03:17:50Z
4.62,46.34,15.1,0.0,100,1.8,2026-10-03T03:17:50Z
4.86,46.34,12.4,0.0,100,0.7,2026-10-03T03:17:50Z
5.12,46.34,12.3,0.0,100,0.41,2026-10-03T03:17:50Z
5.36,46.34,13.9,0.0,100,2.4,2026-10-03T03:17:50Z
5.62,46.34,12.2,0.0,100,0.8,2026-10-03T03:17:50Z
5.86,46.32,11.2,0.0,100,2.46,2026-10-03T03:17:50Z
6.12,46.34,13.1,0.0,97,1.3,2026-10-03T03:17:50Z
6.36,46.34,15.2,0.0,93,0.81,2026-10-03T03:17:50Z
6.62,46.34,10.9,0.0,99,1.17,2026-10-03T03:17:50Z
6.86,46.34,13.7,0.0,96,0.78,2026-10-03T03:17:50Z
7.1,46.32,9.1,0.0,85,0.92,2026-10-03T03:17:50Z
7.36,46.34,5.2,0.0,100,0.94,2026-10-03T03:17:50Z
7.62,46.34,10.8,0.0,30,1.8,2026-10-03T03:17:50Z
7.86,46.34,8.9,0.0,50,1.75,2026-10-03T03:17:50Z
8.1,46.32,4.6,0.0,65,1.32,2026-10-03T03:17:50Z
8.36,46.34,6.9,0.0,48,0.41,2026-10-03T03:17:50Z
8.62,46.34,14.9,0.0,63,0.14,2026-10-03T03:17:50Z
8.86,46.34,6.3,0.0,5,0.73,2026-10-03T03:17:50Z
9.12,46.34,10.6,0.0,81,0.94,2026-10-03T03:17:50Z
9.36,46.32,13.9,0.0,84,0.41,2026-10-03T03:17:50Z
9.64,46.34,5.9,0.0,82,0.32,2026-10-03T03:17:50Z
-5.14,46.58,20.1,0.0,100,8.15,2026-10-03T03:17:50Z
-4.89,46.58,20.0,0.0,100,7.85,2026-10-03T03:17:50Z
-4.64,46.58,19.5,0.0,100,6.95,2026-10-03T03:17:50Z
-4.39,46.58,19.3,0.0,100,6.52,2026-10-03T03:17:50Z
-4.14,46.58,19.2,0.0,100,6.72,2026-10-03T03:17:50Z
-3.89,46.58,19.2,0.0,100,6.76,2026-10-03T03:17:50Z
-3.64,46.58,19.3,0.0,100,6.93,2026-10-03T03:17:50Z
-3.39,46.58,19.5,0.0,100,7.02,2026-10-03T03:17:50Z
-3.14,46.58,19.3,0.0,100,6.76,2026-10-03T03:17:50Z
-2.89,46.58,19.0,0.0,100,6.66,2026-10-03T03:17:50Z
-2.64,46.58,18.5,0.0,100,6.74,2026-10-03T03:17:50Z
-2.39,46.58,17.6,0.0,100,6.67,2026-10-03T03:17:50Z
-2.14,46.58,17.4,0.0,100,6.65,2026-10-03T03:17:50Z
-1.89,46.58,16.1,0.0,100,5.45,2026-10-03T03:17:50Z
-1.64,46.58,14.0,0.0,100,3.34,2026-10-03T03:17:50Z
-1.39,46.58,13.9,0.0,100,2.46,2026-10-03T03:17:50Z
-1.14,46.58,14.9,0.0,98,3.88,2026-10-03T03:17:50Z
-0.88,46.58,14.9,0.0,90,2.97,2026-10-03T03:17:50Z
-0.64,46.58,14.6,0.0,90,4.83,2026-10-03T03:17:50Z
-0.38,46.58,12.8,0.0,94,3.75,2026-10-03T03:17:50Z
-0.14,46.58,13.2,0.0,90,2.61,2026-10-03T03:17:50Z
0.12,46.58,12.1,0.0,79,2.11,2026-10-03T03:17:50Z
0.36,46.58,13.3,0.0,93,1.02,2026-10-03T03:17:50Z
0.62,46.58,13.4,0.0,100,0.4,2026-10-03T03:17:50Z
0.86,46.58,13.4,0.0,99,1.42,2026-10-03T03:17:50Z
1.12,46.58,13.6,0.0,99,1.98,2026-10-03T03:17:50Z
1.36,46.58,14.0,0.0,95,1.42,2026-10-03T03:17:50Z
1.62,46.58,14.4,0.1,99,1.46,2026-10-03T03:17:50Z
1.86,46.58,13.8,0.0,92,0.61,2026-10-03T03:17:50Z
2.12,46.58,13.5,0.0,88,0.78,2026-10-03T03:17:50Z
2.36,46.58,13.7,0.0,97,0.58,2026-10-03T03:17:50Z
2.62,46.58,13.9,0.0,95,0.2,2026-10-03T03:17:50Z
2.86,46.58,13.1,0.0,100,1.02,2026-10-03T03:17:50Z
3.12,46.58,12.1,0.0,100,0.92,2026-10-03T03:17:50Z
3.36,46.58,14.1,0.0,100,2.34,2026-10-03T03:17:50Z
3.62,46.58,13.8,0.0,83,1.84,2026-10-03T03:17:50Z
3.86,46.58,14.5,0.0,80,2.41,2026-10-03T03:17:50Z
4.12,46.58,13.4,0.0,77,1.77,2026-10-03T03:17:50Z
4.36,46.58,13.6,0.0,100,1.58,2026-10-03T03:17:50Z
4.62,46.58,12.5,0.0,95,0.94,2026-10-03T03:17:50Z
4.86,46.58,12.4,0.0,100,0.85,2026-10-03T03:17:50Z
5.12,46.58,11.1,0.0,100,0.54,2026-10-03T03:17:50Z
5.36,46.58,10.8,0.0,100,0.61,2026-10-03T03:17:50Z
5.62,46.58,9.7,0.0,100,0.76,2026-10-03T03:17:50Z
5.86,46.58,13.0,0.0,100,1.7,2026-10-03T03:17:50Z
6.12,46.6,10.7,0.0,100,2.0,2026-10-03T03:17:50Z
6.36,46.58,12.3,0.0,100,0.94,2026-10-03T03:17:50Z
6.62,46.58,12.3,0.0,100,1.66,2026-10-03T03:17:50Z
6.86,46.58,11.3,0.0,100,1.21,2026-10-03T03:17:50Z
7.14,46.6,10.9,0.0,100,2.06,2026-10-03T03:17:50Z
7.36,46.58,11.7,0.0,83,0.81,2026-10-03T03:17:50Z
7.62,46.58,10.3,0.0,92,1.24,2026-10-03T03:17:50Z
7.86,46.56,6.5,0.0,50,0.95,2026-10-03T03:17:50Z
8.12,46.6,1.7,0.0,82,1.94,2026-10-03T03:17:50Z
8.36,46.6,4.9,0.0,1,2.18,2026-10-03T03:17:50Z
8.62,46.58,3.1,0.0,100,2.28,2026-10-03T03:17:50Z
8.86,46.58,4.5,0.0,76,2.98,2026-10-03T03:17:50Z
9.12,46.58,6.0,0.0,0,1.87,2026-10-03T03:17:50Z
9.36,46.58,8.4,0.0,20,1.7,2026-10-03T03:17:50Z
9.6,46.6,10.0,0.0,15,0.42,2026-10-03T03:17:50Z
-5.14,46.83,19.9,0.0,100,7.36,2026-10-03T03:17:50Z
-4.89,46.83,19.6,0.0,100,7.54,2026-10-03T03:17:50Z
-4.64,46.83,19.4,0.0,100,7.09,2026-10-03T03:17:50Z
-4.39,46.83,19.0,0.0,100,6.86,2026-10-03T03:17:50Z
-4.14,46.83,18.6,0.0,100,6.9,2026-10-03T03:17:50Z
-3.89,46.83,18.5,0.0,100,6.62,2026-10-03T03:17:50Z
-3.64,46.83,18.5,0.0,100,6.5,2026-10-03T03:17:50Z
-3.39,46.83,18.6,0.0,100,6.8,2026-10-03T03:17:50Z
-3.14,46.83,18.5,0.0,100,6.5,2026-10-03T03:17:50Z
-2.89,46.83,18.4,0.0,100,6.47,2026-10-03T03:17:50Z
-2.64,46.83,18.2,0.0,100,6.1,2026-10-03T03:17:50Z
-2.39,46.83,17.7,0.0,100,6.47,2026-10-03T03:17:50Z
-2.14,46.83,13.9,0.0,100,4.61,2026-10-03T03:17:50Z
-1.89,46.83,13.6,0.0,100,3.11,2026-10-03T03:17:50Z
-1.64,46.83,12.3,0.0,100,3.98,2026-10-03T03:17:50Z
-1.39,46.83,11.0,0.0,100,3.33,2026-10-03T03:17:50Z
-1.14,46.83,12.1,0.0,100,1.89,2026-10-03T03:17:50Z
-0.88,46.84,12.6,0.0,84,3.22,2026-10-03T03:17:50Z
-0.64,46.84,12.7,0.0,100,3.26,2026-10-03T03:17:50Z
-0.38,46.84,11.7,0.0,97,1.48,2026-10-03T03:17:50Z
-0.14,46.84,11.2,0.0,89,1.24,2026-10-03T03:17:50Z
0.12,46.84,11.5,0.0,67,1.3,2026-10-03T03:17:50Z
0.36,46.84,12.2,0.0,38,2.06,2026-10-03T03:17:50Z
0.62,46.84,12.8,0.0,24,1.56,2026-10-03T03:17:50Z
0.86,46.84,11.9,0.0,51,1.41,2026-10-03T03:17:50Z
1.12,46.84,11.2,0.0,47,1.22,2026-10-03T03:17:50Z
1.36,46.84,11.1,0.0,77,1.66,2026-10-03T03:17:50Z
1.62,46.84,12.8,0.0,96,2.44,2026-10-03T03:17:50Z
1.86,46.84,12.7,0.0,74,1.92,2026-10-03T03:17:50Z
2.12,46.84,13.0,0.0,76,1.06,2026-10-03T03:17:50Z
2.36,46.84,13.6,0.0,87,1.55,2026-10-03T03:17:50Z
2.62,46.84,13.7,0.0,87,1.3,2026-10-03T03:17:50Z
2.86,46.84,13.3,0.0,93,1.4,2026-10-03T03:17:50Z
3.12,46.84,14.0,0.0,86,1.7,2026-10-03T03:17:50Z
3.36,46.84,13.5,0.0,92,1.68,2026-10-03T03:17:50Z
3.62,46.84,12.4,0.0,89,1.5,2026-10-03T03:17:50Z
3.86,46.84,14.2,0.0,99,2.21,2026-10-03T03:17:50Z
4.12,46.84,11.4,0.0,100,1.13,2026-10-03T03:17:50Z
4.36,46.84,13.5,0.0,100,1.25,2026-10-03T03:17:50Z
4.62,46.84,11.6,0.0,100,0.72,2026-10-03T03:17:50Z
4.86,46.84,11.6,0.0,100,1.04,2026-10-03T03:17:50Z
5.12,46.84,10.9,0.0,100,0.78,2026-10-03T03:17:50Z
5.36,46.84,10.3,0.0,100,0.4,2026-10-03T03:17:50Z
5.62,46.84,11.3,0.0,99,0.73,2026-10-03T03:17:50Z
5.86,46.84,10.1,0.0,100,1.66,2026-10-03T03:17:50Z
6.12,46.84,8.3,0.0,100,0.82,2026-10-03T03:17:50Z
6.36,46.84,8.8,0.0,96,1.56,2026-10-03T03:17:50Z
6.6,46.82,13.2,0.0,98,1.0,2026-10-03T03:17:50Z
6.86,46.84,12.3,0.0,100,0.71,2026-10-03T03:17:50Z
7.12,46.84,10.3,0.0,100,0.86,2026-10-03T03:17:50Z
7.36,46.84,11.1,0.0,100,1.17,2026-10-03T03:17:50Z
7.6,46.82,13.0,0.0,92,0.61,2026-10-03T03:17:50Z
7.86,46.84,11.1,0.0,86,0.71,2026-10-03T03:17:50Z
8.1,46.84,9.5,0.0,16,0.95,2026-10-03T03:17:50Z
8.36,46.84,8.4,0.0,65,0.6,2026-10-03T03:17:50Z
8.6,46.84,9.3,0.0,7,2.2,2026-10-03T03:17:50Z
8.86,46.82,3.0,0.0,0,0.5,2026-10-03T03:17:50Z
9.1,46.82,8.4,0.0,0,2.2,2026-10-03T03:17:50Z
9.36,46.82,10.3,0.0,14,0.41,2026-10-03T03:17:50Z
9.62,46.84,12.4,0.0,74,1.12,2026-10-03T03:17:50Z
-5.14,47.08,19.0,0.0,100,7.0,2026-10-03T03:17:50Z
-4.89,47.08,19.0,0.0,100,6.94,2026-10-03T03:17:50Z
-4.64,47.08,18.3,0.0,100,7.37,2026-10-03T03:17:50Z
-4.39,47.08,18.0,0.0,100,7.27,2026-10-03T03:17:50Z
-4.14,47.08,17.8,0.0,100,7.24,2026-10-03T03:17:50Z
-3.89,47.08,17.8,0.0,100,5.75,2026-10-03T03:17:50Z
-3.64,47.08,17.9,0.0,100,5.49,2026-10-03T03:17:50Z
-3.39,47.08,18.2,0.0,100,6.45,2026-10-03T03:17:50Z
-3.14,47.08,18.3,0.0,100,6.05,2026-10-03T03:17:50Z
-2.89,47.08,17.8,0.0,100,5.99,2026-10-03T03:17:50Z
-2.64,47.08,17.5,0.0,100,5.91,2026-10-03T03:17:50Z
-2.39,47.08,17.1,0.0,100,6.13,2026-10-03T03:17:50Z
-2.14,47.08,15.3,0.0,100,5.83,2026-10-03T03:17:50Z
-1.89,47.08,10.2,0.0,100,2.86,2026-10-03T03:17:50Z
-1.64,47.08,11.2,0.0,100,2.97,2026-10-03T03:17:50Z
-1.39,47.08,11.9,0.0,99,2.9,2026-10-03T03:17:50Z
-1.14,47.08,11.6,0.0,93,2.3,2026-10-03T03:17:50Z
-0.88,47.08,11.4,0.0,78,1.63,2026-10-03T03:17:50Z
-0.64,47.08,12.5,0.0,85,2.91,2026-10-03T03:17:50Z
-0.38,47.08,11.2,0.0,100,1.43,2026-10-03T03:17:50Z
-0.14,47.08,10.7,0.0,99,1.12,2026-10-03T03:17:50Z
0.12,47.08,11.2,0.0,77,1.49,2026-10-03T03:17:50Z
0.36,47.08,12.6,0.0,35,2.7,2026-10-03T03:17:50Z
0.62,47.08,12.3,0.0,11,2.13,2026-10-03T03:17:50Z
0.86,47.08,12.1,0.0,2,1.66,2026-10-03T03:17:50Z
1.12,47.08,12.2,0.0,15,2.55,2026-10-03T03:17:50Z
1.36,47.08,10.6,0.0,22,2.83,2026-10-03T03:17:50Z
1.62,47.08,9.4,0.0,36,1.43,2026-10-03T03:17:50Z
1.86,47.08,9.8,0.0,60,1.1,2026-10-03T03:17:50Z
2.12,47.08,12.2,0.0,46,1.48,2026-10-03T03:17:50Z
2.36,47.08,13.8,0.0,55,1.77,2026-10-03T03:17:50Z
2.62,47.08,14.1,0.0,79,2.31,2026-10-03T03:17:50Z
2.86,47.08,12.0,0.0,80,1.0,2026-10-03T03:17:50Z
3.12,47.08,12.9,0.0,97,1.82,2026-10-03T03:17:50Z
3.36,47.08,14.4,0.0,91,1.71,2026-10-03T03:17:50Z
3.62,47.08,9.0,0.0,97,0.78,2026-10-03T03:17:50Z
3.86,47.08,13.1,0.0,94,1.55,2026-10-03T03:17:50Z
4.12,47.08,12.5,0.0,83,0.58,2026-10-03T03:17:50Z
4.36,47.08,10.0,0.0,100,1.06,2026-10-03T03:17:50Z
4.62,47.08,9.7,0.0,100,0.67,2026-10-03T03:17:50Z
4.86,47.08,13.1,0.0,100,1.57,2026-10-03T03:17:50Z
5.12,47.08,12.1,0.0,94,1.12,2026-10-03T03:17:50Z
5.36,47.08,10.7,0.0,100,1.0,2026-10-03T03:17:50Z
5.62,47.08,11.1,0.0,100,0.99,2026-10-03T03:17:50Z
5.86,47.08,11.4,0.0,87,0.72,2026-10-03T03:17:50Z
6.12,47.08,10.1,0.0,96,1.33,2026-10-03T03:17:50Z
6.36,47.08,11.0,0.0,96,0.85,2026-10-03T03:17:50Z
6.6,47.08,8.9,0.0,100,0.5,2026-10-03T03:17:50Z
6.86,47.08,9.9,0.0,100,1.77,2026-10-03T03:17:50Z
7.1,47.1,12.5,0.0,100,1.24,2026-10-03T03:17:50Z
7.36,47.08,10.4,0.0,98,0.94,2026-10-03T03:17:50Z
7.62,47.08,11.4,0.0,69,0.94,2026-10-03T03:17:50Z
7.86,47.08,12.3,0.0,71,1.57,2026-10-03T03:17:50Z
8.12,47.08,13.1,0.0,76,1.14,2026-10-03T03:17:50Z
8.36,47.08,12.4,0.0,88,0.6,2026-10-03T03:17:50Z
8.62,47.08,11.0,0.0,38,0.22,2026-10-03T03:17:50Z
8.86,47.08,10.6,0.0,79,0.86,2026-10-03T03:17:50Z
9.12,47.08,10.2,0.0,11,0.4,2026-10-03T03:17:50Z
9.36,47.08,14.1,0.0,47,0.45,2026-10-03T03:17:50Z
9.6,47.06,6.5,0.0,31,1.75,2026-10-03T03:17:50Z
-5.14,47.33,17.7,0.0,100,6.63,2026-10-03T03:17:50Z
-4.89,47.33,18.0,0.0,100,6.42,2026-10-03T03:17:50Z
-4.64,47.33,17.9,0.0,100,6.65,2026-10-03T03:17:50Z
-4.39,47.33,17.2,0.0,100,6.72,2026-10-03T03:17:50Z
-4.14,47.33,17.1,0.0,100,6.3,2026-10-03T03:17:50Z
-3.89,47.33,17.0,0.0,100,6.66,2026-10-03T03:17:50Z
-3.64,47.33,17.3,0.0,100,6.33,2026-10-03T03:17:50Z
-3.39,47.33,17.8,0.0,100,5.66,2026-10-03T03:17:50Z
-3.14,47.33,16.5,0.0,100,3.78,2026-10-03T03:17:50Z
-2.88,47.34,16.9,0.0,100,5.67,2026-10-03T03:17:50Z
-2.64,47.33,16.4,0.0,100,5.24,2026-10-03T03:17:50Z
-2.39,47.33,10.2,0.0,100,3.05,2026-10-03T03:17:50Z
-2.14,47.33,12.1,0.0,100,2.24,2026-10-03T03:17:50Z
-1.89,47.33,12.5,0.0,100,4.75,2026-10-03T03:17:50Z
-1.64,47.33,10.9,0.0,100,2.55,2026-10-03T03:17:50Z
-1.39,47.33,12.1,0.0,100,4.34,2026-10-03T03:17:50Z
-1.14,47.34,10.5,0.0,80,1.48,2026-10-03T03:17:50Z
-0.88,47.34,10.7,0.0,97,1.36,2026-10-03T03:17:50Z
-0.64,47.34,10.7,0.0,100,1.2,2026-10-03T03:17:50Z
-0.38,47.34,10.7,0.0,100,1.39,2026-10-03T03:17:50Z
-0.14,47.34,10.6,0.0,100,1.08,2026-10-03T03:17:50Z
0.12,47.34,12.1,0.0,96,2.4,2026-10-03T03:17:50Z
0.36,47.34,10.9,0.0,61,1.58,2026-10-03T03:17:50Z
0.62,47.34,11.8,0.0,19,2.08,2026-10-03T03:17:50Z
0.86,47.34,11.0,0.0,6,1.84,2026-10-03T03:17:50Z
1.12,47.34,12.1,0.0,8,2.69,2026-10-03T03:17:50Z
1.36,47.34,9.5,0.0,0,1.32,2026-10-03T03:17:50Z
1.62,47.34,9.1,0.0,6,1.44,2026-10-03T03:17:50Z
1.86,47.34,8.0,0.0,50,0.94,2026-10-03T03:17:50Z
2.12,47.34,8.9,0.0,15,1.06,2026-10-03T03:17:50Z
2.36,47.34,12.5,0.0,0,1.43,2026-10-03T03:17:50Z
2.62,47.34,14.0,0.0,62,1.66,2026-10-03T03:17:50Z
2.86,47.34,11.8,0.0,33,1.12,2026-10-03T03:17:50Z
3.12,47.34,10.8,0.0,55,1.79,2026-10-03T03:17:50Z
3.36,47.34,12.2,0.0,35,0.76,2026-10-03T03:17:50Z
3.62,47.34,8.0,0.0,100,0.32,2026-10-03T03:17:50Z
3.86,47.34,13.4,0.0,67,1.5,2026-10-03T03:17:50Z
4.12,47.34,11.7,0.0,99,1.33,2026-10-03T03:17:50Z
4.36,47.34,10.9,0.0,100,0.76,2026-10-03T03:17:50Z
4.62,47.34,12.0,0.0,100,1.51,2026-10-03T03:17:50Z
4.86,47.34,13.0,0.0,100,0.85,2026-10-03T03:17:50Z
5.12,47.34,11.7,0.0,100,1.5,2026-10-03T03:17:50Z
5.36,47.34,10.7,0.0,81,0.89,2026-10-03T03:17:50Z
5.62,47.34,10.6,0.0,84,0.64,2026-10-03T03:17:50Z
5.86,47.34,12.7,0.0,98,0.86,2026-10-03T03:17:50Z
6.12,47.32,11.7,0.0,100,1.33,2026-10-03T03:17:50Z
6.36,47.34,9.7,0.0,100,0.86,2026-10-03T03:17:50Z
6.62,47.34,10.2,0.0,100,1.49,2026-10-03T03:17:50Z
6.86,47.34,9.1,0.0,100,0.58,2026-10-03T03:17:50Z
7.12,47.34,9.6,0.0,81,1.58,2026-10-03T03:17:50Z
7.36,47.34,10.9,0.0,100,0.22,2026-10-03T03:17:50Z
7.62,47.34,10.3,0.0,33,1.43,2026-10-03T03:17:50Z
7.86,47.34,12.6,0.0,41,0.91,2026-10-03T03:17:50Z
8.12,47.34,12.1,0.0,65,0.71,2026-10-03T03:17:50Z
8.36,47.34,13.2,0.0,72,0.67,2026-10-03T03:17:50Z
8.62,47.34,13.1,0.0,73,0.54,2026-10-03T03:17:50Z
8.86,47.34,12.5,0.0,54,1.48,2026-10-03T03:17:50Z
9.12,47.32,10.5,0.0,72,1.0,2026-10-03T03:17:50Z
9.36,47.34,12.3,0.0,71,1.1,2026-10-03T03:17:50Z
9.62,47.34,14.1,0.0,82,0.54,2026-10-03T03:17:50Z
-5.14,47.58,16.9,0.0,100,6.23,2026-10-03T03:17:50Z
-4.89,47.58,16.7,0.0,100,5.56,2026-10-03T03:17:50Z
-4.64,47.58,16.8,0.0,100,5.08,2026-10-03T03:17:50Z
-4.39,47.58,16.4,0.0,100,5.52,2026-10-03T03:17:50Z
-4.14,47.58,16.9,0.0,100,5.35,2026-10-03T03:17:50Z
-3.89,47.58,17.0,0.0,100,5.66,2026-10-03T03:17:50Z
-3.64,47.58,16.5,0.0,100,5.81,2026-10-03T03:17:50Z
-3.39,47.58,16.0,0.0,100,5.73,2026-10-03T03:17:50Z
-3.14,47.58,13.1,0.0,100,4.22,2026-10-03T03:17:50Z
-2.89,47.58,14.1,0.0,100,2.73,2026-10-03T03:17:50Z
-2.64,47.58,12.8,0.0,100,3.0,2026-10-03T03:17:50Z
-2.39,47.58,11.6,0.0,100,3.45,2026-10-03T03:17:50Z
-2.14,47.58,10.5,0.0,100,0.41,2026-10-03T03:17:50Z
-1.89,47.58,10.0,0.0,100,2.78,2026-10-03T03:17:50Z
-1.64,47.58,10.6,0.0,100,1.86,2026-10-03T03:17:50Z
-1.39,47.58,12.0,0.0,100,2.73,2026-10-03T03:17:50Z
-1.14,47.58,12.5,0.0,98,2.27,2026-10-03T03:17:50Z
-0.88,47.58,11.5,0.0,31,2.12,2026-10-03T03:17:50Z
-0.64,47.58,11.6,0.0,100,1.7,2026-10-03T03:17:50Z
-0.38,47.58,10.9,0.0,100,1.39,2026-10-03T03:17:50Z
-0.14,47.58,11.4,0.0,100,1.84,2026-10-03T03:17:50Z
0.12,47.58,10.9,0.0,100,1.08,2026-10-03T03:17:50Z
0.36,47.58,11.5,0.0,90,2.19,2026-10-03T03:17:50Z
0.62,47.58,11.0,0.0,42,1.7,2026-10-03T03:17:50Z
0.86,47.58,10.2,0.0,8,2.15,2026-10-03T03:17:50Z
1.12,47.58,10.7,0.0,1,3.08,2026-10-03T03:17:50Z
1.36,47.58,10.2,0.0,0,1.92,2026-10-03T03:17:50Z
1.62,47.58,10.2,0.0,0,2.02,2026-10-03T03:17:50Z
1.86,47.58,9.7,0.0,5,2.15,2026-10-03T03:17:50Z
2.12,47.58,8.6,0.0,29,1.78,2026-10-03T03:17:50Z
2.36,47.58,10.3,0.0,7,1.78,2026-10-03T03:17:50Z
2.62,47.58,9.8,0.0,2,0.76,2026-10-03T03:17:50Z
2.86,47.58,8.2,0.0,76,0.95,2026-10-03T03:17:50Z
3.12,47.58,9.5,0.0,1,1.0,2026-10-03T03:17:50Z
3.36,47.58,11.6,0.0,17,0.7,2026-10-03T03:17:50Z
3.62,47.58,10.3,0.0,36,0.71,2026-10-03T03:17:50Z
3.86,47.58,11.7,0.0,10,1.7,2026-10-03T03:17:50Z
4.12,47.58,12.2,0.0,19,1.55,2026-10-03T03:17:50Z
4.36,47.58,11.5,0.0,98,1.26,2026-10-03T03:17:50Z
4.62,47.58,11.4,0.0,97,1.2,2026-10-03T03:17:50Z
4.86,47.58,11.9,0.0,100,0.92,2026-10-03T03:17:50Z
5.12,47.58,10.6,0.0,100,1.25,2026-10-03T03:17:50Z
5.36,47.58,10.6,0.0,100,1.12,2026-10-03T03:17:50Z
5.62,47.58,11.7,0.0,76,0.82,2026-10-03T03:17:50Z
5.86,47.58,11.6,0.0,95,0.92,2026-10-03T03:17:50Z
6.12,47.58,13.8,0.0,73,1.65,2026-10-03T03:17:50Z
6.36,47.58,12.6,0.0,99,1.4,2026-10-03T03:17:50Z
6.62,47.58,13.0,0.0,93,2.9,2026-10-03T03:17:50Z
6.86,47.58,12.2,0.0,45,1.32,2026-10-03T03:17:50Z
7.12,47.58,11.0,0.0,60,0.76,2026-10-03T03:17:50Z
7.36,47.58,11.0,0.0,68,1.02,2026-10-03T03:17:50Z
7.62,47.58,12.2,0.0,45,0.3,2026-10-03T03:17:50Z
7.86,47.58,12.9,0.0,68,0.4,2026-10-03T03:17:50Z
8.12,47.58,13.6,0.0,52,1.14,2026-10-03T03:17:50Z
8.36,47.58,12.3,0.0,51,1.32,2026-10-03T03:17:50Z
8.62,47.58,13.2,0.0,77,0.81,2026-10-03T03:17:50Z
8.86,47.58,12.0,0.0,93,0.41,2026-10-03T03:17:50Z
9.12,47.58,12.5,0.0,66,0.95,2026-10-03T03:17:50Z
9.36,47.58,15.6,0.0,85,0.3,2026-10-03T03:17:50Z
9.62,47.58,14.0,0.0,68,1.35,2026-10-03T03:17:50Z
-5.14,47.83,16.8,0.0,100,4.82,2026-10-03T03:17:50Z
-4.89,47.83,16.3,0.0,100,4.44,2026-10-03T03:17:50Z
-4.64,47.83,16.0,0.0,100,2.88,2026-10-03T03:17:50Z
-4.39,47.83,15.4,0.0,100,4.2,2026-10-03T03:17:50Z
-4.14,47.83,15.5,0.0,100,3.82,2026-10-03T03:17:50Z
-3.89,47.83,14.1,0.0,100,3.26,2026-10-03T03:17:50Z
-3.64,47.83,12.2,0.0,100,2.06,2026-10-03T03:17:50Z
-3.39,47.83,11.6,0.0,100,2.22,2026-10-03T03:17:50Z
-3.14,47.83,12.8,0.0,100,3.44,2026-10-03T03:17:50Z
-2.89,47.83,10.7,0.0,100,1.53,2026-10-03T03:17:50Z
-2.64,47.83,12.6,0.0,100,1.03,2026-10-03T03:17:50Z
-2.39,47.83,10.0,0.0,100,2.3,2026-10-03T03:17:50Z
-2.14,47.83,13.2,0.0,100,3.62,2026-10-03T03:17:50Z
-1.89,47.83,9.7,0.0,100,1.55,2026-10-03T03:17:50Z
-1.64,47.83,9.9,0.0,100,3.38,2026-10-03T03:17:50Z
-1.39,47.83,9.9,0.0,100,1.63,2026-10-03T03:17:50Z
-1.14,47.84,11.7,0.0,45,1.42,2026-10-03T03:17:50Z
-0.88,47.84,11.4,0.0,15,1.78,2026-10-03T03:17:50Z
-0.64,47.84,12.0,0.0,94,2.0,2026-10-03T03:17:50Z
-0.38,47.84,11.2,0.0,94,1.62,2026-10-03T03:17:50Z
-0.14,47.84,11.5,0.0,100,1.42,2026-10-03T03:17:50Z
0.12,47.84,11.4,0.0,100,1.84,2026-10-03T03:17:50Z
0.36,47.84,11.1,0.0,100,1.89,2026-10-03T03:17:50Z
0.62,47.84,11.3,0.0,82,1.66,2026-10-03T03:17:50Z
0.86,47.84,9.8,0.0,21,2.48,2026-10-03T03:17:50Z
1.12,47.84,11.6,0.0,6,2.42,2026-10-03T03:17:50Z
1.36,47.84,11.7,0.0,1,4.0,2026-10-03T03:17:50Z
1.62,47.84,9.6,0.0,1,3.07,2026-10-03T03:17:50Z
1.86,47.84,9.4,0.0,61,1.77,2026-10-03T03:17:50Z
2.12,47.84,9.4,0.0,34,1.77,2026-10-03T03:17:50Z
2.36,47.84,9.1,0.0,9,2.55,2026-10-03T03:17:50Z
2.62,47.84,9.0,0.0,0,1.39,2026-10-03T03:17:50Z
2.86,47.84,9.7,0.0,21,0.85,2026-10-03T03:17:50Z
3.12,47.84,9.7,0.0,0,0.89,2026-10-03T03:17:50Z
3.36,47.84,10.6,0.0,0,0.22,2026-10-03T03:17:50Z
3.62,47.84,10.3,0.0,1,0.8,2026-10-03T03:17:50Z
3.86,47.84,11.7,0.0,0,0.92,2026-10-03T03:17:50Z
4.12,47.84,10.5,0.0,11,1.41,2026-10-03T03:17:50Z
4.36,47.84,9.0,0.0,82,0.67,2026-10-03T03:17:50Z
4.62,47.84,10.2,0.0,85,0.9,2026-10-03T03:17:50Z
4.86,47.84,11.6,0.0,100,1.04,2026-10-03T03:17:50Z
5.12,47.84,10.9,0.0,99,1.17,2026-10-03T03:17:50Z
5.36,47.84,11.2,0.0,93,0.22,2026-10-03T03:17:50Z
5.62,47.84,8.7,0.0,100,0.45,2026-10-03T03:17:50Z
5.86,47.84,9.3,0.0,100,0.4,2026-10-03T03:17:50Z
6.12,47.84,9.9,0.0,100,0.78,2026-10-03T03:17:50Z
6.36,47.84,10.5,0.0,92,0.72,2026-10-03T03:17:50Z
6.62,47.84,11.6,0.0,71,1.66,2026-10-03T03:17:50Z
6.86,47.84,11.3,0.0,80,2.11,2026-10-03T03:17:50Z
7.12,47.84,12.9,0.0,77,1.7,2026-10-03T03:17:50Z
7.36,47.84,10.8,0.0,74,0.99,2026-10-03T03:17:50Z
7.62,47.84,10.2,0.0,79,0.14,2026-10-03T03:17:50Z
7.86,47.82,8.7,0.0,18,1.2,2026-10-03T03:17:50Z
8.12,47.84,8.8,0.0,89,0.22,2026-10-03T03:17:50Z
8.36,47.84,8.5,0.0,87,1.1,2026-10-03T03:17:50Z
8.62,47.84,10.8,0.0,73,1.21,2026-10-03T03:17:50Z
8.86,47.84,13.3,0.0,74,1.32,2026-10-03T03:17:50Z
9.12,47.82,12.6,0.0,57,1.2,2026-10-03T03:17:50Z
9.36,47.84,13.3,0.0,77,1.42,2026-10-03T03:17:50Z
9.62,47.84,14.1,0.0,85,1.02,2026-10-03T03:17:50Z
-5.14,48.08,17.0,0.0,100,4.0,2026-10-03T03:17:50Z
-4.89,48.08,16.3,0.0,100,4.34,2026-10-03T03:17:50Z
-4.64,48.08,16.1,0.0,100,3.39,2026-10-03T03:17:50Z
-4.39,48.08,13.0,0.0,100,2.55,2026-10-03T03:17:50Z
-4.14,48.08,13.0,0.0,100,3.14,2026-10-03T03:17:50Z
-3.89,48.08,10.5,0.0,100,2.06,2026-10-03T03:17:50Z
-3.64,48.08,10.2,0.0,100,1.5,2026-10-03T03:17:50Z
-3.39,48.08,13.2,0.0,100,3.47,2026-10-03T03:17:50Z
-3.14,48.08,12.3,0.0,100,2.52,2026-10-03T03:17:50Z
-2.89,48.08,11.3,0.0,100,0.82,2026-10-03T03:17:50Z
-2.64,48.08,12.0,0.0,100,1.53,2026-10-03T03:17:50Z
-2.39,48.08,11.6,0.0,100,2.77,2026-10-03T03:17:50Z
-2.14,48.08,11.1,0.0,100,0.54,2026-10-03T03:17:50Z
-1.89,48.08,10.0,0.0,100,1.2,2026-10-03T03:17:50Z
-1.64,48.08,10.7,0.0,100,0.57,2026-10-03T03:17:50Z
-1.39,48.08,10.8,0.0,100,3.05,2026-10-03T03:17:50Z
-1.14,48.08,10.1,0.0,82,1.56,2026-10-03T03:17:50Z
-0.88,48.08,10.9,0.0,6,1.61,2026-10-03T03:17:50Z
-0.64,48.08,10.4,0.0,36,1.65,2026-10-03T03:17:50Z
-0.38,48.08,11.7,0.0,88,1.92,2026-10-03T03:17:50Z
-0.14,48.08,11.9,0.0,100,1.84,2026-10-03T03:17:50Z
0.12,48.08,11.6,0.0,100,1.68,2026-10-03T03:17:50Z
0.36,48.08,8.1,0.0,100,0.9,2026-10-03T03:17:50Z
0.62,48.08,8.4,0.0,94,0.85,2026-10-03T03:17:50Z
0.86,48.08,12.4,0.0,31,2.06,2026-10-03T03:17:50Z
1.12,48.08,9.3,0.0,19,1.46,2026-10-03T03:17:50Z
1.36,48.08,10.2,0.0,11,1.2,2026-10-03T03:17:50Z
1.62,48.08,8.6,0.0,5,3.07,2026-10-03T03:17:50Z
1.86,48.08,9.6,0.0,10,1.8,2026-10-03T03:17:50Z
2.12,48.08,8.6,0.0,28,2.13,2026-10-03T03:17:50Z
2.36,48.08,9.5,0.0,6,1.92,2026-10-03T03:17:50Z
2.62,48.08,10.0,0.0,1,1.79,2026-10-03T03:17:50Z
2.86,48.08,9.9,0.0,0,1.66,2026-10-03T03:17:50Z
3.12,48.08,11.4,0.0,5,1.56,2026-10-03T03:17:50Z
3.36,48.08,8.6,0.0,9,0.98,2026-10-03T03:17:50Z
3.62,48.08,12.5,0.0,1,1.35,2026-10-03T03:17:50Z
3.86,48.08,10.3,0.0,2,0.78,2026-10-03T03:17:50Z
4.12,48.08,8.4,0.0,87,0.78,2026-10-03T03:17:50Z
4.36,48.08,9.9,0.0,72,0.9,2026-10-03T03:17:50Z
4.62,48.08,11.5,0.0,62,1.04,2026-10-03T03:17:50Z
4.86,48.08,10.0,0.0,97,1.0,2026-10-03T03:17:50Z
5.12,48.08,9.5,0.0,84,0.98,2026-10-03T03:17:50Z
5.36,48.08,10.5,0.0,64,0.81,2026-10-03T03:17:50Z
5.62,48.08,8.4,0.0,100,0.78,2026-10-03T03:17:50Z
5.86,48.08,10.5,0.0,100,1.02,2026-10-03T03:17:50Z
6.12,48.08,11.7,0.0,94,1.0,2026-10-03T03:17:50Z
6.36,48.08,8.8,0.0,100,1.04,2026-10-03T03:17:50Z
6.62,48.08,11.0,0.0,100,1.61,2026-10-03T03:17:50Z
6.86,48.08,8.8,0.0,69,0.71,2026-10-03T03:17:50Z
7.12,48.08,11.6,0.0,23,1.08,2026-10-03T03:17:50Z
7.36,48.08,11.8,0.0,15,0.6,2026-10-03T03:17:50Z
7.62,48.08,12.2,0.0,0,0.5,2026-10-03T03:17:50Z
7.86,48.08,9.2,0.0,100,0.32,2026-10-03T03:17:50Z
8.1,48.08,11.2,0.0,28,1.53,2026-10-03T03:17:50Z
8.36,48.08,10.2,0.0,56,0.85,2026-10-03T03:17:50Z
8.62,48.08,11.2,0.0,70,0.32,2026-10-03T03:17:50Z
8.86,48.08,9.8,0.0,77,0.92,2026-10-03T03:17:50Z
9.12,48.08,11.7,0.0,87,0.92,2026-10-03T03:17:50Z
9.36,48.08,13.7,0.0,77,2.2,2026-10-03T03:17:50Z
9.62,48.08,14.4,0.0,90,1.7,2026-10-03T03:17:50Z
-5.14,48.33,16.6,0.0,100,3.16,2026-10-03T03:17:50Z
-4.89,48.33,16.2,0.0,100,3.32,2026-10-03T03:17:50Z
-4.64,48.33,15.5,0.0,100,3.28,2026-10-03T03:17:50Z
-4.39,48.33,13.4,0.0,100,3.96,2026-10-03T03:17:50Z
-4.14,48.33,13.5,0.0,100,2.36,2026-10-03T03:17:50Z
-3.89,48.33,12.9,0.0,100,3.69,2026-10-03T03:17:50Z
-3.64,48.33,10.0,0.0,100,1.82,2026-10-03T03:17:50Z
-3.39,48.33,13.2,0.0,100,3.64,2026-10-03T03:17:50Z
-3.14,48.33,13.2,0.0,100,3.18,2026-10-03T03:17:50Z
-2.89,48.33,13.3,0.0,100,2.96,2026-10-03T03:17:50Z
-2.64,48.33,11.2,0.0,100,2.34,2026-10-03T03:17:50Z
-2.39,48.33,10.9,0.0,100,1.93,2026-10-03T03:17:50Z
-2.14,48.33,9.7,0.0,100,1.2,2026-10-03T03:17:50Z
-1.89,48.33,9.7,0.0,100,0.36,2026-10-03T03:17:50Z
-1.64,48.33,10.8,0.0,100,1.03,2026-10-03T03:17:50Z
-1.38,48.34,11.4,0.0,100,1.13,2026-10-03T03:17:50Z
-1.14,48.34,11.0,0.0,100,1.61,2026-10-03T03:17:50Z
-0.88,48.34,11.4,0.0,75,2.69,2026-10-03T03:17:50Z
-0.64,48.34,8.9,0.0,82,1.39,2026-10-03T03:17:50Z
-0.38,48.34,11.4,0.0,91,2.11,2026-10-03T03:17:50Z
-0.14,48.34,12.0,0.0,98,1.88,2026-10-03T03:17:50Z
0.12,48.34,8.4,0.0,100,1.63,2026-10-03T03:17:50Z
0.36,48.34,11.4,0.0,92,1.96,2026-10-03T03:17:50Z
0.62,48.34,9.3,0.0,100,1.42,2026-10-03T03:17:50Z
0.86,48.34,7.8,0.0,29,1.44,2026-10-03T03:17:50Z
1.12,48.34,11.0,0.0,31,1.58,2026-10-03T03:17:50Z
1.36,48.34,11.3,0.0,10,1.75,2026-10-03T03:17:50Z
1.62,48.34,9.9,0.0,12,1.61,2026-10-03T03:17:50Z
1.86,48.34,9.5,0.0,16,2.68,2026-10-03T03:17:50Z
2.12,48.34,9.7,0.0,18,2.06,2026-10-03T03:17:50Z
2.36,48.34,8.5,0.0,11,1.5,2026-10-03T03:17:50Z
2.62,48.34,10.0,0.0,4,1.99,2026-10-03T03:17:50Z
2.86,48.34,8.1,0.0,1,1.14,2026-10-03T03:17:50Z
3.12,48.34,8.8,0.0,0,0.85,2026-10-03T03:17:50Z
3.36,48.34,10.2,0.0,0,1.22,2026-10-03T03:17:50Z
3.62,48.34,8.9,0.0,1,1.2,2026-10-03T03:17:50Z
3.86,48.34,10.9,0.0,1,0.99,2026-10-03T03:17:50Z
4.12,48.34,10.5,0.0,7,1.14,2026-10-03T03:17:50Z
4.36,48.34,8.6,0.0,7,1.3,2026-10-03T03:17:50Z
4.62,48.34,8.5,0.0,100,0.67,2026-10-03T03:17:50Z
4.86,48.34,10.2,0.0,30,1.28,2026-10-03T03:17:50Z
5.12,48.34,9.0,0.0,100,0.14,2026-10-03T03:17:50Z
5.36,48.34,12.2,0.0,27,0.73,2026-10-03T03:17:50Z
5.62,48.34,8.8,0.0,100,0.54,2026-10-03T03:17:50Z
5.86,48.34,7.7,0.0,100,0.2,2026-10-03T03:17:50Z
6.12,48.34,8.2,0.0,100,0.2,2026-10-03T03:17:50Z
6.36,48.34,8.8,0.0,100,0.89,2026-10-03T03:17:50Z
6.62,48.34,7.7,0.0,100,0.51,2026-10-03T03:17:50Z
6.86,48.34,8.5,0.0,100,0.14,2026-10-03T03:17:50Z
7.12,48.34,11.7,0.0,51,1.63,2026-10-03T03:17:50Z
7.36,48.34,13.0,0.0,10,1.26,2026-10-03T03:17:50Z
7.62,48.34,11.0,0.0,69,1.27,2026-10-03T03:17:50Z
7.86,48.34,10.3,0.0,63,1.43,2026-10-03T03:17:50Z
8.12,48.34,12.7,0.0,5,2.21,2026-10-03T03:17:50Z
8.36,48.32,10.3,0.0,80,1.32,2026-10-03T03:17:50Z
8.62,48.34,10.0,0.0,92,0.98,2026-10-03T03:17:50Z
8.86,48.34,10.6,0.0,96,0.22,2026-10-03T03:17:50Z
9.12,48.34,11.1,0.0,71,0.63,2026-10-03T03:17:50Z
9.36,48.34,11.1,0.0,65,0.81,2026-10-03T03:17:50Z
9.62,48.34,12.8,0.0,79,1.0,2026-10-03T03:17:50Z
-5.14,48.58,16.0,0.0,100,1.62,2026-10-03T03:17:50Z
-4.89,48.58,16.1,0.0,100,2.31,2026-10-03T03:17:50Z
-4.64,48.58,13.8,0.0,100,0.92,2026-10-03T03:17:50Z
-4.39,48.58,12.2,0.0,100,2.22,2026-10-03T03:17:50Z
-4.14,48.58,12.2,0.0,100,2.4,2026-10-03T03:17:50Z
-3.89,48.58,11.0,0.0,100,2.44,2026-10-03T03:17:50Z
-3.64,48.58,10.7,0.0,100,0.64,2026-10-03T03:17:50Z
-3.39,48.58,11.1,0.0,100,0.95,2026-10-03T03:17:50Z
-3.14,48.58,11.3,0.0,100,1.17,2026-10-03T03:17:50Z
-2.89,48.58,10.9,0.0,100,1.0,2026-10-03T03:17:50Z
-2.64,48.58,16.7,0.0,100,1.3,2026-10-03T03:17:50Z
-2.39,48.58,12.1,0.0,100,1.53,2026-10-03T03:17:50Z
-2.14,48.58,11.3,0.0,100,0.81,2026-10-03T03:17:50Z
-1.89,48.58,11.0,0.0,100,1.24,2026-10-03T03:17:50Z
-1.64,48.58,11.9,0.0,100,1.43,2026-10-03T03:17:50Z
-1.38,48.58,10.3,0.0,100,1.22,2026-10-03T03:17:50Z
-1.14,48.58,9.8,0.0,100,0.76,2026-10-03T03:17:50Z
-0.88,48.58,9.0,0.0,100,1.04,2026-10-03T03:17:50Z
-0.64,48.58,8.6,0.0,95,1.79,2026-10-03T03:17:50Z
-0.38,48.58,9.2,0.0,90,1.14,2026-10-03T03:17:50Z
-0.14,48.58,9.7,0.0,99,0.92,2026-10-03T03:17:50Z
0.12,48.58,10.4,0.0,99,0.85,2026-10-03T03:17:50Z
0.36,48.58,10.0,0.0,93,1.25,2026-10-03T03:17:50Z
0.62,48.58,11.5,0.0,92,1.84,2026-10-03T03:17:50Z
0.86,48.58,10.0,0.0,100,1.64,2026-10-03T03:17:50Z
1.12,48.58,7.8,0.0,22,0.4,2026-10-03T03:17:50Z
1.36,48.58,7.8,0.0,23,0.81,2026-10-03T03:17:50Z
1.62,48.58,6.1,0.0,25,0.95,2026-10-03T03:17:50Z
1.86,48.58,10.2,0.0,10,2.1,2026-10-03T03:17:50Z
2.12,48.58,8.3,0.0,16,0.5,2026-10-03T03:17:50Z
2.36,48.58,9.4,0.0,15,1.61,2026-10-03T03:17:50Z
2.62,48.58,7.8,0.0,11,1.43,2026-10-03T03:17:50Z
2.86,48.58,8.2,0.0,6,1.49,2026-10-03T03:17:50Z
3.12,48.58,10.3,0.0,4,1.7,2026-10-03T03:17:50Z
3.36,48.58,9.5,0.0,1,1.84,2026-10-03T03:17:50Z
3.62,48.58,11.4,0.0,1,1.28,2026-10-03T03:17:50Z
3.86,48.58,8.9,0.0,1,2.02,2026-10-03T03:17:50Z
4.12,48.58,8.9,0.0,8,1.25,2026-10-03T03:17:50Z
4.36,48.58,8.2,0.0,5,0.82,2026-10-03T03:17:50Z
4.62,48.58,8.1,0.0,4,1.24,2026-10-03T03:17:50Z
4.86,48.58,7.9,0.0,75,1.03,2026-10-03T03:17:50Z
5.12,48.58,10.6,0.0,44,1.6,2026-10-03T03:17:50Z
5.36,48.58,9.6,0.0,78,1.1,2026-10-03T03:17:50Z
5.62,48.58,9.3,0.0,100,0.5,2026-10-03T03:17:50Z
5.86,48.58,10.5,0.0,100,0.45,2026-10-03T03:17:50Z
6.12,48.58,10.5,0.0,100,0.67,2026-10-03T03:17:50Z
6.36,48.58,8.5,0.0,100,0.57,2026-10-03T03:17:50Z
6.62,48.58,8.3,0.0,100,0.72,2026-10-03T03:17:50Z
6.86,48.58,8.8,0.0,99,0.7,2026-10-03T03:17:50Z
7.12,48.58,11.7,0.0,66,1.77,2026-10-03T03:17:50Z
7.36,48.58,11.9,0.0,1,0.42,2026-10-03T03:17:50Z
7.62,48.58,11.4,0.0,54,1.3,2026-10-03T03:17:50Z
7.86,48.58,11.0,0.0,100,1.17,2026-10-03T03:17:50Z
8.12,48.58,12.9,0.0,10,1.89,2026-10-03T03:17:50Z
8.36,48.58,11.0,0.0,57,1.36,2026-10-03T03:17:50Z
8.62,48.58,7.4,0.0,100,0.28,2026-10-03T03:17:50Z
8.86,48.58,11.4,0.0,94,1.06,2026-10-03T03:17:50Z
9.12,48.58,11.9,0.0,83,0.36,2026-10-03T03:17:50Z
9.36,48.58,12.1,0.0,91,0.41,2026-10-03T03:17:50Z
9.62,48.58,13.0,0.0,80,1.14,2026-10-03T03:17:50Z
-5.14,48.83,16.2,0.0,100,1.36,2026-10-03T03:17:50Z
-4.89,48.83,16.3,0.0,100,0.61,2026-10-03T03:17:50Z
-4.64,48.83,16.3,0.0,100,1.42,2026-10-03T03:17:50Z
-4.39,48.83,16.5,0.0,100,2.62,2026-10-03T03:17:50Z
-4.14,48.83,16.6,0.0,100,2.83,2026-10-03T03:17:50Z
-3.89,48.83,16.9,0.0,100,2.59,2026-10-03T03:17:50Z
-3.64,48.83,17.0,0.0,100,2.26,2026-10-03T03:17:50Z
-3.38,48.83,14.3,0.0,100,1.26,2026-10-03T03:17:50Z
-3.14,48.83,12.9,0.0,100,0.72,2026-10-03T03:17:50Z
-2.89,48.83,17.7,0.0,100,2.56,2026-10-03T03:17:50Z
-2.64,48.83,18.1,0.0,100,2.48,2026-10-03T03:17:50Z
-2.39,48.83,17.7,0.0,100,2.2,2026-10-03T03:17:50Z
-2.14,48.83,17.6,0.0,100,1.3,2026-10-03T03:17:50Z
-1.89,48.83,17.2,0.0,100,1.78,2026-10-03T03:17:50Z
-1.64,48.83,16.7,0.0,100,0.36,2026-10-03T03:17:50Z
-1.38,48.84,11.6,0.0,100,1.1,2026-10-03T03:17:50Z
-1.14,48.84,10.4,0.0,100,0.91,2026-10-03T03:17:50Z
-0.88,48.84,9.6,0.0,100,1.17,2026-10-03T03:17:50Z
-0.64,48.84,10.4,0.0,100,0.1,2026-10-03T03:17:50Z
-0.38,48.84,8.1,0.0,100,0.22,2026-10-03T03:17:50Z
-0.14,48.84,11.7,0.0,100,0.51,2026-10-03T03:17:50Z
0.12,48.84,9.0,0.0,100,1.53,2026-10-03T03:17:50Z
0.36,48.84,10.1,0.0,100,0.91,2026-10-03T03:17:50Z
0.62,48.84,9.9,0.0,100,0.61,2026-10-03T03:17:50Z
0.86,48.84,9.3,0.0,100,1.08,2026-10-03T03:17:50Z
1.12,48.84,8.4,0.0,82,0.81,2026-10-03T03:17:50Z
1.36,48.84,7.4,0.0,23,0.63,2026-10-03T03:17:50Z
1.62,48.84,8.6,0.0,12,1.24,2026-10-03T03:17:50Z
1.86,48.84,8.6,0.0,15,0.9,2026-10-03T03:17:50Z
2.12,48.84,11.6,0.0,9,1.55,2026-10-03T03:17:50Z
2.36,48.84,12.8,0.0,12,0.98,2026-10-03T03:17:50Z
2.62,48.84,9.7,0.0,11,0.58,2026-10-03T03:17:50Z
2.86,48.84,9.4,0.0,9,1.43,2026-10-03T03:17:50Z
3.12,48.84,8.7,0.0,9,1.17,2026-10-03T03:17:50Z
3.36,48.84,8.6,0.0,13,1.14,2026-10-03T03:17:50Z
3.62,48.84,7.5,0.0,9,0.85,2026-10-03T03:17:50Z
3.86,48.84,9.4,0.0,4,1.46,2026-10-03T03:17:50Z
4.12,48.84,7.9,0.0,3,1.43,2026-10-03T03:17:50Z
4.36,48.84,7.8,0.0,3,0.5,2026-10-03T03:17:50Z
4.62,48.84,10.8,0.0,2,1.28,2026-10-03T03:17:50Z
4.86,48.84,9.0,0.0,49,1.12,2026-10-03T03:17:50Z
5.12,48.84,11.0,0.0,64,1.77,2026-10-03T03:17:50Z
5.36,48.84,9.0,0.0,93,0.58,2026-10-03T03:17:50Z
5.62,48.84,10.5,0.0,82,1.25,2026-10-03T03:17:50Z
5.86,48.84,11.3,0.0,70,1.12,2026-10-03T03:17:50Z
6.12,48.84,10.7,0.0,100,1.14,2026-10-03T03:17:50Z
6.36,48.84,10.5,0.0,100,0.85,2026-10-03T03:17:50Z
6.62,48.84,10.2,0.0,100,0.81,2026-10-03T03:17:50Z
6.86,48.84,11.4,0.0,40,1.28,2026-10-03T03:17:50Z
7.12,48.84,12.5,0.0,10,1.81,2026-10-03T03:17:50Z
7.36,48.84,11.7,0.0,13,1.26,2026-10-03T03:17:50Z
7.62,48.84,11.1,0.0,40,1.41,2026-10-03T03:17:50Z
7.86,48.84,11.7,0.0,52,1.84,2026-10-03T03:17:50Z
8.12,48.84,12.2,0.0,51,1.72,2026-10-03T03:17:50Z
8.36,48.84,12.1,0.0,0,1.6,2026-10-03T03:17:50Z
8.62,48.84,11.0,0.0,30,1.79,2026-10-03T03:17:50Z
8.86,48.84,10.9,0.0,91,0.81,2026-10-03T03:17:50Z
9.12,48.84,11.8,0.0,87,0.41,2026-10-03T03:17:50Z
9.36,48.84,12.0,0.0,97,0.4,2026-10-03T03:17:50Z
9.62,48.84,13.2,0.0,96,1.77,2026-10-03T03:17:50Z
-5.14,49.08,16.1,0.0,100,1.7,2026-10-03T03:17:50Z
-4.89,49.08,16.2,0.0,100,1.71,2026-10-03T03:17:50Z
-4.64,49.08,16.3,0.0,100,1.27,2026-10-03T03:17:50Z
-4.39,49.08,16.1,0.0,100,0.14,2026-10-03T03:17:50Z
-4.14,49.08,16.2,0.0,100,0.76,2026-10-03T03:17:50Z
-3.89,49.08,16.5,0.0,100,0.98,2026-10-03T03:17:50Z
-3.64,49.08,16.8,0.0,100,1.08,2026-10-03T03:17:50Z
-3.39,49.08,17.0,0.0,100,1.49,2026-10-03T03:17:50Z
-3.14,49.08,17.4,0.0,100,2.37,2026-10-03T03:17:50Z
-2.89,49.08,17.6,0.0,100,2.86,2026-10-03T03:17:50Z
-2.64,49.08,17.7,0.0,100,2.2,2026-10-03T03:17:50Z
-2.39,49.08,18.0,0.0,100,1.9,2026-10-03T03:17:50Z
-2.14,49.08,17.6,0.0,100,2.47,2026-10-03T03:17:50Z
-1.89,49.08,17.0,0.0,100,1.4,2026-10-03T03:17:50Z
-1.64,49.08,16.3,0.0,100,2.39,2026-10-03T03:17:50Z
-1.38,49.08,11.9,0.0,100,0.64,2026-10-03T03:17:50Z
-1.14,49.08,9.5,0.0,100,0.71,2026-10-03T03:17:50Z
-0.88,49.08,8.3,0.0,100,0.51,2026-10-03T03:17:50Z
-0.64,49.08,10.1,0.0,100,0.72,2026-10-03T03:17:50Z
-0.38,49.08,10.9,0.0,100,0.71,2026-10-03T03:17:50Z
-0.14,49.08,10.4,0.0,100,0.78,2026-10-03T03:17:50Z
0.12,49.08,10.4,0.0,100,1.99,2026-10-03T03:17:50Z
0.36,49.08,9.5,0.0,100,0.91,2026-10-03T03:17:50Z
0.62,49.08,9.3,0.0,100,0.14,2026-10-03T03:17:50Z
0.86,49.08,9.3,0.0,95,0.5,2026-10-03T03:17:50Z
1.12,49.08,9.3,0.0,100,0.72,2026-10-03T03:17:50Z
1.36,49.08,9.7,0.0,70,0.95,2026-10-03T03:17:50Z
1.62,49.08,6.7,0.0,79,1.21,2026-10-03T03:17:50Z
1.86,49.08,9.6,0.0,32,1.03,2026-10-03T03:17:50Z
2.12,49.08,7.7,0.0,18,1.32,2026-10-03T03:17:50Z
2.36,49.08,10.5,0.0,34,1.92,2026-10-03T03:17:50Z
2.62,49.08,9.7,0.0,21,2.02,2026-10-03T03:17:50Z
2.86,49.08,8.8,0.0,12,1.53,2026-10-03T03:17:50Z
3.12,49.08,9.0,0.0,11,0.91,2026-10-03T03:17:50Z
3.36,49.08,9.7,0.0,12,0.99,2026-10-03T03:17:50Z
3.62,49.08,8.1,0.0,19,0.36,2026-10-03T03:17:50Z
3.86,49.08,10.7,0.0,12,1.77,2026-10-03T03:17:50Z
4.12,49.08,10.3,0.0,4,1.33,2026-10-03T03:17:50Z
4.36,49.08,7.9,0.0,5,1.6,2026-10-03T03:17:50Z
4.62,49.08,10.1,0.0,3,1.71,2026-10-03T03:17:50Z
4.86,49.08,9.9,0.0,4,0.63,2026-10-03T03:17:50Z
5.12,49.08,9.7,0.0,33,0.67,2026-10-03T03:17:50Z
5.36,49.08,10.2,0.0,81,0.32,2026-10-03T03:17:50Z
5.62,49.08,9.8,0.0,98,0.81,2026-10-03T03:17:50Z
5.86,49.08,10.2,0.0,88,1.12,2026-10-03T03:17:50Z
6.12,49.08,11.2,0.0,77,0.86,2026-10-03T03:17:50Z
6.36,49.08,10.5,0.0,94,1.13,2026-10-03T03:17:50Z
6.62,49.08,11.8,0.0,73,1.91,2026-10-03T03:17:50Z
6.86,49.08,11.6,0.0,19,1.14,2026-10-03T03:17:50Z
7.12,49.08,10.8,0.0,5,1.2,2026-10-03T03:17:50Z
7.36,49.08,11.9,0.0,5,1.41,2026-10-03T03:17:50Z
7.62,49.08,11.3,0.0,3,1.2,2026-10-03T03:17:50Z
7.86,49.08,13.0,0.0,19,1.96,2026-10-03T03:17:50Z
8.12,49.08,11.6,0.0,13,2.37,2026-10-03T03:17:50Z
8.36,49.08,12.7,0.0,19,2.33,2026-10-03T03:17:50Z
8.62,49.08,11.1,0.0,53,1.65,2026-10-03T03:17:50Z
8.86,49.08,12.5,0.0,33,2.5,2026-10-03T03:17:50Z
9.12,49.08,11.2,0.0,76,1.26,2026-10-03T03:17:50Z
9.36,49.08,11.8,0.0,60,1.57,2026-10-03T03:17:50Z
9.62,49.08,12.2,0.0,100,1.81,2026-10-03T03:17:50Z
-5.14,49.33,16.5,0.0,100,2.77,2026-10-03T03:17:50Z
-4.89,49.33,16.2,0.0,100,2.31,2026-10-03T03:17:50Z
-4.64,49.33,16.1,0.0,100,1.77,2026-10-03T03:17:50Z
-4.39,49.33,16.0,0.0,100,2.13,2026-10-03T03:17:50Z
-4.14,49.33,16.1,0.0,100,2.31,2026-10-03T03:17:50Z
-3.89,49.33,16.3,0.0,100,1.49,2026-10-03T03:17:50Z
-3.64,49.33,16.6,0.0,100,0.81,2026-10-03T03:17:50Z
-3.39,49.33,16.8,0.0,100,0.81,2026-10-03T03:17:50Z
-3.14,49.33,17.1,0.0,100,1.04,2026-10-03T03:17:50Z
-2.89,49.33,17.5,0.0,100,1.71,2026-10-03T03:17:50Z
-2.64,49.33,17.5,0.0,100,1.86,2026-10-03T03:17:50Z
-2.39,49.33,17.7,0.0,100,2.77,2026-10-03T03:17:50Z
-2.14,49.33,17.8,0.0,100,2.0,2026-10-03T03:17:50Z
-1.89,49.33,16.9,0.0,100,2.24,2026-10-03T03:17:50Z
-1.64,49.34,11.2,0.0,100,0.92,2026-10-03T03:17:50Z
-1.38,49.34,10.9,0.0,100,0.67,2026-10-03T03:17:50Z
-1.14,49.34,11.2,0.0,100,0.78,2026-10-03T03:17:50Z
-0.88,49.34,13.0,0.0,100,0.98,2026-10-03T03:17:50Z
-0.64,49.32,12.3,0.0,100,1.3,2026-10-03T03:17:50Z
-0.38,49.32,12.2,0.0,100,1.8,2026-10-03T03:17:50Z
-0.14,49.34,14.9,0.0,100,2.01,2026-10-03T03:17:50Z
0.12,49.34,11.4,0.0,99,1.51,2026-10-03T03:17:50Z
0.36,49.34,11.3,0.0,100,0.89,2026-10-03T03:17:50Z
0.62,49.34,10.6,0.0,100,0.71,2026-10-03T03:17:50Z
0.86,49.34,9.9,0.0,100,0.28,2026-10-03T03:17:50Z
1.12,49.34,9.1,0.0,94,0.3,2026-10-03T03:17:50Z
1.36,49.34,6.6,0.0,61,0.67,2026-10-03T03:17:50Z
1.62,49.34,7.4,0.0,37,0.9,2026-10-03T03:17:50Z
1.86,49.34,10.2,0.0,32,1.14,2026-10-03T03:17:50Z
2.12,49.34,10.0,0.0,15,0.91,2026-10-03T03:17:50Z
2.36,49.34,8.6,0.0,83,1.02,2026-10-03T03:17:50Z
2.62,49.34,6.4,0.0,87,0.41,2026-10-03T03:17:50Z
2.86,49.34,5.4,0.0,19,0.3,2026-10-03T03:17:50Z
3.12,49.34,9.8,0.0,18,0.76,2026-10-03T03:17:50Z
3.36,49.34,8.8,0.0,18,0.51,2026-10-03T03:17:50Z
3.62,49.34,10.5,0.0,13,1.5,2026-10-03T03:17:50Z
3.86,49.34,10.7,0.0,14,0.94,2026-10-03T03:17:50Z
4.12,49.34,8.2,0.0,10,0.63,2026-10-03T03:17:50Z
4.36,49.34,9.5,0.0,4,1.44,2026-10-03T03:17:50Z
4.62,49.34,10.2,0.0,2,0.89,2026-10-03T03:17:50Z
4.86,49.34,9.5,0.0,42,1.36,2026-10-03T03:17:50Z
5.12,49.34,9.4,0.0,14,1.22,2026-10-03T03:17:50Z
5.36,49.34,9.8,0.0,32,0.28,2026-10-03T03:17:50Z
5.62,49.34,10.4,0.0,55,0.86,2026-10-03T03:17:50Z
5.86,49.34,12.4,0.0,84,2.61,2026-10-03T03:17:50Z
6.12,49.34,11.8,0.0,93,1.0,2026-10-03T03:17:50Z
6.36,49.34,10.9,0.0,80,1.21,2026-10-03T03:17:50Z
6.62,49.34,12.1,0.0,25,1.8,2026-10-03T03:17:50Z
6.86,49.34,12.0,0.0,28,1.52,2026-10-03T03:17:50Z
7.12,49.34,10.7,0.0,9,1.12,2026-10-03T03:17:50Z
7.36,49.34,10.5,0.0,54,1.49,2026-10-03T03:17:50Z
7.62,49.34,11.5,0.0,21,1.41,2026-10-03T03:17:50Z
7.86,49.34,10.2,0.0,58,1.65,2026-10-03T03:17:50Z
8.1,49.32,10.8,0.0,80,0.67,2026-10-03T03:17:50Z
8.36,49.34,10.5,0.0,78,1.22,2026-10-03T03:17:50Z
8.62,49.34,10.7,0.0,100,0.5,2026-10-03T03:17:50Z
8.86,49.34,12.3,0.0,22,2.6,2026-10-03T03:17:50Z
9.12,49.34,12.9,0.0,95,2.25,2026-10-03T03:17:50Z
9.36,49.34,12.5,0.0,100,2.36,2026-10-03T03:17:50Z
9.62,49.34,11.9,0.0,100,1.75,2026-10-03T03:17:50Z
-5.14,49.58,16.6,0.0,100,3.86,2026-10-03T03:17:50Z
-4.89,49.58,16.5,0.0,100,4.03,2026-10-03T03:17:50Z
-4.64,49.58,16.4,0.0,100,3.83,2026-10-03T03:17:50Z
-4.39,49.58,16.5,0.0,100,3.36,2026-10-03T03:17:50Z
-4.14,49.58,16.3,0.0,100,3.47,2026-10-03T03:17:50Z
-3.89,49.58,16.4,0.0,100,3.64,2026-10-03T03:17:50Z
-3.64,49.58,16.7,0.0,100,3.12,2026-10-03T03:17:50Z
-3.39,49.58,16.8,0.0,100,2.94,2026-10-03T03:17:50Z
-3.14,49.58,17.0,0.0,100,1.97,2026-10-03T03:17:50Z
-2.89,49.58,17.3,0.0,100,1.17,2026-10-03T03:17:50Z
-2.64,49.58,17.6,0.0,100,0.2,2026-10-03T03:17:50Z
-2.39,49.58,17.4,0.0,100,1.36,2026-10-03T03:17:50Z
-2.14,49.58,17.2,0.0,100,1.57,2026-10-03T03:17:50Z
-1.89,49.58,16.6,0.0,100,1.17,2026-10-03T03:17:50Z
-1.64,49.58,13.0,0.0,100,0.41,2026-10-03T03:17:50Z
-1.38,49.58,12.1,0.0,100,0.94,2026-10-03T03:17:50Z
-1.14,49.58,17.9,0.0,100,1.22,2026-10-03T03:17:50Z
-0.88,49.58,18.0,0.0,100,2.24,2026-10-03T03:17:50Z
-0.64,49.58,18.1,0.0,100,3.16,2026-10-03T03:17:50Z
-0.38,49.58,18.0,0.0,100,2.53,2026-10-03T03:17:50Z
-0.14,49.58,17.5,0.0,92,2.69,2026-10-03T03:17:50Z
0.12,49.58,12.1,0.0,100,2.28,2026-10-03T03:17:50Z
0.36,49.58,10.2,0.0,100,0.81,2026-10-03T03:17:50Z
0.62,49.58,11.2,0.0,77,0.41,2026-10-03T03:17:50Z
0.86,49.58,10.2,0.0,100,0.76,2026-10-03T03:17:50Z
1.12,49.58,9.1,0.0,100,0.57,2026-10-03T03:17:50Z
1.36,49.58,9.5,0.0,97,0.94,2026-10-03T03:17:50Z
1.62,49.58,5.7,0.0,55,0.73,2026-10-03T03:17:50Z
1.86,49.58,8.5,0.0,42,0.85,2026-10-03T03:17:50Z
2.12,49.58,10.0,0.0,14,1.02,2026-10-03T03:17:50Z
2.349,49.576,8.8,0.0,98,1.3,2026-10-03T03:17:50Z
2.61,49.576,7.9,0.0,97,0.4,2026-10-03T03:17:50Z
2.871,49.576,8.2,0.0,96,0.4,2026-10-03T03:17:50Z
3.103,49.576,7.8,0.0,93,0.7,2026-10-03T03:17:50Z
3.364,49.576,10.5,0.0,94,1.7,2026-10-03T03:17:50Z
3.596,49.576,10.1,0.0,97,0.8,2026-10-03T03:17:50Z
3.857,49.576,8.7,0.0,100,0.2,2026-10-03T03:17:50Z
4.118,49.576,11.1,0.0,100,2.7,2026-10-03T03:17:50Z
4.35,49.576,8.8,0.0,97,1.7,2026-10-03T03:17:50Z
4.611,49.576,11.9,0.0,99,3.7,2026-10-03T03:17:50Z
4.872,49.576,10.6,0.0,99,1.9,2026-10-03T03:17:50Z
5.104,49.576,10.8,0.0,100,1.5,2026-10-03T03:17:50Z
5.365,49.576,9.7,0.0,100,1.9,2026-10-03T03:17:50Z
5.597,49.576,9.5,0.0,100,0.7,2026-10-03T03:17:50Z
5.858,49.576,10.2,0.0,100,2.5,2026-10-03T03:17:50Z
6.119,49.576,11.5,0.0,100,0.7,2026-10-03T03:17:50Z
6.351,49.576,11.3,0.0,100,1.9,2026-10-03T03:17:50Z
6.612,49.576,11.1,0.0,99,0.7,2026-10-03T03:17:50Z
6.873,49.576,11.4,0.0,87,1.9,2026-10-03T03:17:50Z
7.105,49.576,9.6,0.0,96,1.9,2026-10-03T03:17:50Z
7.366,49.576,10.7,0.0,100,2.9,2026-10-03T03:17:50Z
7.598,49.576,10.9,0.0,100,1.6,2026-10-03T03:17:50Z
7.86,49.58,9.6,0.0,96,1.13,2026-10-03T03:17:50Z
8.12,49.58,9.8,0.0,100,1.04,2026-10-03T03:17:50Z
8.36,49.58,11.3,0.0,98,1.32,2026-10-03T03:17:50Z
8.62,49.58,9.9,0.0,95,0.92,2026-10-03T03:17:50Z
8.86,49.58,10.1,0.0,90,1.55,2026-10-03T03:17:50Z
9.12,49.58,9.5,0.0,100,0.64,2026-10-03T03:17:50Z
9.36,49.58,11.7,0.0,100,1.52,2026-10-03T03:17:50Z
9.62,49.58,11.6,0.0,100,0.58,2026-10-03T03:17:50Z
-5.14,49.83,16.6,0.0,100,5.3,2026-10-03T03:17:50Z
-4.89,49.83,16.6,0.0,100,4.9,2026-10-03T03:17:50Z
-4.64,49.83,16.5,0.0,100,5.37,2026-10-03T03:17:50Z
-4.39,49.83,16.6,0.0,100,5.3,2026-10-03T03:17:50Z
-4.14,49.83,16.8,0.0,100,4.74,2026-10-03T03:17:50Z
-3.89,49.83,16.7,0.0,100,4.26,2026-10-03T03:17:50Z
-3.64,49.83,16.7,0.0,100,4.22,2026-10-03T03:17:50Z
-3.39,49.83,16.8,0.0,100,4.19,2026-10-03T03:17:50Z
-3.14,49.83,16.9,0.0,100,3.5,2026-10-03T03:17:50Z
-2.89,49.83,17.1,0.0,100,3.2,2026-10-03T03:17:50Z
-2.64,49.83,17.4,0.0,100,2.02,2026-10-03T03:17:50Z
-2.39,49.83,17.5,0.0,100,1.5,2026-10-03T03:17:50Z
-2.14,49.83,17.2,0.0,100,0.92,2026-10-03T03:17:50Z
-1.89,49.83,17.1,0.0,100,0.8,2026-10-03T03:17:50Z
-1.64,49.84,18.1,0.0,99,1.61,2026-10-03T03:17:50Z
-1.38,49.84,18.2,0.0,100,2.13,2026-10-03T03:17:50Z
-1.14,49.84,18.4,0.0,100,1.91,2026-10-03T03:17:50Z
-0.88,49.84,18.4,0.0,100,2.94,2026-10-03T03:17:50Z
-0.64,49.84,18.3,0.0,99,3.14,2026-10-03T03:17:50Z
-0.38,49.84,18.4,0.0,100,2.98,2026-10-03T03:17:50Z
-0.14,49.84,18.3,0.0,100,2.93,2026-10-03T03:17:50Z
0.12,49.84,18.2,0.0,100,1.73,2026-10-03T03:17:50Z
0.36,49.84,16.2,0.0,100,1.71,2026-10-03T03:17:50Z
0.62,49.84,9.1,0.0,100,2.12,2026-10-03T03:17:50Z
0.86,49.84,9.1,0.0,100,1.04,2026-10-03T03:17:50Z
1.12,49.84,9.7,0.0,99,1.12,2026-10-03T03:17:50Z
1.36,49.84,8.7,0.0,99,0.86,2026-10-03T03:17:50Z
1.62,49.84,10.9,0.0,84,0.54,2026-10-03T03:17:50Z
1.86,49.84,10.5,0.0,18,0.32,2026-10-03T03:17:50Z
2.12,49.84,10.4,0.0,27,0.78,2026-10-03T03:17:50Z
2.349,49.828,8.4,0.0,100,0.4,2026-10-03T03:17:50Z
2.61,49.828,7.6,0.0,100,1.6,2026-10-03T03:17:50Z
2.871,49.828,7.9,0.0,96,1.5,2026-10-03T03:17:50Z
3.103,49.828,7.6,0.0,94,1.1,2026-10-03T03:17:50Z
3.364,49.828,8.1,0.0,95,1.6,2026-10-03T03:17:50Z
3.596,49.828,9.2,0.0,94,1.8,2026-10-03T03:17:50Z
3.857,49.828,9.8,0.0,96,2.5,2026-10-03T03:17:50Z
4.118,49.828,7.5,0.0,98,1.5,2026-10-03T03:17:50Z
4.35,49.828,9.9,0.0,98,3.4,2026-10-03T03:17:50Z
4.611,49.828,10.5,0.0,97,2.7,2026-10-03T03:17:50Z
4.872,49.828,11.9,0.0,97,2.1,2026-10-03T03:17:50Z
5.104,49.828,10.3,0.0,97,1.6,2026-10-03T03:17:50Z
5.365,49.828,8.9,0.0,100,1.7,2026-10-03T03:17:50Z
5.597,49.828,9.6,0.0,99,1.8,2026-10-03T03:17:50Z
5.858,49.828,10.4,0.0,98,2.2,2026-10-03T03:17:50Z
6.119,49.828,10.9,0.0,100,1.6,2026-10-03T03:17:50Z
6.351,49.828,9.2,0.0,94,1.1,2026-10-03T03:17:50Z
6.612,49.828,9.5,0.0,97,1.1,2026-10-03T03:17:50Z
6.873,49.828,10.2,0.0,99,0.2,2026-10-03T03:17:50Z
7.105,49.828,10.3,0.0,100,1.8,2026-10-03T03:17:50Z
7.366,49.828,8.4,0.0,100,0.9,2026-10-03T03:17:50Z
7.598,49.828,11.7,0.0,100,2.2,2026-10-03T03:17:50Z
7.86,49.84,9.7,0.0,100,0.32,2026-10-03T03:17:50Z
8.12,49.84,10.4,0.0,90,0.64,2026-10-03T03:17:50Z
8.36,49.84,11.5,0.0,59,1.4,2026-10-03T03:17:50Z
8.62,49.84,11.6,0.0,86,1.79,2026-10-03T03:17:50Z
8.86,49.84,9.1,0.0,100,0.3,2026-10-03T03:17:50Z
9.12,49.84,10.1,0.0,100,0.81,2026-10-03T03:17:50Z
9.36,49.84,11.4,0.0,85,1.48,2026-10-03T03:17:50Z
9.62,49.84,10.3,0.0,100,0.6,2026-10-03T03:17:50Z
-5.1331,50.083,14.9,0.0,100,2.1,2026-10-03T03:17:50Z
-4.8812,50.0888,17.1,0.0,100,4.8,2026-10-03T03:17:50Z
-4.6284,50.0759,17.0,0.0,55,4.8,2026-10-03T03:17:50Z
-4.3764,50.0805,16.8,0.0,49,5.3,2026-10-03T03:17:50Z
-4.1525,50.084,16.7,0.0,76,5.1,2026-10-03T03:17:50Z
-3.9005,50.0875,16.7,0.0,88,4.6,2026-10-03T03:17:50Z
-3.648,50.0724,16.7,0.0,83,4.7,2026-10-03T03:17:50Z
-3.396,50.0748,16.8,0.0,95,4.0,2026-10-03T03:17:50Z
-3.144,50.0765,16.8,0.0,97,3.6,2026-10-03T03:17:50Z
-2.892,50.0777,16.9,0.0,98,4.2,2026-10-03T03:17:50Z
-2.64,50.0783,17.2,0.0,100,3.8,2026-10-03T03:17:50Z
-2.388,50.0783,17.2,0.0,100,3.4,2026-10-03T03:17:50Z
-2.136,50.0778,17.3,0.0,100,3.2,2026-10-03T03:17:50Z
-1.884,50.0767,17.1,0.0,100,3.0,2026-10-03T03:17:50Z
-1.632,50.075,17.4,0.0,100,3.1,2026-10-03T03:17:50Z
-1.38,50.0727,17.5,0.0,100,2.8,2026-10-03T03:17:50Z
-1.1275,50.0879,17.7,0.0,100,3.2,2026-10-03T03:17:50Z
-0.9035,50.0849,18.0,0.0,100,3.5,2026-10-03T03:17:50Z
-0.6516,50.0809,18.4,0.0,100,4.3,2026-10-03T03:17:50Z
-0.3996,50.0764,17.9,0.0,100,4.1,2026-10-03T03:17:50Z
-0.1477,50.0714,17.9,0.0,100,3.4,2026-10-03T03:17:50Z
0.12,50.08,18.6,0.0,100,2.44,2026-10-03T03:17:50Z
0.36,50.08,18.6,0.0,100,2.2,2026-10-03T03:17:50Z
0.62,50.08,18.4,0.0,100,2.21,2026-10-03T03:17:50Z
0.86,50.08,17.9,0.0,100,2.04,2026-10-03T03:17:50Z
1.12,50.08,17.3,0.0,100,1.6,2026-10-03T03:17:50Z
1.38,50.06,8.8,0.0,100,1.66,2026-10-03T03:17:50Z
1.62,50.08,10.4,0.0,66,1.04,2026-10-03T03:17:50Z
1.86,50.08,6.9,0.0,62,0.54,2026-10-03T03:17:50Z
2.12,50.08,9.5,0.0,24,0.81,2026-10-03T03:17:50Z
2.349,50.08,8.7,0.0,99,1.9,2026-10-03T03:17:50Z
2.61,50.08,9.1,0.0,100,1.7,2026-10-03T03:17:50Z
2.871,50.08,7.8,0.0,97,0.5,2026-10-03T03:17:50Z
3.103,50.08,7.9,0.0,98,0.7,2026-10-03T03:17:50Z
3.364,50.08,9.7,0.0,95,2.9,2026-10-03T03:17:50Z
3.596,50.08,7.3,0.0,95,1.8,2026-10-03T03:17:50Z
3.857,50.08,6.6,0.0,96,1.8,2026-10-03T03:17:50Z
4.118,50.08,9.1,0.0,96,1.7,2026-10-03T03:17:50Z
4.35,50.08,7.8,0.0,98,1.1,2026-10-03T03:17:50Z
4.611,50.08,7.7,0.0,98,1.3,2026-10-03T03:17:50Z
4.872,50.08,11.8,0.0,97,2.0,2026-10-03T03:17:50Z
5.104,50.08,10.2,0.0,94,1.3,2026-10-03T03:17:50Z
5.365,50.08,11.8,0.0,95,2.5,2026-10-03T03:17:50Z
5.597,50.08,7.8,0.0,99,0.0,2026-10-03T03:17:50Z
5.858,50.08,7.6,0.0,97,2.0,2026-10-03T03:17:50Z
6.119,50.08,8.4,0.0,93,1.2,2026-10-03T03:17:50Z
6.351,50.08,8.2,0.0,85,1.2,2026-10-03T03:17:50Z
6.612,50.08,10.4,0.0,95,1.3,2026-10-03T03:17:50Z
6.873,50.08,10.4,0.0,99,2.6,2026-10-03T03:17:50Z
7.105,50.08,9.8,0.0,100,1.4,2026-10-03T03:17:50Z
7.366,50.08,8.6,0.0,100,1.0,2026-10-03T03:17:50Z
7.598,50.08,9.7,0.0,100,1.6,2026-10-03T03:17:50Z
7.86,50.08,8.6,0.0,96,0.45,2026-10-03T03:17:50Z
8.12,50.08,12.8,0.0,16,1.41,2026-10-03T03:17:50Z
8.36,50.08,13.5,0.0,3,1.27,2026-10-03T03:17:50Z
8.62,50.08,10.0,0.0,93,1.39,2026-10-03T03:17:50Z
8.86,50.08,10.2,0.0,62,1.06,2026-10-03T03:17:50Z
9.12,50.08,7.9,0.0,99,1.21,2026-10-03T03:17:50Z
9.36,50.08,10.0,0.0,100,0.91,2026-10-03T03:17:50Z
9.62,50.08,9.8,0.0,100,0.92,2026-10-03T03:17:50Z
-5.1473,50.3349,15.0,0.0,35,3.2,2026-10-03T03:17:50Z
-4.8931,50.3226,13.1,0.0,41,1.4,2026-10-03T03:17:50Z
-4.6398,50.3278,14.5,0.0,50,1.9,2026-10-03T03:17:50Z
-4.3591,50.3509,16.6,0.0,75,5.1,2026-10-03T03:17:50Z
-4.1332,50.3364,16.3,0.0,57,3.3,2026-10-03T03:17:50Z
-3.8793,50.3218,14.9,0.0,93,2.8,2026-10-03T03:17:50Z
-3.626,50.3247,13.6,0.0,39,2.3,2026-10-03T03:17:50Z
-3.4008,50.3267,16.9,0.0,30,5.0,2026-10-03T03:17:50Z
-3.1475,50.3285,17.1,0.0,0,4.9,2026-10-03T03:17:50Z
-2.8941,50.3297,17.1,0.0,82,5.0,2026-10-03T03:17:50Z
-2.6408,50.3303,17.3,0.0,90,4.6,2026-10-03T03:17:50Z
-2.3874,50.3303,17.4,0.0,51,4.3,2026-10-03T03:17:50Z
-2.134,50.3298,17.4,0.0,98,4.0,2026-10-03T03:17:50Z
-1.8807,50.3287,17.4,0.0,100,3.9,2026-10-03T03:17:50Z
-1.6273,50.327,17.3,0.0,100,4.1,2026-10-03T03:17:50Z
-1.4021,50.325,17.3,0.0,100,4.0,2026-10-03T03:17:50Z
-1.1488,50.3222,17.4,0.0,100,4.1,2026-10-03T03:17:50Z
-0.8949,50.3368,17.5,0.0,100,4.0,2026-10-03T03:17:50Z
-0.6416,50.3329,17.6,0.0,100,4.3,2026-10-03T03:17:50Z
-0.3883,50.3283,18.1,0.0,100,5.7,2026-10-03T03:17:50Z
-0.1351,50.3232,18.1,0.0,100,4.8,2026-10-03T03:17:50Z
0.1191,50.3355,17.8,0.0,44,4.2,2026-10-03T03:17:50Z
0.3724,50.3293,17.8,0.0,62,3.8,2026-10-03T03:17:50Z
0.62,50.34,18.7,0.0,92,2.72,2026-10-03T03:17:50Z
0.86,50.34,18.5,0.0,96,2.43,2026-10-03T03:17:50Z
1.12,50.34,18.4,0.0,91,2.21,2026-10-03T03:17:50Z
1.36,50.34,17.1,0.0,100,2.91,2026-10-03T03:17:50Z
1.62,50.34,9.8,0.0,100,1.26,2026-10-03T03:17:50Z
1.86,50.34,9.0,0.0,95,0.98,2026-10-03T03:17:50Z
2.12,50.34,7.3,0.0,76,0.22,2026-10-03T03:17:50Z
2.349,50.332,8.6,0.0,100,2.0,2026-10-03T03:17:50Z
2.61,50.332,8.3,0.0,100,0.9,2026-10-03T03:17:50Z
2.871,50.332,8.8,0.0,94,0.9,2026-10-03T03:17:50Z
3.103,50.332,9.1,0.0,96,0.5,2026-10-03T03:17:50Z
3.364,50.332,8.9,0.0,95,1.0,2026-10-03T03:17:50Z
3.596,50.332,9.6,0.0,94,2.0,2026-10-03T03:17:50Z
3.857,50.332,9.1,0.0,95,2.5,2026-10-03T03:17:50Z
4.118,50.332,8.2,0.0,96,2.6,2026-10-03T03:17:50Z
4.35,50.332,8.7,0.0,95,2.3,2026-10-03T03:17:50Z
4.611,50.332,8.7,0.0,98,2.1,2026-10-03T03:17:50Z
4.872,50.332,8.1,0.0,99,0.3,2026-10-03T03:17:50Z
5.104,50.332,8.9,0.0,95,1.2,2026-10-03T03:17:50Z
5.365,50.332,9.9,0.0,91,0.7,2026-10-03T03:17:50Z
5.597,50.332,11.7,0.0,92,2.0,2026-10-03T03:17:50Z
5.858,50.332,9.1,0.0,93,1.8,2026-10-03T03:17:50Z
6.119,50.332,7.3,0.0,89,0.4,2026-10-03T03:17:50Z
6.351,50.332,7.0,0.0,98,2.5,2026-10-03T03:17:50Z
6.612,50.332,7.0,0.0,94,1.3,2026-10-03T03:17:50Z
6.873,50.332,7.8,0.0,92,0.5,2026-10-03T03:17:50Z
7.105,50.332,7.3,0.0,95,1.5,2026-10-03T03:17:50Z
7.366,50.332,8.9,0.0,100,0.4,2026-10-03T03:17:50Z
7.598,50.332,11.0,0.0,100,1.1,2026-10-03T03:17:50Z
7.86,50.34,9.9,0.0,100,0.71,2026-10-03T03:17:50Z
8.12,50.34,9.7,0.0,100,0.32,2026-10-03T03:17:50Z
8.36,50.34,8.1,0.0,61,0.36,2026-10-03T03:17:50Z
8.62,50.34,9.5,0.0,25,0.0,2026-10-03T03:17:50Z
8.86,50.34,8.0,0.0,100,1.0,2026-10-03T03:17:50Z
9.12,50.34,9.7,0.0,26,1.94,2026-10-03T03:17:50Z
9.36,50.34,7.8,0.0,84,1.44,2026-10-03T03:17:50Z
9.62,50.34,9.8,0.0,98,0.91,2026-10-03T03:17:50Z
-5.1334,50.5873,17.3,0.0,100,7.7,2026-10-03T03:17:50Z
-4.8778,50.5751,15.2,0.0,100,3.4,2026-10-03T03:17:50Z
-4.6514,50.5797,13.6,0.0,89,3.8,2026-10-03T03:17:50Z
-4.3968,50.5843,12.7,0.0,16,1.8,2026-10-03T03:17:50Z
-4.1421,50.5883,14.1,0.0,100,2.5,2026-10-03T03:17:50Z
-3.8868,50.5738,13.6,0.0,100,3.9,2026-10-03T03:17:50Z
-3.6321,50.5766,14.7,0.0,61,2.1,2026-10-03T03:17:50Z
-3.3774,50.5789,16.8,0.0,46,5.5,2026-10-03T03:17:50Z
-3.151,50.5805,17.0,0.0,35,6.6,2026-10-03T03:17:50Z
-2.8963,50.5817,17.3,0.0,0,6.7,2026-10-03T03:17:50Z
-2.6415,50.5823,17.3,0.0,25,5.4,2026-10-03T03:17:50Z
-2.3868,50.5823,17.4,0.0,61,4.2,2026-10-03T03:17:50Z
-2.1036,50.5997,16.7,0.0,94,4.0,2026-10-03T03:17:50Z
-1.8773,50.5807,17.6,0.0,71,5.1,2026-10-03T03:17:50Z
-1.6509,50.5792,17.6,0.0,95,5.0,2026-10-03T03:17:50Z
-1.3962,50.5769,17.6,0.0,100,4.9,2026-10-03T03:17:50Z
-1.1415,50.5741,17.5,0.0,100,4.8,2026-10-03T03:17:50Z
-0.8862,50.5887,17.5,0.0,100,4.3,2026-10-03T03:17:50Z
-0.6315,50.5847,17.8,0.0,100,4.3,2026-10-03T03:17:50Z
-0.3768,50.5802,17.8,0.0,100,4.8,2026-10-03T03:17:50Z
-0.1505,50.5757,18.1,0.0,100,5.8,2026-10-03T03:17:50Z
0.1051,50.588,18.0,0.0,66,5.8,2026-10-03T03:17:50Z
0.3597,50.5818,17.9,0.0,32,5.0,2026-10-03T03:17:50Z
0.6142,50.5749,17.9,0.0,2,4.4,2026-10-03T03:17:50Z
0.87,50.5855,17.8,0.0,0,3.7,2026-10-03T03:17:50Z
1.12,50.58,18.5,0.0,85,3.31,2026-10-03T03:17:50Z
1.36,50.58,17.4,0.0,91,3.8,2026-10-03T03:17:50Z
1.62,50.58,12.6,0.0,98,2.02,2026-10-03T03:17:50Z
1.86,50.58,8.5,0.0,100,1.14,2026-10-03T03:17:50Z
2.12,50.58,10.7,0.0,36,0.45,2026-10-03T03:17:50Z
2.349,50.584,8.6,0.0,100,1.8,2026-10-03T03:17:50Z
2.61,50.584,7.5,0.0,99,0.7,2026-10-03T03:17:50Z
2.871,50.584,8.0,0.0,100,1.5,2026-10-03T03:17:50Z
3.103,50.584,11.8,0.0,97,1.3,2026-10-03T03:17:50Z
3.364,50.584,8.1,0.0,96,1.4,2026-10-03T03:17:50Z
3.596,50.584,7.3,0.0,95,1.2,2026-10-03T03:17:50Z
3.857,50.584,8.7,0.0,95,1.0,2026-10-03T03:17:50Z
4.118,50.584,9.2,0.0,97,2.7,2026-10-03T03:17:50Z
4.35,50.584,10.4,0.0,95,2.9,2026-10-03T03:17:50Z
4.611,50.584,8.0,0.0,96,2.7,2026-10-03T03:17:50Z
4.872,50.584,8.9,0.0,95,2.6,2026-10-03T03:17:50Z
5.104,50.584,9.2,0.0,96,2.2,2026-10-03T03:17:50Z
5.365,50.584,10.4,0.0,86,0.3,2026-10-03T03:17:50Z
5.597,50.584,10.7,0.0,82,1.6,2026-10-03T03:17:50Z
5.858,50.584,11.2,0.0,87,0.4,2026-10-03T03:17:50Z
6.119,50.584,10.8,0.0,90,2.4,2026-10-03T03:17:50Z
6.351,50.584,8.9,0.0,97,1.5,2026-10-03T03:17:50Z
6.612,50.584,9.2,0.0,96,2.3,2026-10-03T03:17:50Z
6.873,50.584,9.2,0.0,92,2.6,2026-10-03T03:17:50Z
7.105,50.584,8.8,0.0,99,1.9,2026-10-03T03:17:50Z
7.366,50.584,9.2,0.0,99,1.1,2026-10-03T03:17:50Z
7.598,50.584,9.5,0.0,100,2.2,2026-10-03T03:17:50Z
7.86,50.58,10.3,0.0,54,1.41,2026-10-03T03:17:50Z
8.12,50.58,10.8,0.0,57,1.86,2026-10-03T03:17:50Z
8.36,50.58,9.3,0.0,85,1.24,2026-10-03T03:17:50Z
8.62,50.58,9.4,0.0,100,0.5,2026-10-03T03:17:50Z
8.86,50.58,8.2,0.0,97,0.82,2026-10-03T03:17:50Z
9.12,50.58,8.5,0.0,63,1.93,2026-10-03T03:17:50Z
9.36,50.58,8.7,0.0,100,0.76,2026-10-03T03:17:50Z
9.62,50.58,7.3,0.0,100,0.1,2026-10-03T03:17:50Z
-5.1467,50.8211,16.7,0.2,100,6.4,2026-10-03T03:17:50Z
-4.8908,50.8269,17.2,0.5,100,8.3,2026-10-03T03:17:50Z
-4.6348,50.832,16.9,0.1,100,8.7,2026-10-03T03:17:50Z
-4.3787,50.8366,14.1,0.0,100,2.9,2026-10-03T03:17:50Z
-4.1504,50.8222,14.5,0.0,85,3.7,2026-10-03T03:17:50Z
-3.8944,50.8257,13.9,0.0,41,3.4,2026-10-03T03:17:50Z
-3.6383,50.8286,11.0,0.0,29,1.1,2026-10-03T03:17:50Z
-3.3822,50.8309,13.6,0.0,19,2.5,2026-10-03T03:17:50Z
-3.1261,50.8326,13.6,0.0,100,3.7,2026-10-03T03:17:50Z
-2.8984,50.8337,14.4,0.0,96,3.3,2026-10-03T03:17:50Z
-2.6423,50.8343,14.0,0.0,11,3.1,2026-10-03T03:17:50Z
-2.3862,50.8343,13.2,0.0,40,2.3,2026-10-03T03:17:50Z
-2.13,50.8337,14.1,0.0,58,2.2,2026-10-03T03:17:50Z
-1.9023,50.8328,11.6,0.0,81,1.5,2026-10-03T03:17:50Z
-1.6462,50.8311,12.3,0.0,93,1.8,2026-10-03T03:17:50Z
-1.3901,50.8289,12.1,0.0,69,1.9,2026-10-03T03:17:50Z
-1.1341,50.826,10.9,0.0,2,1.0,2026-10-03T03:17:50Z
-0.878,50.8226,9.7,0.0,78,0.6,2026-10-03T03:17:50Z
-0.6497,50.8371,11.3,0.0,61,1.7,2026-10-03T03:17:50Z
-0.3937,50.8326,14.0,0.0,62,2.2,2026-10-03T03:17:50Z
-0.1377,50.8275,16.5,0.0,100,2.3,2026-10-03T03:17:50Z
0.1183,50.8218,14.0,0.0,100,3.2,2026-10-03T03:17:50Z
0.3469,50.8342,11.8,0.0,100,2.1,2026-10-03T03:17:50Z
0.6028,50.8274,17.9,0.0,100,5.1,2026-10-03T03:17:50Z
0.86,50.838,18.0,0.0,2,4.7,2026-10-03T03:17:50Z
1.1159,50.8301,17.8,0.0,0,4.8,2026-10-03T03:17:50Z
1.36,50.84,18.1,0.0,93,4.4,2026-10-03T03:17:50Z
1.62,50.84,12.3,0.0,86,1.36,2026-10-03T03:17:50Z
1.86,50.84,11.3,0.0,77,1.8,2026-10-03T03:17:50Z
2.12,50.84,9.8,0.0,47,1.34,2026-10-03T03:17:50Z
2.349,50.836,8.0,0.0,99,1.8,2026-10-03T03:17:50Z
2.61,50.836,7.7,0.0,98,1.5,2026-10-03T03:17:50Z
2.871,50.836,8.0,0.0,100,1.1,2026-10-03T03:17:50Z
3.103,50.836,7.0,0.0,100,0.8,2026-10-03T03:17:50Z
3.364,50.836,9.0,0.0,99,0.5,2026-10-03T03:17:50Z
3.596,50.836,9.5,0.0,95,0.7,2026-10-03T03:17:50Z
3.857,50.836,8.6,0.0,96,0.9,2026-10-03T03:17:50Z
4.118,50.836,9.1,0.0,94,1.9,2026-10-03T03:17:50Z
4.35,50.836,13.8,0.0,92,1.6,2026-10-03T03:17:50Z
4.611,50.836,7.4,0.0,93,1.9,2026-10-03T03:17:50Z
4.872,50.836,8.1,0.0,94,1.3,2026-10-03T03:17:50Z
5.104,50.836,8.0,0.0,98,0.8,2026-10-03T03:17:50Z
5.365,50.836,8.5,0.0,97,0.8,2026-10-03T03:17:50Z
5.597,50.836,8.9,0.0,86,1.3,2026-10-03T03:17:50Z
5.858,50.836,8.2,0.0,71,2.0,2026-10-03T03:17:50Z
6.119,50.836,9.6,0.0,73,1.9,2026-10-03T03:17:50Z
6.351,50.836,11.1,0.0,80,1.0,2026-10-03T03:17:50Z
6.612,50.836,8.5,0.0,94,2.2,2026-10-03T03:17:50Z
6.873,50.836,9.6,0.0,96,0.4,2026-10-03T03:17:50Z
7.105,50.836,11.9,0.0,95,2.0,2026-10-03T03:17:50Z
7.366,50.836,8.3,0.0,99,2.0,2026-10-03T03:17:50Z
7.598,50.836,10.4,0.0,99,1.9,2026-10-03T03:17:50Z
7.86,50.84,8.2,0.0,83,1.08,2026-10-03T03:17:50Z
8.12,50.84,7.5,0.0,69,0.73,2026-10-03T03:17:50Z
8.36,50.84,7.7,0.0,83,1.27,2026-10-03T03:17:50Z
8.62,50.84,8.9,0.0,91,1.58,2026-10-03T03:17:50Z
8.86,50.84,7.9,0.0,100,0.28,2026-10-03T03:17:50Z
9.12,50.84,8.8,0.0,100,0.82,2026-10-03T03:17:50Z
9.36,50.84,8.8,0.0,100,0.5,2026-10-03T03:17:50Z
9.62,50.84,9.5,0.0,100,0.51,2026-10-03T03:17:50Z
-5.1327,51.0735,16.4,0.0,97,4.4,2026-10-03T03:17:50Z
-4.9039,51.0787,16.3,0.0,99,4.1,2026-10-03T03:17:50Z
-4.6465,51.0839,16.7,0.1,100,6.9,2026-10-03T03:17:50Z
-4.3891,51.0885,17.0,0.2,100,8.8,2026-10-03T03:17:50Z
-4.1309,51.0745,15.4,0.0,98,3.5,2026-10-03T03:17:50Z
-3.9021,51.0776,13.9,0.0,98,3.6,2026-10-03T03:17:50Z
-3.6446,51.0805,13.2,0.0,100,4.2,2026-10-03T03:17:50Z
-3.3871,51.0828,12.5,0.0,100,6.0,2026-10-03T03:17:50Z
-3.1296,51.0846,13.1,0.0,93,4.3,2026-10-03T03:17:50Z
-2.9006,51.0856,14.3,0.0,68,3.0,2026-10-03T03:17:50Z
-2.6431,51.0862,13.9,0.0,45,2.6,2026-10-03T03:17:50Z
-2.3855,51.0862,13.6,0.0,49,3.4,2026-10-03T03:17:50Z
-2.128,51.0857,12.1,0.0,38,1.6,2026-10-03T03:17:50Z
-1.899,51.0847,12.8,0.0,30,1.5,2026-10-03T03:17:50Z
-1.6415,51.083,12.5,0.0,28,2.4,2026-10-03T03:17:50Z
-1.384,51.0808,12.2,0.0,0,1.7,2026-10-03T03:17:50Z
-1.1265,51.0779,10.4,0.0,42,0.8,2026-10-03T03:17:50Z
-0.8977,51.0749,9.6,0.0,0,2.0,2026-10-03T03:17:50Z
-0.6395,51.0889,12.1,0.0,0,2.1,2026-10-03T03:17:50Z
-0.3821,51.0844,9.1,0.0,1,0.6,2026-10-03T03:17:50Z
-0.1532,51.0799,9.9,0.0,0,1.9,2026-10-03T03:17:50Z
0.1041,51.0742,11.4,0.0,18,2.1,2026-10-03T03:17:50Z
0.3626,51.0859,10.4,0.0,3,2.0,2026-10-03T03:17:50Z
0.6199,51.0791,10.1,0.0,33,2.3,2026-10-03T03:17:50Z
0.8486,51.0725,9.4,0.0,100,1.2,2026-10-03T03:17:50Z
1.1072,51.0826,11.4,0.0,93,1.9,2026-10-03T03:17:50Z
1.3644,51.074,17.7,0.0,25,5.9,2026-10-03T03:17:50Z
1.6232,51.0829,16.8,0.0,14,5.1,2026-10-03T03:17:50Z
1.86,51.08,16.4,0.0,87,3.52,2026-10-03T03:17:50Z
2.12,51.08,15.5,0.0,61,3.82,2026-10-03T03:17:50Z
2.349,51.088,15.6,0.0,86,3.7,2026-10-03T03:17:50Z
2.61,51.088,10.2,0.0,97,2.3,2026-10-03T03:17:50Z
2.871,51.088,6.4,0.0,98,1.9,2026-10-03T03:17:50Z
3.103,51.088,8.8,0.0,91,1.4,2026-10-03T03:17:50Z
3.364,51.088,8.7,0.0,97,0.5,2026-10-03T03:17:50Z
3.596,51.088,7.3,0.0,98,0.7,2026-10-03T03:17:50Z
3.857,51.088,8.1,0.0,99,0.8,2026-10-03T03:17:50Z
4.118,51.088,9.5,0.0,97,1.1,2026-10-03T03:17:50Z
4.35,51.088,12.2,0.0,94,2.0,2026-10-03T03:17:50Z
4.611,51.088,9.1,0.0,94,1.1,2026-10-03T03:17:50Z
4.872,51.088,9.9,0.0,96,1.8,2026-10-03T03:17:50Z
5.104,51.088,11.2,0.0,97,1.7,2026-10-03T03:17:50Z
5.365,51.088,8.8,0.0,98,1.9,2026-10-03T03:17:50Z
5.597,51.088,8.7,0.0,97,2.0,2026-10-03T03:17:50Z
5.858,51.088,9.2,0.0,86,1.2,2026-10-03T03:17:50Z
6.119,51.088,9.0,0.0,77,1.1,2026-10-03T03:17:50Z
6.351,51.088,9.4,0.0,83,2.2,2026-10-03T03:17:50Z
6.612,51.088,11.5,0.0,79,1.2,2026-10-03T03:17:50Z
6.873,51.088,11.6,0.0,96,1.6,2026-10-03T03:17:50Z
7.105,51.088,11.7,0.0,96,3.2,2026-10-03T03:17:50Z
7.366,51.088,10.8,0.0,92,2.5,2026-10-03T03:17:50Z
7.598,51.088,10.1,0.0,94,1.6,2026-10-03T03:17:50Z
7.86,51.08,8.8,0.0,100,0.45,2026-10-03T03:17:50Z
8.12,51.08,7.9,0.0,83,1.08,2026-10-03T03:17:50Z
8.36,51.08,7.6,0.0,41,0.86,2026-10-03T03:17:50Z
8.62,51.08,8.2,0.0,56,0.94,2026-10-03T03:17:50Z
8.86,51.08,6.9,0.0,100,0.45,2026-10-03T03:17:50Z
9.12,51.08,9.0,0.0,83,0.76,2026-10-03T03:17:50Z
9.36,51.08,9.0,0.0,100,0.57,2026-10-03T03:17:50Z
9.62,51.08,9.3,0.0,100,0.64,2026-10-03T03:17:50Z
