{
  "type": "FeatureCollection",
  "metadata": {
    "last_updated": "2026-10-10T21:01:13Z",
    "zone": "france",
    "nb_points": 2400
  },
  "features": [
    {
      "type": "Feature",
      "geometry": {
        "type": "Point",
        "coordinates": [
          -5.1487,
          41.3323
        ]
      },
      "properties": {
        "temperature_2m": 14.6,
        "precipitation": 0.0,
        "cloud_cover": 34,
        "wind_speed_10m": 1.04,
        "last_updated": "2026-10-10T21:01:13Z"
      }
    },
    {
      "type": "Feature",
      "geometry": {
        "type": "Point",
        "coordinates": [
          -4.9152,
          41.3413
        ]
      },
      "properties": {
        "temperature_2m": 15.1,
        "precipitation": 0.0,
        "cloud_cover": 33,
        "wind_speed_10m": 0.63,
        "last_updated": "2026-10-10T21:01:13Z"
      }
    },
    {
      "type": "Feature",
      "geometry": {
        "type": "Point",
        "coordinates": [
          -4.6816,
          41.3499
        ]
      },
      "properties": {
        "temperature_2m": 15.3,
        "precipitation": 0.0,
        "cloud_cover": 31,
        "wind_speed_10m": 0.36,
        "last_updated": "2026-10-10T21:01:13Z"
      }
    },
    {
      "type": "Feature",
      "geometry": {
        "type": "Point",
        "coordinates": [
          -4.4444,
          41.2996
        ]
      },
      "properties": {
        "temperature_2m": 15.2,
        "precipitation": 0.0,
        "cloud_cover": 32,
        "wind_speed_10m": 0.51,
        "last_updated": "2026-10-10T21:01:13Z"
      }
    },
    {
      "type": "Feature",
      "geometry": {
        "type": "Point",
        "coordinates": [
          -4.0941,
          41.311
        ]
      },
      "properties": {
        "temperature_2m": 15.0,
        "precipitation": 0.0,
        "cloud_cover": 31,
        "wind_speed_10m": 0.41,
        "last_updated": "2026-10-10T21:01:13Z"
      }
    },
    {
      "type": "Feature",
      "geometry": {
        "type": "Point",
        "coordinates": [
          -3.8605,
          41.3181
        ]
      },
      "properties": {
        "temperature_2m": 14.0,
        "precipitation": 0.0,
        "cloud_cover": 49,
        "wind_speed_10m": 1.02,
        "last_updated": "2026-10-10T21:01:13Z"
      }
    },
    {
      "type": "Feature",
      "geometry": {
        "type": "Point",
        "coordinates": [
          -3.6268,
          41.3248
        ]
      },
      "properties": {
        "temperature_2m": 12.6,
        "precipitation": 0.0,
        "cloud_cover": 58,
        "wind_speed_10m": 0.92,
        "last_updated": "2026-10-10T21:01:13Z"
      }
    },
    {
      "type": "Feature",
      "geometry": {
        "type": "Point",
        "coordinates": [
          -3.3931,
          41.3311
        ]
      },
      "properties": {
        "temperature_2m": 11.7,
        "precipitation": 0.0,
        "cloud_cover": 40,
        "wind_speed_10m": 1.8,
        "last_updated": "2026-10-10T21:01:13Z"
      }
    },
    {
      "type": "Feature",
      "geometry": {
        "type": "Point",
        "coordinates": [
          -3.1593,
          41.337
        ]
      },
      "properties": {
        "temperature_2m": 11.8,
        "precipitation": 0.0,
        "cloud_cover": 65,
        "wind_speed_10m": 1.43,
        "last_updated": "2026-10-10T21:01:13Z"
      }
    },
    {
      "type": "Feature",
      "geometry": {
        "type": "Point",
        "coordinates": [
          -2.8649,
          41.3203
        ]
      },
      "properties": {
        "temperature_2m": 12.3,
        "precipitation": 0.0,
        "cloud_cover": 46,
        "wind_speed_10m": 1.6,
        "last_updated": "2026-10-10T21:01:13Z"
      }
    },
    {
      "type": "Feature",
      "geometry": {
        "type": "Point",
        "coordinates": [
          -2.6311,
          41.3252
        ]
      },
      "properties": {
        "temperature_2m": 13.8,
        "precipitation": 0.0,
        "cloud_cover": 52,
        "wind_speed_10m": 0.42,
        "last_updated": "2026-10-10T21:01:13Z"
      }
    },
    {
      "type": "Feature",
      "geometry": {
        "type": "Point",
        "coordinates": [
          -2.3974,
          41.3297
        ]
      },
      "properties": {
        "temperature_2m": 13.8,
        "precipitation": 0.0,
        "cloud_cover": 52,
        "wind_speed_10m": 0.28,
        "last_updated": "2026-10-10T21:01:13Z"
      }
    },
    {
      "type": "Feature",
      "geometry": {
        "type": "Point",
        "coordinates": [
          -2.1636,
          41.3337
        ]
      },
      "properties": {
        "temperature_2m": 14.9,
        "precipitation": 0.0,
        "cloud_cover": 28,
        "wind_speed_10m": 1.22,
        "last_updated": "2026-10-10T21:01:13Z"
      }
    },
    {
      "type": "Feature",
      "geometry": {
        "type": "Point",
        "coordinates": [
          -1.9298,
          41.3374
        ]
      },
      "properties": {
        "temperature_2m": 15.0,
        "precipitation": 0.0,
        "cloud_cover": 36,
        "wind_speed_10m": 0.91,
        "last_updated": "2026-10-10T21:01:13Z"
      }
    },
    {
      "type": "Feature",
      "geometry": {
        "type": "Point",
        "coordinates": [
          -1.6387,
          41.3649
        ]
      },
      "properties": {
        "temperature_2m": 15.9,
        "precipitation": 0.0,
        "cloud_cover": 93,
        "wind_speed_10m": 0.67,
        "last_updated": "2026-10-10T21:01:13Z"
      }
    },
    {
      "type": "Feature",
      "geometry": {
        "type": "Point",
        "coordinates": [
          -1.4046,
          41.3676
        ]
      },
      "properties": {
        "temperature_2m": 15.5,
        "precipitation": 0.0,
        "cloud_cover": 71,
        "wind_speed_10m": 0.76,
        "last_updated": "2026-10-10T21:01:13Z"
      }
    },
    {
      "type": "Feature",
      "geometry": {
        "type": "Point",
        "coordinates": [
          -1.1112,
          41.3469
        ]
      },
      "properties": {
        "temperature_2m": 15.1,
        "precipitation": 0.0,
        "cloud_cover": 67,
        "wind_speed_10m": 2.24,
        "last_updated": "2026-10-10T21:01:13Z"
      }
    },
    {
      "type": "Feature",
      "geometry": {
        "type": "Point",
        "coordinates": [
          -0.8773,
          41.3487
        ]
      },
      "properties": {
        "temperature_2m": 16.3,
        "precipitation": 0.0,
        "cloud_cover": 91,
        "wind_speed_10m": 4.81,
        "last_updated": "2026-10-10T21:01:13Z"
      }
    },
    {
      "type": "Feature",
      "geometry": {
        "type": "Point",
        "coordinates": [
          -0.6434,
          41.35
        ]
      },
      "properties": {
        "temperature_2m": 18.4,
        "precipitation": 0.0,
        "cloud_cover": 54,
        "wind_speed_10m": 3.52,
        "last_updated": "2026-10-10T21:01:13Z"
      }
    },
    {
      "type": "Feature",
      "geometry": {
        "type": "Point",
        "coordinates": [
          -0.4094,
          41.351
        ]
      },
      "properties": {
        "temperature_2m": 18.6,
        "precipitation": 0.0,
        "cloud_cover": 57,
        "wind_speed_10m": 1.73,
        "last_updated": "2026-10-10T21:01:13Z"
      }
    },
    {
      "type": "Feature",
      "geometry": {
        "type": "Point",
        "coordinates": [
          -0.1755,
          41.3515
        ]
      },
      "properties": {
        "temperature_2m": 18.0,
        "precipitation": 0.0,
        "cloud_cover": 74,
        "wind_speed_10m": 2.02,
        "last_updated": "2026-10-10T21:01:13Z"
      }
    },
    {
      "type": "Feature",
      "geometry": {
        "type": "Point",
        "coordinates": [
          0.0585,
          41.3516
        ]
      },
      "properties": {
        "temperature_2m": 19.1,
        "precipitation": 0.0,
        "cloud_cover": 56,
        "wind_speed_10m": 0.81,
        "last_updated": "2026-10-10T21:01:13Z"
      }
    },
    {
      "type": "Feature",
      "geometry": {
        "type": "Point",
        "coordinates": [
          0.3512,
          41.3746
        ]
      },
      "properties": {
        "temperature_2m": 16.0,
        "precipitation": 0.0,
        "cloud_cover": 42,
        "wind_speed_10m": 1.53,
        "last_updated": "2026-10-10T21:01:13Z"
      }
    },
    {
      "type": "Feature",
      "geometry": {
        "type": "Point",
        "coordinates": [
          0.6434,
          41.35
        ]
      },
      "properties": {
        "temperature_2m": 14.9,
        "precipitation": 0.0,
        "cloud_cover": 22,
        "wind_speed_10m": 1.7,
        "last_updated": "2026-10-10T21:01:13Z"
      }
    },
    {
      "type": "Feature",
      "geometry": {
        "type": "Point",
        "coordinates": [
          0.8773,
          41.3487
        ]
      },
      "properties": {
        "temperature_2m": 14.5,
        "precipitation": 0.0,
        "cloud_cover": 21,
        "wind_speed_10m": 1.14,
        "last_updated": "2026-10-10T21:01:13Z"
      }
    },
    {
      "type": "Feature",
      "geometry": {
        "type": "Point",
        "coordinates": [
          1.1112,
          41.3469
        ]
      },
      "properties": {
        "temperature_2m": 11.0,
        "precipitation": 0.0,
        "cloud_cover": 14,
        "wind_speed_10m": 2.04,
        "last_updated": "2026-10-10T21:01:13Z"
      }
    },
    {
      "type": "Feature",
      "geometry": {
        "type": "Point",
        "coordinates": [
          1.3451,
          41.3447
        ]
      },
      "properties": {
        "temperature_2m": 14.1,
        "precipitation": 0.0,
        "cloud_cover": 33,
        "wind_speed_10m": 2.28,
        "last_updated": "2026-10-10T21:01:13Z"
      }
    },
    {
      "type": "Feature",
      "geometry": {
        "type": "Point",
        "coordinates": [
          1.6387,
          41.3649
        ]
      },
      "properties": {
        "temperature_2m": 13.5,
        "precipitation": 0.0,
        "cloud_cover": 20,
        "wind_speed_10m": 1.64,
        "last_updated": "2026-10-10T21:01:13Z"
      }
    },
    {
      "type": "Feature",
      "geometry": {
        "type": "Point",
        "coordinates": [
          1.8727,
          41.3617
        ]
      },
      "properties": {
        "temperature_2m": 16.2,
        "precipitation": 0.0,
        "cloud_cover": 12,
        "wind_speed_10m": 0.81,
        "last_updated": "2026-10-10T21:01:13Z"
      }
    },
    {
      "type": "Feature",
      "geometry": {
        "type": "Point",
        "coordinates": [
          2.1067,
          41.3582
        ]
      },
      "properties": {
        "temperature_2m": 17.2,
        "precipitation": 0.0,
        "cloud_cover": 28,
        "wind_speed_10m": 1.25,
        "last_updated": "2026-10-10T21:01:13Z"
      }
    },
    {
      "type": "Feature",
      "geometry": {
        "type": "Point",
        "coordinates": [
          2.3974,
          41.3297
        ]
      },
      "properties": {
        "temperature_2m": 22.4,
        "precipitation": 0.0,
        "cloud_cover": 34,
        "wind_speed_10m": 5.61,
        "last_updated": "2026-10-10T21:01:13Z"
      }
    },
    {
      "type": "Feature",
      "geometry": {
        "type": "Point",
        "coordinates": [
          2.6311,
          41.3252
        ]
      },
      "properties": {
        "temperature_2m": 22.6,
        "precipitation": 0.0,
        "cloud_cover": 53,
        "wind_speed_10m": 6.61,
        "last_updated": "2026-10-10T21:01:13Z"
      }
    },
    {
      "type": "Feature",
      "geometry": {
        "type": "Point",
        "coordinates": [
          2.8649,
          41.3203
        ]
      },
      "properties": {
        "temperature_2m": 22.7,
        "precipitation": 0.0,
        "cloud_cover": 47,
        "wind_speed_10m": 6.7,
        "last_updated": "2026-10-10T21:01:13Z"
      }
    },
    {
      "type": "Feature",
      "geometry": {
        "type": "Point",
        "coordinates": [
          3.0985,
          41.3149
        ]
      },
      "properties": {
        "temperature_2m": 22.8,
        "precipitation": 0.0,
        "cloud_cover": 37,
        "wind_speed_10m": 5.54,
        "last_updated": "2026-10-10T21:01:13Z"
      }
    },
    {
      "type": "Feature",
      "geometry": {
        "type": "Point",
        "coordinates": [
          3.3931,
          41.3311
        ]
      },
      "properties": {
        "temperature_2m": 21.2,
        "precipitation": 0.0,
        "cloud_cover": 4,
        "wind_speed_10m": 2.13,
        "last_updated": "2026-10-10T21:01:13Z"
      }
    },
    {
      "type": "Feature",
      "geometry": {
        "type": "Point",
        "coordinates": [
          3.6268,
          41.3248
        ]
      },
      "properties": {
        "temperature_2m": 21.2,
        "precipitation": 0.0,
        "cloud_cover": 0,
        "wind_speed_10m": 3.04,
        "last_updated": "2026-10-10T21:01:13Z"
      }
    },
    {
      "type": "Feature",
      "geometry": {
        "type": "Point",
        "coordinates": [
          3.8605,
          41.3181
        ]
      },
      "properties": {
        "temperature_2m": 21.4,
        "precipitation": 0.0,
        "cloud_cover": 3,
        "wind_speed_10m": 2.81,
        "last_updated": "2026-10-10T21:01:13Z"
      }
    },
    {
      "type": "Feature",
      "geometry": {
        "type": "Point",
        "coordinates": [
          4.0941,
          41.311
        ]
      },
      "properties": {
        "temperature_2m": 21.7,
        "precipitation": 0.0,
        "cloud_cover": 9,
        "wind_speed_10m": 5.54,
        "last_updated": "2026-10-10T21:01:13Z"
      }
    },
    {
      "type": "Feature",
      "geometry": {
        "type": "Point",
        "coordinates": [
          4.3277,
          41.3035
        ]
      },
      "properties": {
        "temperature_2m": 21.8,
        "precipitation": 0.0,
        "cloud_cover": 12,
        "wind_speed_10m": 8.29,
        "last_updated": "2026-10-10T21:01:13Z"
      }
    },
    {
      "type": "Feature",
      "geometry": {
        "type": "Point",
        "coordinates": [
          4.5648,
          41.354
        ]
      },
      "properties": {
        "temperature_2m": 21.8,
        "precipitation": 0.0,
        "cloud_cover": 1,
        "wind_speed_10m": 10.91,
        "last_updated": "2026-10-10T21:01:13Z"
      }
    },
    {
      "type": "Feature",
      "geometry": {
        "type": "Point",
        "coordinates": [
          4.8604,
          41.3669
        ]
      },
      "properties": {
        "temperature_2m": 21.8,
        "precipitation": 0.0,
        "cloud_cover": 2,
        "wind_speed_10m": 11.84,
        "last_updated": "2026-10-10T21:01:13Z"
      }
    },
    {
      "type": "Feature",
      "geometry": {
        "type": "Point",
        "coordinates": [
          5.1487,
          41.3323
        ]
      },
      "properties": {
        "temperature_2m": 21.9,
        "precipitation": 0.0,
        "cloud_cover": 13,
        "wind_speed_10m": 12.11,
        "last_updated": "2026-10-10T21:01:13Z"
      }
    },
    {
      "type": "Feature",
      "geometry": {
        "type": "Point",
        "coordinates": [
          5.3821,
          41.3229
        ]
      },
      "properties": {
        "temperature_2m": 21.8,
        "precipitation": 0.0,
        "cloud_cover": 16,
        "wind_speed_10m": 11.81,
        "last_updated": "2026-10-10T21:01:13Z"
      }
    },
    {
      "type": "Feature",
      "geometry": {
        "type": "Point",
        "coordinates": [
          5.6155,
          41.3131
        ]
      },
      "properties": {
        "temperature_2m": 21.8,
        "precipitation": 0.0,
        "cloud_cover": 13,
        "wind_speed_10m": 12.38,
        "last_updated": "2026-10-10T21:01:13Z"
      }
    },
    {
      "type": "Feature",
      "geometry": {
        "type": "Point",
        "coordinates": [
          5.8488,
          41.3028
        ]
      },
      "properties": {
        "temperature_2m": 21.8,
        "precipitation": 0.0,
        "cloud_cover": 20,
        "wind_speed_10m": 13.15,
        "last_updated": "2026-10-10T21:01:13Z"
      }
    },
    {
      "type": "Feature",
      "geometry": {
        "type": "Point",
        "coordinates": [
          6.1448,
          41.3127
        ]
      },
      "properties": {
        "temperature_2m": 21.9,
        "precipitation": 0.0,
        "cloud_cover": 11,
        "wind_speed_10m": 12.73,
        "last_updated": "2026-10-10T21:01:13Z"
      }
    },
    {
      "type": "Feature",
      "geometry": {
        "type": "Point",
        "coordinates": [
          6.3781,
          41.3015
        ]
      },
      "properties": {
        "temperature_2m": 21.9,
        "precipitation": 0.0,
        "cloud_cover": 14,
        "wind_speed_10m": 12.18,
        "last_updated": "2026-10-10T21:01:13Z"
      }
    },
    {
      "type": "Feature",
      "geometry": {
        "type": "Point",
        "coordinates": [
          6.6165,
          41.3482
        ]
      },
      "properties": {
        "temperature_2m": 22.2,
        "precipitation": 0.0,
        "cloud_cover": 6,
        "wind_speed_10m": 12.04,
        "last_updated": "2026-10-10T21:01:13Z"
      }
    },
    {
      "type": "Feature",
      "geometry": {
        "type": "Point",
        "coordinates": [
          6.8497,
          41.3361
        ]
      },
      "properties": {
        "temperature_2m": 22.6,
        "precipitation": 0.0,
        "cloud_cover": 15,
        "wind_speed_10m": 11.57,
        "last_updated": "2026-10-10T21:01:13Z"
      }
    },
    {
      "type": "Feature",
      "geometry": {
        "type": "Point",
        "coordinates": [
          7.0828,
          41.3236
        ]
      },
      "properties": {
        "temperature_2m": 22.9,
        "precipitation": 0.0,
        "cloud_cover": 56,
        "wind_speed_10m": 11.6,
        "last_updated": "2026-10-10T21:01:13Z"
      }
    },
    {
      "type": "Feature",
      "geometry": {
        "type": "Point",
        "coordinates": [
          7.3796,
          41.3307
        ]
      },
      "properties": {
        "temperature_2m": 23.0,
        "precipitation": 0.0,
        "cloud_cover": 35,
        "wind_speed_10m": 11.1,
        "last_updated": "2026-10-10T21:01:13Z"
      }
    },
    {
      "type": "Feature",
      "geometry": {
        "type": "Point",
        "coordinates": [
          7.6127,
          41.3172
        ]
      },
      "properties": {
        "temperature_2m": 23.0,
        "precipitation": 0.0,
        "cloud_cover": 50,
        "wind_speed_10m": 9.86,
        "last_updated": "2026-10-10T21:01:13Z"
      }
    },
    {
      "type": "Feature",
      "geometry": {
        "type": "Point",
        "coordinates": [
          7.8457,
          41.3034
        ]
      },
      "properties": {
        "temperature_2m": 22.4,
        "precipitation": 0.0,
        "cloud_cover": 91,
        "wind_speed_10m": 8.29,
        "last_updated": "2026-10-10T21:01:13Z"
      }
    },
    {
      "type": "Feature",
      "geometry": {
        "type": "Point",
        "coordinates": [
          8.0849,
          41.3473
        ]
      },
      "properties": {
        "temperature_2m": 22.8,
        "precipitation": 0.0,
        "cloud_cover": 6,
        "wind_speed_10m": 6.2,
        "last_updated": "2026-10-10T21:01:13Z"
      }
    },
    {
      "type": "Feature",
      "geometry": {
        "type": "Point",
        "coordinates": [
          8.3823,
          41.352
        ]
      },
      "properties": {
        "temperature_2m": 22.5,
        "precipitation": 0.0,
        "cloud_cover": 2,
        "wind_speed_10m": 4.48,
        "last_updated": "2026-10-10T21:01:13Z"
      }
    },
    {
      "type": "Feature",
      "geometry": {
        "type": "Point",
        "coordinates": [
          8.6153,
          41.3367
        ]
      },
      "properties": {
        "temperature_2m": 22.4,
        "precipitation": 0.0,
        "cloud_cover": 12,
        "wind_speed_10m": 4.79,
        "last_updated": "2026-10-10T21:01:13Z"
      }
    },
    {
      "type": "Feature",
      "geometry": {
        "type": "Point",
        "coordinates": [
          8.8481,
          41.321
        ]
      },
      "properties": {
        "temperature_2m": 22.3,
        "precipitation": 0.0,
        "cloud_cover": 24,
        "wind_speed_10m": 5.78,
        "last_updated": "2026-10-10T21:01:13Z"
      }
    },
    {
      "type": "Feature",
      "geometry": {
        "type": "Point",
        "coordinates": [
          9.153,
          41.382
        ]
      },
      "properties": {
        "temperature_2m": 21.1,
        "precipitation": 0.0,
        "cloud_cover": 0,
        "wind_speed_10m": 4.72,
        "last_updated": "2026-10-10T21:01:13Z"
      }
    },
    {
      "type": "Feature",
      "geometry": {
        "type": "Point",
        "coordinates": [
          9.3207,
          41.3464
        ]
      },
      "properties": {
        "temperature_2m": 21.8,
        "precipitation": 0.0,
        "cloud_cover": 0,
        "wind_speed_10m": 7.41,
        "last_updated": "2026-10-10T21:01:13Z"
      }
    },
    {
      "type": "Feature",
      "geometry": {
        "type": "Point",
        "coordinates": [
          9.6186,
          41.3482
        ]
      },
      "properties": {
        "temperature_2m": 21.7,
        "precipitation": 0.0,
        "cloud_cover": 9,
        "wind_speed_10m": 8.14,
        "last_updated": "2026-10-10T21:01:13Z"
      }
    },
    {
      "type": "Feature",
      "geometry": {
        "type": "Point",
        "coordinates": [
          -5.114,
          41.5798
        ]
      },
      "properties": {
        "temperature_2m": 14.2,
        "precipitation": 0.0,
        "cloud_cover": 42,
        "wind_speed_10m": 1.25,
        "last_updated": "2026-10-10T21:01:13Z"
      }
    },
    {
      "type": "Feature",
      "geometry": {
        "type": "Point",
        "coordinates": [
          -4.8793,
          41.5888
        ]
      },
      "properties": {
        "temperature_2m": 13.6,
        "precipitation": 0.0,
        "cloud_cover": 36,
        "wind_speed_10m": 1.53,
        "last_updated": "2026-10-10T21:01:13Z"
      }
    },
    {
      "type": "Feature",
      "geometry": {
        "type": "Point",
        "coordinates": [
          -4.6447,
          41.5974
        ]
      },
      "properties": {
        "temperature_2m": 15.9,
        "precipitation": 0.0,
        "cloud_cover": 33,
        "wind_speed_10m": 0.32,
        "last_updated": "2026-10-10T21:01:13Z"
      }
    },
    {
      "type": "Feature",
      "geometry": {
        "type": "Point",
        "coordinates": [
          -4.4099,
          41.6055
        ]
      },
      "properties": {
        "temperature_2m": 14.8,
        "precipitation": 0.0,
        "cloud_cover": 46,
        "wind_speed_10m": 0.64,
        "last_updated": "2026-10-10T21:01:13Z"
      }
    },
    {
      "type": "Feature",
      "geometry": {
        "type": "Point",
        "coordinates": [
          -4.1718,
          41.5548
        ]
      },
      "properties": {
        "temperature_2m": 15.7,
        "precipitation": 0.0,
        "cloud_cover": 69,
        "wind_speed_10m": 0.94,
        "last_updated": "2026-10-10T21:01:13Z"
      }
    },
    {
      "type": "Feature",
      "geometry": {
        "type": "Point",
        "coordinates": [
          -3.9371,
          41.5621
        ]
      },
      "properties": {
        "temperature_2m": 15.3,
        "precipitation": 0.0,
        "cloud_cover": 56,
        "wind_speed_10m": 0.81,
        "last_updated": "2026-10-10T21:01:13Z"
      }
    },
    {
      "type": "Feature",
      "geometry": {
        "type": "Point",
        "coordinates": [
          -3.6409,
          41.5471
        ]
      },
      "properties": {
        "temperature_2m": 14.4,
        "precipitation": 0.0,
        "cloud_cover": 72,
        "wind_speed_10m": 1.2,
        "last_updated": "2026-10-10T21:01:13Z"
      }
    },
    {
      "type": "Feature",
      "geometry": {
        "type": "Point",
        "coordinates": [
          -3.4063,
          41.5535
        ]
      },
      "properties": {
        "temperature_2m": 14.4,
        "precipitation": 0.0,
        "cloud_cover": 39,
        "wind_speed_10m": 1.28,
        "last_updated": "2026-10-10T21:01:13Z"
      }
    },
    {
      "type": "Feature",
      "geometry": {
        "type": "Point",
        "coordinates": [
          -3.1152,
          41.5843
        ]
      },
      "properties": {
        "temperature_2m": 12.9,
        "precipitation": 0.0,
        "cloud_cover": 65,
        "wind_speed_10m": 0.64,
        "last_updated": "2026-10-10T21:01:13Z"
      }
    },
    {
      "type": "Feature",
      "geometry": {
        "type": "Point",
        "coordinates": [
          -2.8803,
          41.5896
        ]
      },
      "properties": {
        "temperature_2m": 12.4,
        "precipitation": 0.0,
        "cloud_cover": 84,
        "wind_speed_10m": 0.81,
        "last_updated": "2026-10-10T21:01:13Z"
      }
    },
    {
      "type": "Feature",
      "geometry": {
        "type": "Point",
        "coordinates": [
          -2.6453,
          41.5946
        ]
      },
      "properties": {
        "temperature_2m": 12.9,
        "precipitation": 0.0,
        "cloud_cover": 56,
        "wind_speed_10m": 1.51,
        "last_updated": "2026-10-10T21:01:13Z"
      }
    },
    {
      "type": "Feature",
      "geometry": {
        "type": "Point",
        "coordinates": [
          -2.4103,
          41.5991
        ]
      },
      "properties": {
        "temperature_2m": 13.3,
        "precipitation": 0.0,
        "cloud_cover": 33,
        "wind_speed_10m": 1.14,
        "last_updated": "2026-10-10T21:01:13Z"
      }
    },
    {
      "type": "Feature",
      "geometry": {
        "type": "Point",
        "coordinates": [
          -2.1149,
          41.5807
        ]
      },
      "properties": {
        "temperature_2m": 13.2,
        "precipitation": 0.0,
        "cloud_cover": 23,
        "wind_speed_10m": 1.12,
        "last_updated": "2026-10-10T21:01:13Z"
      }
    },
    {
      "type": "Feature",
      "geometry": {
        "type": "Point",
        "coordinates": [
          -1.88,
          41.5843
        ]
      },
      "properties": {
        "temperature_2m": 12.2,
        "precipitation": 0.0,
        "cloud_cover": 25,
        "wind_speed_10m": 1.35,
        "last_updated": "2026-10-10T21:01:13Z"
      }
    },
    {
      "type": "Feature",
      "geometry": {
        "type": "Point",
        "coordinates": [
          -1.6451,
          41.5874
        ]
      },
      "properties": {
        "temperature_2m": 13.5,
        "precipitation": 0.0,
        "cloud_cover": 100,
        "wind_speed_10m": 1.28,
        "last_updated": "2026-10-10T21:01:13Z"
      }
    },
    {
      "type": "Feature",
      "geometry": {
        "type": "Point",
        "coordinates": [
          -1.4101,
          41.5902
        ]
      },
      "properties": {
        "temperature_2m": 18.0,
        "precipitation": 0.0,
        "cloud_cover": 90,
        "wind_speed_10m": 5.01,
        "last_updated": "2026-10-10T21:01:13Z"
      }
    },
    {
      "type": "Feature",
      "geometry": {
        "type": "Point",
        "coordinates": [
          -1.1751,
          41.5925
        ]
      },
      "properties": {
        "temperature_2m": 16.1,
        "precipitation": 0.0,
        "cloud_cover": 77,
        "wind_speed_10m": 4.76,
        "last_updated": "2026-10-10T21:01:13Z"
      }
    },
    {
      "type": "Feature",
      "geometry": {
        "type": "Point",
        "coordinates": [
          -0.9401,
          41.5944
        ]
      },
      "properties": {
        "temperature_2m": 17.8,
        "precipitation": 0.0,
        "cloud_cover": 77,
        "wind_speed_10m": 4.28,
        "last_updated": "2026-10-10T21:01:13Z"
      }
    },
    {
      "type": "Feature",
      "geometry": {
        "type": "Point",
        "coordinates": [
          -0.6468,
          41.6197
        ]
      },
      "properties": {
        "temperature_2m": 18.3,
        "precipitation": 0.0,
        "cloud_cover": 96,
        "wind_speed_10m": 3.41,
        "last_updated": "2026-10-10T21:01:13Z"
      }
    },
    {
      "type": "Feature",
      "geometry": {
        "type": "Point",
        "coordinates": [
          -0.3526,
          41.5973
        ]
      },
      "properties": {
        "temperature_2m": 16.8,
        "precipitation": 0.0,
        "cloud_cover": 57,
        "wind_speed_10m": 1.17,
        "last_updated": "2026-10-10T21:01:13Z"
      }
    },
    {
      "type": "Feature",
      "geometry": {
        "type": "Point",
        "coordinates": [
          -0.1175,
          41.5977
        ]
      },
      "properties": {
        "temperature_2m": 16.1,
        "precipitation": 0.0,
        "cloud_cover": 61,
        "wind_speed_10m": 1.22,
        "last_updated": "2026-10-10T21:01:13Z"
      }
    },
    {
      "type": "Feature",
      "geometry": {
        "type": "Point",
        "coordinates": [
          0.1175,
          41.5977
        ]
      },
      "properties": {
        "temperature_2m": 15.0,
        "precipitation": 0.0,
        "cloud_cover": 63,
        "wind_speed_10m": 1.06,
        "last_updated": "2026-10-10T21:01:13Z"
      }
    },
    {
      "type": "Feature",
      "geometry": {
        "type": "Point",
        "coordinates": [
          0.3526,
          41.5973
        ]
      },
      "properties": {
        "temperature_2m": 14.4,
        "precipitation": 0.0,
        "cloud_cover": 56,
        "wind_speed_10m": 1.08,
        "last_updated": "2026-10-10T21:01:13Z"
      }
    },
    {
      "type": "Feature",
      "geometry": {
        "type": "Point",
        "coordinates": [
          0.5876,
          41.5965
        ]
      },
      "properties": {
        "temperature_2m": 14.8,
        "precipitation": 0.0,
        "cloud_cover": 47,
        "wind_speed_10m": 1.14,
        "last_updated": "2026-10-10T21:01:13Z"
      }
    },
    {
      "type": "Feature",
      "geometry": {
        "type": "Point",
        "coordinates": [
          0.8226,
          41.5952
        ]
      },
      "properties": {
        "temperature_2m": 12.7,
        "precipitation": 0.0,
        "cloud_cover": 61,
        "wind_speed_10m": 1.53,
        "last_updated": "2026-10-10T21:01:13Z"
      }
    },
    {
      "type": "Feature",
      "geometry": {
        "type": "Point",
        "coordinates": [
          1.1172,
          41.6165
        ]
      },
      "properties": {
        "temperature_2m": 12.6,
        "precipitation": 0.0,
        "cloud_cover": 33,
        "wind_speed_10m": 2.47,
        "last_updated": "2026-10-10T21:01:13Z"
      }
    },
    {
      "type": "Feature",
      "geometry": {
        "type": "Point",
        "coordinates": [
          1.3524,
          41.6143
        ]
      },
      "properties": {
        "temperature_2m": 13.0,
        "precipitation": 0.0,
        "cloud_cover": 12,
        "wind_speed_10m": 0.7,
        "last_updated": "2026-10-10T21:01:13Z"
      }
    },
    {
      "type": "Feature",
      "geometry": {
        "type": "Point",
        "coordinates": [
          1.6451,
          41.5874
        ]
      },
      "properties": {
        "temperature_2m": 12.7,
        "precipitation": 0.0,
        "cloud_cover": 20,
        "wind_speed_10m": 1.17,
        "last_updated": "2026-10-10T21:01:13Z"
      }
    },
    {
      "type": "Feature",
      "geometry": {
        "type": "Point",
        "coordinates": [
          1.8785,
          41.5258
        ]
      },
      "properties": {
        "temperature_2m": 14.6,
        "precipitation": 0.0,
        "cloud_cover": 27,
        "wind_speed_10m": 1.42,
        "last_updated": "2026-10-10T21:01:13Z"
      }
    },
    {
      "type": "Feature",
      "geometry": {
        "type": "Point",
        "coordinates": [
          2.1149,
          41.5807
        ]
      },
      "properties": {
        "temperature_2m": 14.4,
        "precipitation": 0.0,
        "cloud_cover": 35,
        "wind_speed_10m": 2.13,
        "last_updated": "2026-10-10T21:01:13Z"
      }
    },
    {
      "type": "Feature",
      "geometry": {
        "type": "Point",
        "coordinates": [
          2.3498,
          41.5767
        ]
      },
      "properties": {
        "temperature_2m": 13.6,
        "precipitation": 0.0,
        "cloud_cover": 41,
        "wind_speed_10m": 1.36,
        "last_updated": "2026-10-10T21:01:13Z"
      }
    },
    {
      "type": "Feature",
      "geometry": {
        "type": "Point",
        "coordinates": [
          2.5278,
          41.5969
        ]
      },
      "properties": {
        "temperature_2m": 18.2,
        "precipitation": 0.0,
        "cloud_cover": 42,
        "wind_speed_10m": 1.75,
        "last_updated": "2026-10-10T21:01:13Z"
      }
    },
    {
      "type": "Feature",
      "geometry": {
        "type": "Point",
        "coordinates": [
          2.8803,
          41.5896
        ]
      },
      "properties": {
        "temperature_2m": 21.3,
        "precipitation": 0.0,
        "cloud_cover": 30,
        "wind_speed_10m": 2.69,
        "last_updated": "2026-10-10T21:01:13Z"
      }
    },
    {
      "type": "Feature",
      "geometry": {
        "type": "Point",
        "coordinates": [
          3.1152,
          41.5843
        ]
      },
      "properties": {
        "temperature_2m": 21.2,
        "precipitation": 0.0,
        "cloud_cover": 17,
        "wind_speed_10m": 3.31,
        "last_updated": "2026-10-10T21:01:13Z"
      }
    },
    {
      "type": "Feature",
      "geometry": {
        "type": "Point",
        "coordinates": [
          3.3501,
          41.5785
        ]
      },
      "properties": {
        "temperature_2m": 21.1,
        "precipitation": 0.0,
        "cloud_cover": 0,
        "wind_speed_10m": 3.32,
        "last_updated": "2026-10-10T21:01:13Z"
      }
    },
    {
      "type": "Feature",
      "geometry": {
        "type": "Point",
        "coordinates": [
          3.5849,
          41.5722
        ]
      },
      "properties": {
        "temperature_2m": 21.5,
        "precipitation": 0.0,
        "cloud_cover": 7,
        "wind_speed_10m": 1.71,
        "last_updated": "2026-10-10T21:01:13Z"
      }
    },
    {
      "type": "Feature",
      "geometry": {
        "type": "Point",
        "coordinates": [
          3.8197,
          41.5656
        ]
      },
      "properties": {
        "temperature_2m": 21.4,
        "precipitation": 0.0,
        "cloud_cover": 14,
        "wind_speed_10m": 4.26,
        "last_updated": "2026-10-10T21:01:13Z"
      }
    },
    {
      "type": "Feature",
      "geometry": {
        "type": "Point",
        "coordinates": [
          4.11,
          41.5332
        ]
      },
      "properties": {
        "temperature_2m": 21.4,
        "precipitation": 0.0,
        "cloud_cover": 7,
        "wind_speed_10m": 8.51,
        "last_updated": "2026-10-10T21:01:13Z"
      }
    },
    {
      "type": "Feature",
      "geometry": {
        "type": "Point",
        "coordinates": [
          4.4099,
          41.6055
        ]
      },
      "properties": {
        "temperature_2m": 21.1,
        "precipitation": 0.0,
        "cloud_cover": 1,
        "wind_speed_10m": 10.76,
        "last_updated": "2026-10-10T21:01:13Z"
      }
    },
    {
      "type": "Feature",
      "geometry": {
        "type": "Point",
        "coordinates": [
          4.6447,
          41.5974
        ]
      },
      "properties": {
        "temperature_2m": 21.3,
        "precipitation": 0.0,
        "cloud_cover": 10,
        "wind_speed_10m": 10.89,
        "last_updated": "2026-10-10T21:01:13Z"
      }
    },
    {
      "type": "Feature",
      "geometry": {
        "type": "Point",
        "coordinates": [
          4.8793,
          41.5888
        ]
      },
      "properties": {
        "temperature_2m": 21.5,
        "precipitation": 0.0,
        "cloud_cover": 13,
        "wind_speed_10m": 10.68,
        "last_updated": "2026-10-10T21:01:13Z"
      }
    },
    {
      "type": "Feature",
      "geometry": {
        "type": "Point",
        "coordinates": [
          5.114,
          41.5798
        ]
      },
      "properties": {
        "temperature_2m": 21.5,
        "precipitation": 0.0,
        "cloud_cover": 9,
        "wind_speed_10m": 10.89,
        "last_updated": "2026-10-10T21:01:13Z"
      }
    },
    {
      "type": "Feature",
      "geometry": {
        "type": "Point",
        "coordinates": [
          5.3485,
          41.5705
        ]
      },
      "properties": {
        "temperature_2m": 21.4,
        "precipitation": 0.0,
        "cloud_cover": 16,
        "wind_speed_10m": 11.74,
        "last_updated": "2026-10-10T21:01:13Z"
      }
    },
    {
      "type": "Feature",
      "geometry": {
        "type": "Point",
        "coordinates": [
          5.6458,
          41.5815
        ]
      },
      "properties": {
        "temperature_2m": 21.5,
        "precipitation": 0.0,
        "cloud_cover": 8,
        "wind_speed_10m": 12.8,
        "last_updated": "2026-10-10T21:01:13Z"
      }
    },
    {
      "type": "Feature",
      "geometry": {
        "type": "Point",
        "coordinates": [
          5.8803,
          41.5711
        ]
      },
      "properties": {
        "temperature_2m": 21.5,
        "precipitation": 0.0,
        "cloud_cover": 13,
        "wind_speed_10m": 13.08,
        "last_updated": "2026-10-10T21:01:13Z"
      }
    },
    {
      "type": "Feature",
      "geometry": {
        "type": "Point",
        "coordinates": [
          6.1148,
          41.5603
        ]
      },
      "properties": {
        "temperature_2m": 21.7,
        "precipitation": 0.0,
        "cloud_cover": 3,
        "wind_speed_10m": 12.87,
        "last_updated": "2026-10-10T21:01:13Z"
      }
    },
    {
      "type": "Feature",
      "geometry": {
        "type": "Point",
        "coordinates": [
          6.3542,
          41.6074
        ]
      },
      "properties": {
        "temperature_2m": 22.0,
        "precipitation": 0.0,
        "cloud_cover": 4,
        "wind_speed_10m": 12.31,
        "last_updated": "2026-10-10T21:01:13Z"
      }
    },
    {
      "type": "Feature",
      "geometry": {
        "type": "Point",
        "coordinates": [
          6.5886,
          41.5957
        ]
      },
      "properties": {
        "temperature_2m": 22.3,
        "precipitation": 0.0,
        "cloud_cover": 7,
        "wind_speed_10m": 12.6,
        "last_updated": "2026-10-10T21:01:13Z"
      }
    },
    {
      "type": "Feature",
      "geometry": {
        "type": "Point",
        "coordinates": [
          6.823,
          41.5837
        ]
      },
      "properties": {
        "temperature_2m": 22.6,
        "precipitation": 0.0,
        "cloud_cover": 5,
        "wind_speed_10m": 12.41,
        "last_updated": "2026-10-10T21:01:13Z"
      }
    },
    {
      "type": "Feature",
      "geometry": {
        "type": "Point",
        "coordinates": [
          7.1211,
          41.5913
        ]
      },
      "properties": {
        "temperature_2m": 22.8,
        "precipitation": 0.0,
        "cloud_cover": 36,
        "wind_speed_10m": 12.45,
        "last_updated": "2026-10-10T21:01:13Z"
      }
    },
    {
      "type": "Feature",
      "geometry": {
        "type": "Point",
        "coordinates": [
          7.3554,
          41.5783
        ]
      },
      "properties": {
        "temperature_2m": 23.1,
        "precipitation": 0.0,
        "cloud_cover": 26,
        "wind_speed_10m": 11.54,
        "last_updated": "2026-10-10T21:01:13Z"
      }
    },
    {
      "type": "Feature",
      "geometry": {
        "type": "Point",
        "coordinates": [
          7.5896,
          41.5648
        ]
      },
      "properties": {
        "temperature_2m": 23.1,
        "precipitation": 0.0,
        "cloud_cover": 49,
        "wind_speed_10m": 10.38,
        "last_updated": "2026-10-10T21:01:13Z"
      }
    },
    {
      "type": "Feature",
      "geometry": {
        "type": "Point",
        "coordinates": [
          7.8299,
          41.609
        ]
      },
      "properties": {
        "temperature_2m": 22.6,
        "precipitation": 0.0,
        "cloud_cover": 4,
        "wind_speed_10m": 7.22,
        "last_updated": "2026-10-10T21:01:13Z"
      }
    },
    {
      "type": "Feature",
      "geometry": {
        "type": "Point",
        "coordinates": [
          8.1287,
          41.6143
        ]
      },
      "properties": {
        "temperature_2m": 22.7,
        "precipitation": 0.0,
        "cloud_cover": 1,
        "wind_speed_10m": 4.62,
        "last_updated": "2026-10-10T21:01:13Z"
      }
    },
    {
      "type": "Feature",
      "geometry": {
        "type": "Point",
        "coordinates": [
          8.3629,
          41.5994
        ]
      },
      "properties": {
        "temperature_2m": 22.5,
        "precipitation": 0.0,
        "cloud_cover": 0,
        "wind_speed_10m": 3.79,
        "last_updated": "2026-10-10T21:01:13Z"
      }
    },
    {
      "type": "Feature",
      "geometry": {
        "type": "Point",
        "coordinates": [
          8.5969,
          41.5841
        ]
      },
      "properties": {
        "temperature_2m": 22.4,
        "precipitation": 0.0,
        "cloud_cover": 10,
        "wind_speed_10m": 3.91,
        "last_updated": "2026-10-10T21:01:13Z"
      }
    },
    {
      "type": "Feature",
      "geometry": {
        "type": "Point",
        "coordinates": [
          8.8308,
          41.5684
        ]
      },
      "properties": {
        "temperature_2m": 19.2,
        "precipitation": 0.0,
        "cloud_cover": 42,
        "wind_speed_10m": 1.75,
        "last_updated": "2026-10-10T21:01:13Z"
      }
    },
    {
      "type": "Feature",
      "geometry": {
        "type": "Point",
        "coordinates": [
          9.1373,
          41.6293
        ]
      },
      "properties": {
        "temperature_2m": 13.0,
        "precipitation": 0.0,
        "cloud_cover": 34,
        "wind_speed_10m": 3.14,
        "last_updated": "2026-10-10T21:01:13Z"
      }
    },
    {
      "type": "Feature",
      "geometry": {
        "type": "Point",
        "coordinates": [
          9.3057,
          41.5937
        ]
      },
      "properties": {
        "temperature_2m": 17.0,
        "precipitation": 0.0,
        "cloud_cover": 0,
        "wind_speed_10m": 0.81,
        "last_updated": "2026-10-10T21:01:13Z"
      }
    },
    {
      "type": "Feature",
      "geometry": {
        "type": "Point",
        "coordinates": [
          9.6051,
          41.5954
        ]
      },
      "properties": {
        "temperature_2m": 22.0,
        "precipitation": 0.0,
        "cloud_cover": 0,
        "wind_speed_10m": 1.3,
        "last_updated": "2026-10-10T21:01:13Z"
      }
    },
    {
      "type": "Feature",
      "geometry": {
        "type": "Point",
        "coordinates": [
          -5.1418,
          41.8484
        ]
      },
      "properties": {
        "temperature_2m": 14.2,
        "precipitation": 0.0,
        "cloud_cover": 35,
        "wind_speed_10m": 0.89,
        "last_updated": "2026-10-10T21:01:13Z"
      }
    },
    {
      "type": "Feature",
      "geometry": {
        "type": "Point",
        "coordinates": [
          -4.9059,
          41.8575
        ]
      },
      "properties": {
        "temperature_2m": 14.9,
        "precipitation": 0.0,
        "cloud_cover": 39,
        "wind_speed_10m": 0.64,
        "last_updated": "2026-10-10T21:01:13Z"
      }
    },
    {
      "type": "Feature",
      "geometry": {
        "type": "Point",
        "coordinates": [
          -4.6075,
          41.8447
        ]
      },
      "properties": {
        "temperature_2m": 13.9,
        "precipitation": 0.0,
        "cloud_cover": 44,
        "wind_speed_10m": 1.42,
        "last_updated": "2026-10-10T21:01:13Z"
      }
    },
    {
      "type": "Feature",
      "geometry": {
        "type": "Point",
        "coordinates": [
          -4.3716,
          41.8528
        ]
      },
      "properties": {
        "temperature_2m": 15.3,
        "precipitation": 0.0,
        "cloud_cover": 47,
        "wind_speed_10m": 0.61,
        "last_updated": "2026-10-10T21:01:13Z"
      }
    },
    {
      "type": "Feature",
      "geometry": {
        "type": "Point",
        "coordinates": [
          -4.1323,
          41.8022
        ]
      },
      "properties": {
        "temperature_2m": 15.7,
        "precipitation": 0.0,
        "cloud_cover": 60,
        "wind_speed_10m": 0.41,
        "last_updated": "2026-10-10T21:01:13Z"
      }
    },
    {
      "type": "Feature",
      "geometry": {
        "type": "Point",
        "coordinates": [
          -3.8965,
          41.8094
        ]
      },
      "properties": {
        "temperature_2m": 14.5,
        "precipitation": 0.0,
        "cloud_cover": 72,
        "wind_speed_10m": 0.92,
        "last_updated": "2026-10-10T21:01:13Z"
      }
    },
    {
      "type": "Feature",
      "geometry": {
        "type": "Point",
        "coordinates": [
          -3.6607,
          41.8162
        ]
      },
      "properties": {
        "temperature_2m": 13.2,
        "precipitation": 0.0,
        "cloud_cover": 80,
        "wind_speed_10m": 0.8,
        "last_updated": "2026-10-10T21:01:13Z"
      }
    },
    {
      "type": "Feature",
      "geometry": {
        "type": "Point",
        "coordinates": [
          -3.4248,
          41.8226
        ]
      },
      "properties": {
        "temperature_2m": 11.6,
        "precipitation": 0.0,
        "cloud_cover": 42,
        "wind_speed_10m": 1.34,
        "last_updated": "2026-10-10T21:01:13Z"
      }
    },
    {
      "type": "Feature",
      "geometry": {
        "type": "Point",
        "coordinates": [
          -3.1274,
          41.8065
        ]
      },
      "properties": {
        "temperature_2m": 11.0,
        "precipitation": 0.0,
        "cloud_cover": 44,
        "wind_speed_10m": 1.02,
        "last_updated": "2026-10-10T21:01:13Z"
      }
    },
    {
      "type": "Feature",
      "geometry": {
        "type": "Point",
        "coordinates": [
          -2.8916,
          41.8119
        ]
      },
      "properties": {
        "temperature_2m": 9.9,
        "precipitation": 0.0,
        "cloud_cover": 80,
        "wind_speed_10m": 1.0,
        "last_updated": "2026-10-10T21:01:13Z"
      }
    },
    {
      "type": "Feature",
      "geometry": {
        "type": "Point",
        "coordinates": [
          -2.6557,
          41.8169
        ]
      },
      "properties": {
        "temperature_2m": 12.8,
        "precipitation": 0.0,
        "cloud_cover": 68,
        "wind_speed_10m": 0.71,
        "last_updated": "2026-10-10T21:01:13Z"
      }
    },
    {
      "type": "Feature",
      "geometry": {
        "type": "Point",
        "coordinates": [
          -2.4198,
          41.8214
        ]
      },
      "properties": {
        "temperature_2m": 12.8,
        "precipitation": 0.0,
        "cloud_cover": 43,
        "wind_speed_10m": 0.73,
        "last_updated": "2026-10-10T21:01:13Z"
      }
    },
    {
      "type": "Feature",
      "geometry": {
        "type": "Point",
        "coordinates": [
          -2.1264,
          41.8501
        ]
      },
      "properties": {
        "temperature_2m": 11.4,
        "precipitation": 0.0,
        "cloud_cover": 55,
        "wind_speed_10m": 1.13,
        "last_updated": "2026-10-10T21:01:13Z"
      }
    },
    {
      "type": "Feature",
      "geometry": {
        "type": "Point",
        "coordinates": [
          -1.8298,
          41.831
        ]
      },
      "properties": {
        "temperature_2m": 11.3,
        "precipitation": 0.0,
        "cloud_cover": 43,
        "wind_speed_10m": 1.36,
        "last_updated": "2026-10-10T21:01:13Z"
      }
    },
    {
      "type": "Feature",
      "geometry": {
        "type": "Point",
        "coordinates": [
          -1.654,
          41.8569
        ]
      },
      "properties": {
        "temperature_2m": 15.0,
        "precipitation": 0.0,
        "cloud_cover": 100,
        "wind_speed_10m": 3.0,
        "last_updated": "2026-10-10T21:01:13Z"
      }
    },
    {
      "type": "Feature",
      "geometry": {
        "type": "Point",
        "coordinates": [
          -1.3577,
          41.8368
        ]
      },
      "properties": {
        "temperature_2m": 17.2,
        "precipitation": 0.0,
        "cloud_cover": 58,
        "wind_speed_10m": 5.07,
        "last_updated": "2026-10-10T21:01:13Z"
      }
    },
    {
      "type": "Feature",
      "geometry": {
        "type": "Point",
        "coordinates": [
          -1.1216,
          41.839
        ]
      },
      "properties": {
        "temperature_2m": 17.4,
        "precipitation": 0.0,
        "cloud_cover": 60,
        "wind_speed_10m": 3.26,
        "last_updated": "2026-10-10T21:01:13Z"
      }
    },
    {
      "type": "Feature",
      "geometry": {
        "type": "Point",
        "coordinates": [
          -0.8855,
          41.8408
        ]
      },
      "properties": {
        "temperature_2m": 18.1,
        "precipitation": 0.0,
        "cloud_cover": 66,
        "wind_speed_10m": 3.47,
        "last_updated": "2026-10-10T21:01:13Z"
      }
    },
    {
      "type": "Feature",
      "geometry": {
        "type": "Point",
        "coordinates": [
          -0.6494,
          41.8422
        ]
      },
      "properties": {
        "temperature_2m": 16.5,
        "precipitation": 0.0,
        "cloud_cover": 84,
        "wind_speed_10m": 0.94,
        "last_updated": "2026-10-10T21:01:13Z"
      }
    },
    {
      "type": "Feature",
      "geometry": {
        "type": "Point",
        "coordinates": [
          -0.4132,
          41.8431
        ]
      },
      "properties": {
        "temperature_2m": 16.8,
        "precipitation": 0.0,
        "cloud_cover": 64,
        "wind_speed_10m": 1.96,
        "last_updated": "2026-10-10T21:01:13Z"
      }
    },
    {
      "type": "Feature",
      "geometry": {
        "type": "Point",
        "coordinates": [
          -0.1771,
          41.8437
        ]
      },
      "properties": {
        "temperature_2m": 13.7,
        "precipitation": 0.0,
        "cloud_cover": 54,
        "wind_speed_10m": 0.92,
        "last_updated": "2026-10-10T21:01:13Z"
      }
    },
    {
      "type": "Feature",
      "geometry": {
        "type": "Point",
        "coordinates": [
          0.1182,
          41.8673
        ]
      },
      "properties": {
        "temperature_2m": 14.2,
        "precipitation": 0.0,
        "cloud_cover": 51,
        "wind_speed_10m": 0.94,
        "last_updated": "2026-10-10T21:01:13Z"
      }
    },
    {
      "type": "Feature",
      "geometry": {
        "type": "Point",
        "coordinates": [
          0.3545,
          41.8669
        ]
      },
      "properties": {
        "temperature_2m": 14.5,
        "precipitation": 0.0,
        "cloud_cover": 65,
        "wind_speed_10m": 1.66,
        "last_updated": "2026-10-10T21:01:13Z"
      }
    },
    {
      "type": "Feature",
      "geometry": {
        "type": "Point",
        "coordinates": [
          0.6494,
          41.8422
        ]
      },
      "properties": {
        "temperature_2m": 14.4,
        "precipitation": 0.0,
        "cloud_cover": 79,
        "wind_speed_10m": 1.75,
        "last_updated": "2026-10-10T21:01:13Z"
      }
    },
    {
      "type": "Feature",
      "geometry": {
        "type": "Point",
        "coordinates": [
          0.8855,
          41.8408
        ]
      },
      "properties": {
        "temperature_2m": 14.1,
        "precipitation": 0.0,
        "cloud_cover": 69,
        "wind_speed_10m": 1.75,
        "last_updated": "2026-10-10T21:01:13Z"
      }
    },
    {
      "type": "Feature",
      "geometry": {
        "type": "Point",
        "coordinates": [
          1.1216,
          41.839
        ]
      },
      "properties": {
        "temperature_2m": 12.7,
        "precipitation": 0.0,
        "cloud_cover": 74,
        "wind_speed_10m": 1.41,
        "last_updated": "2026-10-10T21:01:13Z"
      }
    },
    {
      "type": "Feature",
      "geometry": {
        "type": "Point",
        "coordinates": [
          1.3577,
          41.8368
        ]
      },
      "properties": {
        "temperature_2m": 13.3,
        "precipitation": 0.0,
        "cloud_cover": 60,
        "wind_speed_10m": 1.5,
        "last_updated": "2026-10-10T21:01:13Z"
      }
    },
    {
      "type": "Feature",
      "geometry": {
        "type": "Point",
        "coordinates": [
          1.5937,
          41.8341
        ]
      },
      "properties": {
        "temperature_2m": 12.8,
        "precipitation": 0.0,
        "cloud_cover": 39,
        "wind_speed_10m": 1.73,
        "last_updated": "2026-10-10T21:01:13Z"
      }
    },
    {
      "type": "Feature",
      "geometry": {
        "type": "Point",
        "coordinates": [
          1.8298,
          41.831
        ]
      },
      "properties": {
        "temperature_2m": 11.7,
        "precipitation": 0.0,
        "cloud_cover": 15,
        "wind_speed_10m": 1.63,
        "last_updated": "2026-10-10T21:01:13Z"
      }
    },
    {
      "type": "Feature",
      "geometry": {
        "type": "Point",
        "coordinates": [
          2.1264,
          41.8501
        ]
      },
      "properties": {
        "temperature_2m": 13.4,
        "precipitation": 0.0,
        "cloud_cover": 0,
        "wind_speed_10m": 0.94,
        "last_updated": "2026-10-10T21:01:13Z"
      }
    },
    {
      "type": "Feature",
      "geometry": {
        "type": "Point",
        "coordinates": [
          2.3626,
          41.8461
        ]
      },
      "properties": {
        "temperature_2m": 12.3,
        "precipitation": 0.0,
        "cloud_cover": 15,
        "wind_speed_10m": 1.04,
        "last_updated": "2026-10-10T21:01:13Z"
      }
    },
    {
      "type": "Feature",
      "geometry": {
        "type": "Point",
        "coordinates": [
          2.5987,
          41.8416
        ]
      },
      "properties": {
        "temperature_2m": 13.3,
        "precipitation": 0.0,
        "cloud_cover": 55,
        "wind_speed_10m": 1.86,
        "last_updated": "2026-10-10T21:01:13Z"
      }
    },
    {
      "type": "Feature",
      "geometry": {
        "type": "Point",
        "coordinates": [
          2.8348,
          41.8367
        ]
      },
      "properties": {
        "temperature_2m": 14.1,
        "precipitation": 0.0,
        "cloud_cover": 43,
        "wind_speed_10m": 1.0,
        "last_updated": "2026-10-10T21:01:13Z"
      }
    },
    {
      "type": "Feature",
      "geometry": {
        "type": "Point",
        "coordinates": [
          3.0708,
          41.8314
        ]
      },
      "properties": {
        "temperature_2m": 17.6,
        "precipitation": 0.0,
        "cloud_cover": 6,
        "wind_speed_10m": 0.94,
        "last_updated": "2026-10-10T21:01:13Z"
      }
    },
    {
      "type": "Feature",
      "geometry": {
        "type": "Point",
        "coordinates": [
          3.3632,
          41.8006
        ]
      },
      "properties": {
        "temperature_2m": 21.1,
        "precipitation": 0.0,
        "cloud_cover": 2,
        "wind_speed_10m": 2.55,
        "last_updated": "2026-10-10T21:01:13Z"
      }
    },
    {
      "type": "Feature",
      "geometry": {
        "type": "Point",
        "coordinates": [
          3.599,
          41.7943
        ]
      },
      "properties": {
        "temperature_2m": 21.1,
        "precipitation": 0.0,
        "cloud_cover": 0,
        "wind_speed_10m": 6.1,
        "last_updated": "2026-10-10T21:01:13Z"
      }
    },
    {
      "type": "Feature",
      "geometry": {
        "type": "Point",
        "coordinates": [
          3.8965,
          41.8094
        ]
      },
      "properties": {
        "temperature_2m": 21.0,
        "precipitation": 0.0,
        "cloud_cover": 0,
        "wind_speed_10m": 10.06,
        "last_updated": "2026-10-10T21:01:13Z"
      }
    },
    {
      "type": "Feature",
      "geometry": {
        "type": "Point",
        "coordinates": [
          4.1323,
          41.8022
        ]
      },
      "properties": {
        "temperature_2m": 21.0,
        "precipitation": 0.0,
        "cloud_cover": 0,
        "wind_speed_10m": 10.32,
        "last_updated": "2026-10-10T21:01:13Z"
      }
    },
    {
      "type": "Feature",
      "geometry": {
        "type": "Point",
        "coordinates": [
          4.3716,
          41.8528
        ]
      },
      "properties": {
        "temperature_2m": 21.0,
        "precipitation": 0.0,
        "cloud_cover": 2,
        "wind_speed_10m": 10.37,
        "last_updated": "2026-10-10T21:01:13Z"
      }
    },
    {
      "type": "Feature",
      "geometry": {
        "type": "Point",
        "coordinates": [
          4.6075,
          41.8447
        ]
      },
      "properties": {
        "temperature_2m": 21.2,
        "precipitation": 0.0,
        "cloud_cover": 3,
        "wind_speed_10m": 11.34,
        "last_updated": "2026-10-10T21:01:13Z"
      }
    },
    {
      "type": "Feature",
      "geometry": {
        "type": "Point",
        "coordinates": [
          4.8433,
          41.8362
        ]
      },
      "properties": {
        "temperature_2m": 21.1,
        "precipitation": 0.0,
        "cloud_cover": 4,
        "wind_speed_10m": 11.43,
        "last_updated": "2026-10-10T21:01:13Z"
      }
    },
    {
      "type": "Feature",
      "geometry": {
        "type": "Point",
        "coordinates": [
          5.079,
          41.8272
        ]
      },
      "properties": {
        "temperature_2m": 21.1,
        "precipitation": 0.0,
        "cloud_cover": 0,
        "wind_speed_10m": 11.7,
        "last_updated": "2026-10-10T21:01:13Z"
      }
    },
    {
      "type": "Feature",
      "geometry": {
        "type": "Point",
        "coordinates": [
          5.3776,
          41.8389
        ]
      },
      "properties": {
        "temperature_2m": 21.1,
        "precipitation": 0.0,
        "cloud_cover": 0,
        "wind_speed_10m": 12.29,
        "last_updated": "2026-10-10T21:01:13Z"
      }
    },
    {
      "type": "Feature",
      "geometry": {
        "type": "Point",
        "coordinates": [
          5.6133,
          41.829
        ]
      },
      "properties": {
        "temperature_2m": 21.0,
        "precipitation": 0.0,
        "cloud_cover": 1,
        "wind_speed_10m": 12.84,
        "last_updated": "2026-10-10T21:01:13Z"
      }
    },
    {
      "type": "Feature",
      "geometry": {
        "type": "Point",
        "coordinates": [
          5.849,
          41.8186
        ]
      },
      "properties": {
        "temperature_2m": 21.3,
        "precipitation": 0.0,
        "cloud_cover": 11,
        "wind_speed_10m": 12.95,
        "last_updated": "2026-10-10T21:01:13Z"
      }
    },
    {
      "type": "Feature",
      "geometry": {
        "type": "Point",
        "coordinates": [
          6.0845,
          41.8079
        ]
      },
      "properties": {
        "temperature_2m": 21.7,
        "precipitation": 0.0,
        "cloud_cover": 8,
        "wind_speed_10m": 12.87,
        "last_updated": "2026-10-10T21:01:13Z"
      }
    },
    {
      "type": "Feature",
      "geometry": {
        "type": "Point",
        "coordinates": [
          6.3251,
          41.8548
        ]
      },
      "properties": {
        "temperature_2m": 22.1,
        "precipitation": 0.0,
        "cloud_cover": 5,
        "wind_speed_10m": 13.02,
        "last_updated": "2026-10-10T21:01:13Z"
      }
    },
    {
      "type": "Feature",
      "geometry": {
        "type": "Point",
        "coordinates": [
          6.6246,
          41.8636
        ]
      },
      "properties": {
        "temperature_2m": 22.4,
        "precipitation": 0.0,
        "cloud_cover": 7,
        "wind_speed_10m": 13.28,
        "last_updated": "2026-10-10T21:01:13Z"
      }
    },
    {
      "type": "Feature",
      "geometry": {
        "type": "Point",
        "coordinates": [
          6.8602,
          41.8514
        ]
      },
      "properties": {
        "temperature_2m": 22.6,
        "precipitation": 0.0,
        "cloud_cover": 22,
        "wind_speed_10m": 13.15,
        "last_updated": "2026-10-10T21:01:13Z"
      }
    },
    {
      "type": "Feature",
      "geometry": {
        "type": "Point",
        "coordinates": [
          7.0957,
          41.8388
        ]
      },
      "properties": {
        "temperature_2m": 23.0,
        "precipitation": 0.0,
        "cloud_cover": 8,
        "wind_speed_10m": 13.45,
        "last_updated": "2026-10-10T21:01:13Z"
      }
    },
    {
      "type": "Feature",
      "geometry": {
        "type": "Point",
        "coordinates": [
          7.3311,
          41.8257
        ]
      },
      "properties": {
        "temperature_2m": 23.3,
        "precipitation": 0.0,
        "cloud_cover": 0,
        "wind_speed_10m": 12.59,
        "last_updated": "2026-10-10T21:01:13Z"
      }
    },
    {
      "type": "Feature",
      "geometry": {
        "type": "Point",
        "coordinates": [
          7.5664,
          41.8123
        ]
      },
      "properties": {
        "temperature_2m": 23.4,
        "precipitation": 0.0,
        "cloud_cover": 1,
        "wind_speed_10m": 10.59,
        "last_updated": "2026-10-10T21:01:13Z"
      }
    },
    {
      "type": "Feature",
      "geometry": {
        "type": "Point",
        "coordinates": [
          7.8078,
          41.8564
        ]
      },
      "properties": {
        "temperature_2m": 23.4,
        "precipitation": 0.0,
        "cloud_cover": 0,
        "wind_speed_10m": 8.23,
        "last_updated": "2026-10-10T21:01:13Z"
      }
    },
    {
      "type": "Feature",
      "geometry": {
        "type": "Point",
        "coordinates": [
          8.1081,
          41.8616
        ]
      },
      "properties": {
        "temperature_2m": 22.6,
        "precipitation": 0.0,
        "cloud_cover": 0,
        "wind_speed_10m": 4.14,
        "last_updated": "2026-10-10T21:01:13Z"
      }
    },
    {
      "type": "Feature",
      "geometry": {
        "type": "Point",
        "coordinates": [
          8.3434,
          41.8468
        ]
      },
      "properties": {
        "temperature_2m": 22.5,
        "precipitation": 0.0,
        "cloud_cover": 0,
        "wind_speed_10m": 2.84,
        "last_updated": "2026-10-10T21:01:13Z"
      }
    },
    {
      "type": "Feature",
      "geometry": {
        "type": "Point",
        "coordinates": [
          8.6509,
          41.9086
        ]
      },
      "properties": {
        "temperature_2m": 21.2,
        "precipitation": 0.0,
        "cloud_cover": 51,
        "wind_speed_10m": 1.27,
        "last_updated": "2026-10-10T21:01:13Z"
      }
    },
    {
      "type": "Feature",
      "geometry": {
        "type": "Point",
        "coordinates": [
          8.9382,
          41.8655
        ]
      },
      "properties": {
        "temperature_2m": 12.4,
        "precipitation": 0.0,
        "cloud_cover": 70,
        "wind_speed_10m": 1.63,
        "last_updated": "2026-10-10T21:01:13Z"
      }
    },
    {
      "type": "Feature",
      "geometry": {
        "type": "Point",
        "coordinates": [
          9.1215,
          41.8764
        ]
      },
      "properties": {
        "temperature_2m": 9.2,
        "precipitation": 0.0,
        "cloud_cover": 0,
        "wind_speed_10m": 0.3,
        "last_updated": "2026-10-10T21:01:13Z"
      }
    },
    {
      "type": "Feature",
      "geometry": {
        "type": "Point",
        "coordinates": [
          9.3566,
          41.8597
        ]
      },
      "properties": {
        "temperature_2m": 13.1,
        "precipitation": 0.0,
        "cloud_cover": 0,
        "wind_speed_10m": 1.6,
        "last_updated": "2026-10-10T21:01:13Z"
      }
    },
    {
      "type": "Feature",
      "geometry": {
        "type": "Point",
        "coordinates": [
          9.5916,
          41.8425
        ]
      },
      "properties": {
        "temperature_2m": 22.0,
        "precipitation": 0.0,
        "cloud_cover": 4,
        "wind_speed_10m": 2.09,
        "last_updated": "2026-10-10T21:01:13Z"
      }
    },
    {
      "type": "Feature",
      "geometry": {
        "type": "Point",
        "coordinates": [
          -5.1621,
          42.0698
        ]
      },
      "properties": {
        "temperature_2m": 16.1,
        "precipitation": 0.0,
        "cloud_cover": 81,
        "wind_speed_10m": 0.4,
        "last_updated": "2026-10-10T21:01:13Z"
      }
    },
    {
      "type": "Feature",
      "geometry": {
        "type": "Point",
        "coordinates": [
          -4.9253,
          42.079
        ]
      },
      "properties": {
        "temperature_2m": 15.7,
        "precipitation": 0.0,
        "cloud_cover": 65,
        "wind_speed_10m": 0.7,
        "last_updated": "2026-10-10T21:01:13Z"
      }
    },
    {
      "type": "Feature",
      "geometry": {
        "type": "Point",
        "coordinates": [
          -4.6328,
          42.1133
        ]
      },
      "properties": {
        "temperature_2m": 15.2,
        "precipitation": 0.0,
        "cloud_cover": 83,
        "wind_speed_10m": 1.84,
        "last_updated": "2026-10-10T21:01:13Z"
      }
    },
    {
      "type": "Feature",
      "geometry": {
        "type": "Point",
        "coordinates": [
          -4.3956,
          42.1215
        ]
      },
      "properties": {
        "temperature_2m": 14.7,
        "precipitation": 0.0,
        "cloud_cover": 73,
        "wind_speed_10m": 1.8,
        "last_updated": "2026-10-10T21:01:13Z"
      }
    },
    {
      "type": "Feature",
      "geometry": {
        "type": "Point",
        "coordinates": [
          -4.0959,
          42.1076
        ]
      },
      "properties": {
        "temperature_2m": 14.7,
        "precipitation": 0.0,
        "cloud_cover": 69,
        "wind_speed_10m": 1.49,
        "last_updated": "2026-10-10T21:01:13Z"
      }
    },
    {
      "type": "Feature",
      "geometry": {
        "type": "Point",
        "coordinates": [
          -3.8557,
          42.0566
        ]
      },
      "properties": {
        "temperature_2m": 14.1,
        "precipitation": 0.0,
        "cloud_cover": 85,
        "wind_speed_10m": 1.0,
        "last_updated": "2026-10-10T21:01:13Z"
      }
    },
    {
      "type": "Feature",
      "geometry": {
        "type": "Point",
        "coordinates": [
          -3.6187,
          42.0633
        ]
      },
      "properties": {
        "temperature_2m": 11.2,
        "precipitation": 0.0,
        "cloud_cover": 47,
        "wind_speed_10m": 1.28,
        "last_updated": "2026-10-10T21:01:13Z"
      }
    },
    {
      "type": "Feature",
      "geometry": {
        "type": "Point",
        "coordinates": [
          -3.3817,
          42.0697
        ]
      },
      "properties": {
        "temperature_2m": 9.7,
        "precipitation": 0.0,
        "cloud_cover": 55,
        "wind_speed_10m": 0.78,
        "last_updated": "2026-10-10T21:01:13Z"
      }
    },
    {
      "type": "Feature",
      "geometry": {
        "type": "Point",
        "coordinates": [
          -3.1446,
          42.0756
        ]
      },
      "properties": {
        "temperature_2m": 8.4,
        "precipitation": 0.0,
        "cloud_cover": 43,
        "wind_speed_10m": 1.77,
        "last_updated": "2026-10-10T21:01:13Z"
      }
    },
    {
      "type": "Feature",
      "geometry": {
        "type": "Point",
        "coordinates": [
          -2.9074,
          42.0811
        ]
      },
      "properties": {
        "temperature_2m": 8.5,
        "precipitation": 0.0,
        "cloud_cover": 14,
        "wind_speed_10m": 1.2,
        "last_updated": "2026-10-10T21:01:13Z"
      }
    },
    {
      "type": "Feature",
      "geometry": {
        "type": "Point",
        "coordinates": [
          -2.6089,
          42.0637
        ]
      },
      "properties": {
        "temperature_2m": 7.1,
        "precipitation": 0.0,
        "cloud_cover": 0,
        "wind_speed_10m": 0.32,
        "last_updated": "2026-10-10T21:01:13Z"
      }
    },
    {
      "type": "Feature",
      "geometry": {
        "type": "Point",
        "coordinates": [
          -2.3719,
          42.0682
        ]
      },
      "properties": {
        "temperature_2m": 9.9,
        "precipitation": 0.0,
        "cloud_cover": 0,
        "wind_speed_10m": 0.89,
        "last_updated": "2026-10-10T21:01:13Z"
      }
    },
    {
      "type": "Feature",
      "geometry": {
        "type": "Point",
        "coordinates": [
          -2.1348,
          42.0723
        ]
      },
      "properties": {
        "temperature_2m": 12.3,
        "precipitation": 0.0,
        "cloud_cover": 36,
        "wind_speed_10m": 1.63,
        "last_updated": "2026-10-10T21:01:13Z"
      }
    },
    {
      "type": "Feature",
      "geometry": {
        "type": "Point",
        "coordinates": [
          -1.8977,
          42.0759
        ]
      },
      "properties": {
        "temperature_2m": 14.9,
        "precipitation": 0.0,
        "cloud_cover": 54,
        "wind_speed_10m": 0.86,
        "last_updated": "2026-10-10T21:01:13Z"
      }
    },
    {
      "type": "Feature",
      "geometry": {
        "type": "Point",
        "coordinates": [
          -1.6605,
          42.0791
        ]
      },
      "properties": {
        "temperature_2m": 16.3,
        "precipitation": 0.0,
        "cloud_cover": 60,
        "wind_speed_10m": 2.83,
        "last_updated": "2026-10-10T21:01:13Z"
      }
    },
    {
      "type": "Feature",
      "geometry": {
        "type": "Point",
        "coordinates": [
          -1.4234,
          42.0819
        ]
      },
      "properties": {
        "temperature_2m": 16.1,
        "precipitation": 0.0,
        "cloud_cover": 100,
        "wind_speed_10m": 2.9,
        "last_updated": "2026-10-10T21:01:13Z"
      }
    },
    {
      "type": "Feature",
      "geometry": {
        "type": "Point",
        "coordinates": [
          -1.1277,
          42.1084
        ]
      },
      "properties": {
        "temperature_2m": 16.1,
        "precipitation": 0.0,
        "cloud_cover": 100,
        "wind_speed_10m": 2.42,
        "last_updated": "2026-10-10T21:01:13Z"
      }
    },
    {
      "type": "Feature",
      "geometry": {
        "type": "Point",
        "coordinates": [
          -0.8903,
          42.1103
        ]
      },
      "properties": {
        "temperature_2m": 16.3,
        "precipitation": 0.0,
        "cloud_cover": 57,
        "wind_speed_10m": 2.7,
        "last_updated": "2026-10-10T21:01:13Z"
      }
    },
    {
      "type": "Feature",
      "geometry": {
        "type": "Point",
        "coordinates": [
          -0.6529,
          42.1117
        ]
      },
      "properties": {
        "temperature_2m": 16.6,
        "precipitation": 0.0,
        "cloud_cover": 57,
        "wind_speed_10m": 1.43,
        "last_updated": "2026-10-10T21:01:13Z"
      }
    },
    {
      "type": "Feature",
      "geometry": {
        "type": "Point",
        "coordinates": [
          -0.3559,
          42.0892
        ]
      },
      "properties": {
        "temperature_2m": 14.8,
        "precipitation": 0.0,
        "cloud_cover": 100,
        "wind_speed_10m": 1.41,
        "last_updated": "2026-10-10T21:01:13Z"
      }
    },
    {
      "type": "Feature",
      "geometry": {
        "type": "Point",
        "coordinates": [
          -0.1186,
          42.0896
        ]
      },
      "properties": {
        "temperature_2m": 13.9,
        "precipitation": 0.0,
        "cloud_cover": 42,
        "wind_speed_10m": 1.43,
        "last_updated": "2026-10-10T21:01:13Z"
      }
    },
    {
      "type": "Feature",
      "geometry": {
        "type": "Point",
        "coordinates": [
          0.1186,
          42.0896
        ]
      },
      "properties": {
        "temperature_2m": 13.8,
        "precipitation": 0.0,
        "cloud_cover": 29,
        "wind_speed_10m": 1.7,
        "last_updated": "2026-10-10T21:01:13Z"
      }
    },
    {
      "type": "Feature",
      "geometry": {
        "type": "Point",
        "coordinates": [
          0.3559,
          42.0892
        ]
      },
      "properties": {
        "temperature_2m": 12.2,
        "precipitation": 0.0,
        "cloud_cover": 68,
        "wind_speed_10m": 1.17,
        "last_updated": "2026-10-10T21:01:13Z"
      }
    },
    {
      "type": "Feature",
      "geometry": {
        "type": "Point",
        "coordinates": [
          0.5931,
          42.0883
        ]
      },
      "properties": {
        "temperature_2m": 9.9,
        "precipitation": 0.0,
        "cloud_cover": 88,
        "wind_speed_10m": 1.44,
        "last_updated": "2026-10-10T21:01:13Z"
      }
    },
    {
      "type": "Feature",
      "geometry": {
        "type": "Point",
        "coordinates": [
          0.8903,
          42.1103
        ]
      },
      "properties": {
        "temperature_2m": 11.2,
        "precipitation": 0.0,
        "cloud_cover": 80,
        "wind_speed_10m": 1.22,
        "last_updated": "2026-10-10T21:01:13Z"
      }
    },
    {
      "type": "Feature",
      "geometry": {
        "type": "Point",
        "coordinates": [
          1.1277,
          42.1084
        ]
      },
      "properties": {
        "temperature_2m": 9.9,
        "precipitation": 0.0,
        "cloud_cover": 76,
        "wind_speed_10m": 1.71,
        "last_updated": "2026-10-10T21:01:13Z"
      }
    },
    {
      "type": "Feature",
      "geometry": {
        "type": "Point",
        "coordinates": [
          1.3651,
          42.1062
        ]
      },
      "properties": {
        "temperature_2m": 10.1,
        "precipitation": 0.0,
        "cloud_cover": 72,
        "wind_speed_10m": 1.8,
        "last_updated": "2026-10-10T21:01:13Z"
      }
    },
    {
      "type": "Feature",
      "geometry": {
        "type": "Point",
        "coordinates": [
          1.6025,
          42.1035
        ]
      },
      "properties": {
        "temperature_2m": 9.0,
        "precipitation": 0.0,
        "cloud_cover": 36,
        "wind_speed_10m": 1.75,
        "last_updated": "2026-10-10T21:01:13Z"
      }
    },
    {
      "type": "Feature",
      "geometry": {
        "type": "Point",
        "coordinates": [
          1.8977,
          42.0759
        ]
      },
      "properties": {
        "temperature_2m": 14.3,
        "precipitation": 0.0,
        "cloud_cover": 17,
        "wind_speed_10m": 1.63,
        "last_updated": "2026-10-10T21:01:13Z"
      }
    },
    {
      "type": "Feature",
      "geometry": {
        "type": "Point",
        "coordinates": [
          2.1348,
          42.0723
        ]
      },
      "properties": {
        "temperature_2m": 11.2,
        "precipitation": 0.0,
        "cloud_cover": 54,
        "wind_speed_10m": 1.35,
        "last_updated": "2026-10-10T21:01:13Z"
      }
    },
    {
      "type": "Feature",
      "geometry": {
        "type": "Point",
        "coordinates": [
          2.3719,
          42.0682
        ]
      },
      "properties": {
        "temperature_2m": 12.9,
        "precipitation": 0.0,
        "cloud_cover": 5,
        "wind_speed_10m": 1.26,
        "last_updated": "2026-10-10T21:01:13Z"
      }
    },
    {
      "type": "Feature",
      "geometry": {
        "type": "Point",
        "coordinates": [
          2.6089,
          42.0637
        ]
      },
      "properties": {
        "temperature_2m": 11.0,
        "precipitation": 0.0,
        "cloud_cover": 51,
        "wind_speed_10m": 1.7,
        "last_updated": "2026-10-10T21:01:13Z"
      }
    },
    {
      "type": "Feature",
      "geometry": {
        "type": "Point",
        "coordinates": [
          2.846,
          42.0588
        ]
      },
      "properties": {
        "temperature_2m": 15.1,
        "precipitation": 0.0,
        "cloud_cover": 35,
        "wind_speed_10m": 1.14,
        "last_updated": "2026-10-10T21:01:13Z"
      }
    },
    {
      "type": "Feature",
      "geometry": {
        "type": "Point",
        "coordinates": [
          3.1446,
          42.0756
        ]
      },
      "properties": {
        "temperature_2m": 16.1,
        "precipitation": 0.0,
        "cloud_cover": 33,
        "wind_speed_10m": 0.95,
        "last_updated": "2026-10-10T21:01:13Z"
      }
    },
    {
      "type": "Feature",
      "geometry": {
        "type": "Point",
        "coordinates": [
          3.3817,
          42.0697
        ]
      },
      "properties": {
        "temperature_2m": 21.0,
        "precipitation": 0.0,
        "cloud_cover": 3,
        "wind_speed_10m": 5.3,
        "last_updated": "2026-10-10T21:01:13Z"
      }
    },
    {
      "type": "Feature",
      "geometry": {
        "type": "Point",
        "coordinates": [
          3.6187,
          42.0633
        ]
      },
      "properties": {
        "temperature_2m": 20.4,
        "precipitation": 0.0,
        "cloud_cover": 0,
        "wind_speed_10m": 8.63,
        "last_updated": "2026-10-10T21:01:13Z"
      }
    },
    {
      "type": "Feature",
      "geometry": {
        "type": "Point",
        "coordinates": [
          3.8557,
          42.0566
        ]
      },
      "properties": {
        "temperature_2m": 20.6,
        "precipitation": 0.0,
        "cloud_cover": 5,
        "wind_speed_10m": 10.77,
        "last_updated": "2026-10-10T21:01:13Z"
      }
    },
    {
      "type": "Feature",
      "geometry": {
        "type": "Point",
        "coordinates": [
          4.0959,
          42.1076
        ]
      },
      "properties": {
        "temperature_2m": 20.6,
        "precipitation": 0.0,
        "cloud_cover": 16,
        "wind_speed_10m": 12.12,
        "last_updated": "2026-10-10T21:01:13Z"
      }
    },
    {
      "type": "Feature",
      "geometry": {
        "type": "Point",
        "coordinates": [
          4.333,
          42.0999
        ]
      },
      "properties": {
        "temperature_2m": 20.7,
        "precipitation": 0.0,
        "cloud_cover": 0,
        "wind_speed_10m": 11.34,
        "last_updated": "2026-10-10T21:01:13Z"
      }
    },
    {
      "type": "Feature",
      "geometry": {
        "type": "Point",
        "coordinates": [
          4.57,
          42.0919
        ]
      },
      "properties": {
        "temperature_2m": 20.6,
        "precipitation": 0.0,
        "cloud_cover": 0,
        "wind_speed_10m": 11.4,
        "last_updated": "2026-10-10T21:01:13Z"
      }
    },
    {
      "type": "Feature",
      "geometry": {
        "type": "Point",
        "coordinates": [
          4.8699,
          42.1047
        ]
      },
      "properties": {
        "temperature_2m": 20.7,
        "precipitation": 0.0,
        "cloud_cover": 0,
        "wind_speed_10m": 12.98,
        "last_updated": "2026-10-10T21:01:13Z"
      }
    },
    {
      "type": "Feature",
      "geometry": {
        "type": "Point",
        "coordinates": [
          5.1069,
          42.0957
        ]
      },
      "properties": {
        "temperature_2m": 21.0,
        "precipitation": 0.0,
        "cloud_cover": 0,
        "wind_speed_10m": 13.68,
        "last_updated": "2026-10-10T21:01:13Z"
      }
    },
    {
      "type": "Feature",
      "geometry": {
        "type": "Point",
        "coordinates": [
          5.3438,
          42.0862
        ]
      },
      "properties": {
        "temperature_2m": 20.9,
        "precipitation": 0.0,
        "cloud_cover": 0,
        "wind_speed_10m": 13.14,
        "last_updated": "2026-10-10T21:01:13Z"
      }
    },
    {
      "type": "Feature",
      "geometry": {
        "type": "Point",
        "coordinates": [
          5.5807,
          42.0763
        ]
      },
      "properties": {
        "temperature_2m": 20.7,
        "precipitation": 0.0,
        "cloud_cover": 2,
        "wind_speed_10m": 13.05,
        "last_updated": "2026-10-10T21:01:13Z"
      }
    },
    {
      "type": "Feature",
      "geometry": {
        "type": "Point",
        "coordinates": [
          5.8174,
          42.066
        ]
      },
      "properties": {
        "temperature_2m": 21.1,
        "precipitation": 0.0,
        "cloud_cover": 8,
        "wind_speed_10m": 13.01,
        "last_updated": "2026-10-10T21:01:13Z"
      }
    },
    {
      "type": "Feature",
      "geometry": {
        "type": "Point",
        "coordinates": [
          6.0541,
          42.0552
        ]
      },
      "properties": {
        "temperature_2m": 21.7,
        "precipitation": 0.0,
        "cloud_cover": 5,
        "wind_speed_10m": 13.16,
        "last_updated": "2026-10-10T21:01:13Z"
      }
    },
    {
      "type": "Feature",
      "geometry": {
        "type": "Point",
        "coordinates": [
          6.3599,
          42.1226
        ]
      },
      "properties": {
        "temperature_2m": 22.2,
        "precipitation": 0.0,
        "cloud_cover": 0,
        "wind_speed_10m": 13.56,
        "last_updated": "2026-10-10T21:01:13Z"
      }
    },
    {
      "type": "Feature",
      "geometry": {
        "type": "Point",
        "coordinates": [
          6.6508,
          42.0845
        ]
      },
      "properties": {
        "temperature_2m": 22.6,
        "precipitation": 0.0,
        "cloud_cover": 0,
        "wind_speed_10m": 13.92,
        "last_updated": "2026-10-10T21:01:13Z"
      }
    },
    {
      "type": "Feature",
      "geometry": {
        "type": "Point",
        "coordinates": [
          6.8873,
          42.0722
        ]
      },
      "properties": {
        "temperature_2m": 22.9,
        "precipitation": 0.0,
        "cloud_cover": 0,
        "wind_speed_10m": 13.96,
        "last_updated": "2026-10-10T21:01:13Z"
      }
    },
    {
      "type": "Feature",
      "geometry": {
        "type": "Point",
        "coordinates": [
          7.1238,
          42.0595
        ]
      },
      "properties": {
        "temperature_2m": 23.2,
        "precipitation": 0.0,
        "cloud_cover": 0,
        "wind_speed_10m": 13.45,
        "last_updated": "2026-10-10T21:01:13Z"
      }
    },
    {
      "type": "Feature",
      "geometry": {
        "type": "Point",
        "coordinates": [
          7.3601,
          42.0463
        ]
      },
      "properties": {
        "temperature_2m": 23.3,
        "precipitation": 0.0,
        "cloud_cover": 0,
        "wind_speed_10m": 11.96,
        "last_updated": "2026-10-10T21:01:13Z"
      }
    },
    {
      "type": "Feature",
      "geometry": {
        "type": "Point",
        "coordinates": [
          7.6613,
          42.0527
        ]
      },
      "properties": {
        "temperature_2m": 23.5,
        "precipitation": 0.0,
        "cloud_cover": 0,
        "wind_speed_10m": 9.48,
        "last_updated": "2026-10-10T21:01:13Z"
      }
    },
    {
      "type": "Feature",
      "geometry": {
        "type": "Point",
        "coordinates": [
          7.9039,
          42.0964
        ]
      },
      "properties": {
        "temperature_2m": 23.7,
        "precipitation": 0.0,
        "cloud_cover": 0,
        "wind_speed_10m": 6.71,
        "last_updated": "2026-10-10T21:01:13Z"
      }
    },
    {
      "type": "Feature",
      "geometry": {
        "type": "Point",
        "coordinates": [
          8.1402,
          42.0818
        ]
      },
      "properties": {
        "temperature_2m": 22.6,
        "precipitation": 0.0,
        "cloud_cover": 0,
        "wind_speed_10m": 4.16,
        "last_updated": "2026-10-10T21:01:13Z"
      }
    },
    {
      "type": "Feature",
      "geometry": {
        "type": "Point",
        "coordinates": [
          8.3764,
          42.0668
        ]
      },
      "properties": {
        "temperature_2m": 22.5,
        "precipitation": 0.0,
        "cloud_cover": 0,
        "wind_speed_10m": 2.94,
        "last_updated": "2026-10-10T21:01:13Z"
      }
    },
    {
      "type": "Feature",
      "geometry": {
        "type": "Point",
        "coordinates": [
          8.6852,
          42.1285
        ]
      },
      "properties": {
        "temperature_2m": 18.9,
        "precipitation": 0.0,
        "cloud_cover": 32,
        "wind_speed_10m": 2.92,
        "last_updated": "2026-10-10T21:01:13Z"
      }
    },
    {
      "type": "Feature",
      "geometry": {
        "type": "Point",
        "coordinates": [
          8.7963,
          42.0628
        ]
      },
      "properties": {
        "temperature_2m": 14.7,
        "precipitation": 0.0,
        "cloud_cover": 31,
        "wind_speed_10m": 2.18,
        "last_updated": "2026-10-10T21:01:13Z"
      }
    },
    {
      "type": "Feature",
      "geometry": {
        "type": "Point",
        "coordinates": [
          9.1057,
          42.1234
        ]
      },
      "properties": {
        "temperature_2m": 9.4,
        "precipitation": 0.0,
        "cloud_cover": 70,
        "wind_speed_10m": 1.72,
        "last_updated": "2026-10-10T21:01:13Z"
      }
    },
    {
      "type": "Feature",
      "geometry": {
        "type": "Point",
        "coordinates": [
          9.3937,
          42.0792
        ]
      },
      "properties": {
        "temperature_2m": 14.4,
        "precipitation": 0.0,
        "cloud_cover": 0,
        "wind_speed_10m": 1.86,
        "last_updated": "2026-10-10T21:01:13Z"
      }
    },
    {
      "type": "Feature",
      "geometry": {
        "type": "Point",
        "coordinates": [
          9.6296,
          42.0619
        ]
      },
      "properties": {
        "temperature_2m": 21.9,
        "precipitation": 0.0,
        "cloud_cover": 7,
        "wind_speed_10m": 1.97,
        "last_updated": "2026-10-10T21:01:13Z"
      }
    },
    {
      "type": "Feature",
      "geometry": {
        "type": "Point",
        "coordinates": [
          -5.14,
          42.33
        ]
      },
      "properties": {
        "temperature_2m": 13.7,
        "precipitation": 0.0,
        "cloud_cover": 100,
        "wind_speed_10m": 0.73,
        "last_updated": "2026-10-10T21:01:13Z"
      }
    },
    {
      "type": "Feature",
      "geometry": {
        "type": "Point",
        "coordinates": [
          -4.89,
          42.33
        ]
      },
      "properties": {
        "temperature_2m": 13.5,
        "precipitation": 0.0,
        "cloud_cover": 6,
        "wind_speed_10m": 4.71,
        "last_updated": "2026-10-10T21:01:13Z"
      }
    },
    {
      "type": "Feature",
      "geometry": {
        "type": "Point",
        "coordinates": [
          -4.64,
          42.33
        ]
      },
      "properties": {
        "temperature_2m": 12.7,
        "precipitation": 0.0,
        "cloud_cover": 98,
        "wind_speed_10m": 3.81,
        "last_updated": "2026-10-10T21:01:13Z"
      }
    },
    {
      "type": "Feature",
      "geometry": {
        "type": "Point",
        "coordinates": [
          -4.39,
          42.33
        ]
      },
      "properties": {
        "temperature_2m": 13.4,
        "precipitation": 0.0,
        "cloud_cover": 13,
        "wind_speed_10m": 3.92,
        "last_updated": "2026-10-10T21:01:13Z"
      }
    },
    {
      "type": "Feature",
      "geometry": {
        "type": "Point",
        "coordinates": [
          -4.14,
          42.33
        ]
      },
      "properties": {
        "temperature_2m": 13.9,
        "precipitation": 0.0,
        "cloud_cover": 27,
        "wind_speed_10m": 3.14,
        "last_updated": "2026-10-10T21:01:13Z"
      }
    },
    {
      "type": "Feature",
      "geometry": {
        "type": "Point",
        "coordinates": [
          -3.89,
          42.33
        ]
      },
      "properties": {
        "temperature_2m": 13.1,
        "precipitation": 0.0,
        "cloud_cover": 28,
        "wind_speed_10m": 4.19,
        "last_updated": "2026-10-10T21:01:13Z"
      }
    },
    {
      "type": "Feature",
      "geometry": {
        "type": "Point",
        "coordinates": [
          -3.64,
          42.33
        ]
      },
      "properties": {
        "temperature_2m": 11.8,
        "precipitation": 0.0,
        "cloud_cover": 14,
        "wind_speed_10m": 3.33,
        "last_updated": "2026-10-10T21:01:13Z"
      }
    },
    {
      "type": "Feature",
      "geometry": {
        "type": "Point",
        "coordinates": [
          -3.39,
          42.33
        ]
      },
      "properties": {
        "temperature_2m": 10.8,
        "precipitation": 0.0,
        "cloud_cover": 96,
        "wind_speed_10m": 3.04,
        "last_updated": "2026-10-10T21:01:13Z"
      }
    },
    {
      "type": "Feature",
      "geometry": {
        "type": "Point",
        "coordinates": [
          -3.14,
          42.33
        ]
      },
      "properties": {
        "temperature_2m": 8.5,
        "precipitation": 0.0,
        "cloud_cover": 0,
        "wind_speed_10m": 0.67,
        "last_updated": "2026-10-10T21:01:13Z"
      }
    },
    {
      "type": "Feature",
      "geometry": {
        "type": "Point",
        "coordinates": [
          -2.89,
          42.33
        ]
      },
      "properties": {
        "temperature_2m": 10.5,
        "precipitation": 0.0,
        "cloud_cover": 0,
        "wind_speed_10m": 2.33,
        "last_updated": "2026-10-10T21:01:13Z"
      }
    },
    {
      "type": "Feature",
      "geometry": {
        "type": "Point",
        "coordinates": [
          -2.64,
          42.33
        ]
      },
      "properties": {
        "temperature_2m": 8.2,
        "precipitation": 0.0,
        "cloud_cover": 0,
        "wind_speed_10m": 0.7,
        "last_updated": "2026-10-10T21:01:13Z"
      }
    },
    {
      "type": "Feature",
      "geometry": {
        "type": "Point",
        "coordinates": [
          -2.39,
          42.33
        ]
      },
      "properties": {
        "temperature_2m": 12.3,
        "precipitation": 0.0,
        "cloud_cover": 0,
        "wind_speed_10m": 1.08,
        "last_updated": "2026-10-10T21:01:13Z"
      }
    },
    {
      "type": "Feature",
      "geometry": {
        "type": "Point",
        "coordinates": [
          -2.14,
          42.33
        ]
      },
      "properties": {
        "temperature_2m": 13.6,
        "precipitation": 0.0,
        "cloud_cover": 0,
        "wind_speed_10m": 1.06,
        "last_updated": "2026-10-10T21:01:13Z"
      }
    },
    {
      "type": "Feature",
      "geometry": {
        "type": "Point",
        "coordinates": [
          -1.89,
          42.33
        ]
      },
      "properties": {
        "temperature_2m": 15.0,
        "precipitation": 0.0,
        "cloud_cover": 0,
        "wind_speed_10m": 2.05,
        "last_updated": "2026-10-10T21:01:13Z"
      }
    },
    {
      "type": "Feature",
      "geometry": {
        "type": "Point",
        "coordinates": [
          -1.64,
          42.33
        ]
      },
      "properties": {
        "temperature_2m": 15.1,
        "precipitation": 0.0,
        "cloud_cover": 2,
        "wind_speed_10m": 2.44,
        "last_updated": "2026-10-10T21:01:13Z"
      }
    },
    {
      "type": "Feature",
      "geometry": {
        "type": "Point",
        "coordinates": [
          -1.39,
          42.33
        ]
      },
      "properties": {
        "temperature_2m": 16.0,
        "precipitation": 0.0,
        "cloud_cover": 4,
        "wind_speed_10m": 2.95,
        "last_updated": "2026-10-10T21:01:13Z"
      }
    },
    {
      "type": "Feature",
      "geometry": {
        "type": "Point",
        "coordinates": [
          -1.14,
          42.33
        ]
      },
      "properties": {
        "temperature_2m": 14.2,
        "precipitation": 0.0,
        "cloud_cover": 97,
        "wind_speed_10m": 3.32,
        "last_updated": "2026-10-10T21:01:13Z"
      }
    },
    {
      "type": "Feature",
      "geometry": {
        "type": "Point",
        "coordinates": [
          -0.89,
          42.33
        ]
      },
      "properties": {
        "temperature_2m": 13.9,
        "precipitation": 0.0,
        "cloud_cover": 100,
        "wind_speed_10m": 2.95,
        "last_updated": "2026-10-10T21:01:13Z"
      }
    },
    {
      "type": "Feature",
      "geometry": {
        "type": "Point",
        "coordinates": [
          -0.64,
          42.33
        ]
      },
      "properties": {
        "temperature_2m": 14.2,
        "precipitation": 0.0,
        "cloud_cover": 100,
        "wind_speed_10m": 5.12,
        "last_updated": "2026-10-10T21:01:13Z"
      }
    },
    {
      "type": "Feature",
      "geometry": {
        "type": "Point",
        "coordinates": [
          -0.39,
          42.33
        ]
      },
      "properties": {
        "temperature_2m": 11.8,
        "precipitation": 0.0,
        "cloud_cover": 100,
        "wind_speed_10m": 1.75,
        "last_updated": "2026-10-10T21:01:13Z"
      }
    },
    {
      "type": "Feature",
      "geometry": {
        "type": "Point",
        "coordinates": [
          -0.14,
          42.33
        ]
      },
      "properties": {
        "temperature_2m": 11.3,
        "precipitation": 0.0,
        "cloud_cover": 100,
        "wind_speed_10m": 1.51,
        "last_updated": "2026-10-10T21:01:13Z"
      }
    },
    {
      "type": "Feature",
      "geometry": {
        "type": "Point",
        "coordinates": [
          0.11,
          42.33
        ]
      },
      "properties": {
        "temperature_2m": 13.5,
        "precipitation": 0.0,
        "cloud_cover": 100,
        "wind_speed_10m": 1.2,
        "last_updated": "2026-10-10T21:01:13Z"
      }
    },
    {
      "type": "Feature",
      "geometry": {
        "type": "Point",
        "coordinates": [
          0.36,
          42.33
        ]
      },
      "properties": {
        "temperature_2m": 12.7,
        "precipitation": 0.0,
        "cloud_cover": 100,
        "wind_speed_10m": 0.72,
        "last_updated": "2026-10-10T21:01:13Z"
      }
    },
    {
      "type": "Feature",
      "geometry": {
        "type": "Point",
        "coordinates": [
          0.61,
          42.33
        ]
      },
      "properties": {
        "temperature_2m": 7.2,
        "precipitation": 0.0,
        "cloud_cover": 100,
        "wind_speed_10m": 0.6,
        "last_updated": "2026-10-10T21:01:13Z"
      }
    },
    {
      "type": "Feature",
      "geometry": {
        "type": "Point",
        "coordinates": [
          0.86,
          42.33
        ]
      },
      "properties": {
        "temperature_2m": 9.0,
        "precipitation": 0.0,
        "cloud_cover": 99,
        "wind_speed_10m": 0.63,
        "last_updated": "2026-10-10T21:01:13Z"
      }
    },
    {
      "type": "Feature",
      "geometry": {
        "type": "Point",
        "coordinates": [
          1.11,
          42.33
        ]
      },
      "properties": {
        "temperature_2m": 10.5,
        "precipitation": 0.0,
        "cloud_cover": 99,
        "wind_speed_10m": 1.78,
        "last_updated": "2026-10-10T21:01:13Z"
      }
    },
    {
      "type": "Feature",
      "geometry": {
        "type": "Point",
        "coordinates": [
          1.36,
          42.33
        ]
      },
      "properties": {
        "temperature_2m": 11.1,
        "precipitation": 0.0,
        "cloud_cover": 98,
        "wind_speed_10m": 0.8,
        "last_updated": "2026-10-10T21:01:13Z"
      }
    },
    {
      "type": "Feature",
      "geometry": {
        "type": "Point",
        "coordinates": [
          1.61,
          42.33
        ]
      },
      "properties": {
        "temperature_2m": 8.1,
        "precipitation": 0.0,
        "cloud_cover": 3,
        "wind_speed_10m": 0.67,
        "last_updated": "2026-10-10T21:01:13Z"
      }
    },
    {
      "type": "Feature",
      "geometry": {
        "type": "Point",
        "coordinates": [
          1.86,
          42.33
        ]
      },
      "properties": {
        "temperature_2m": 7.1,
        "precipitation": 0.0,
        "cloud_cover": 0,
        "wind_speed_10m": 1.21,
        "last_updated": "2026-10-10T21:01:13Z"
      }
    },
    {
      "type": "Feature",
      "geometry": {
        "type": "Point",
        "coordinates": [
          2.11,
          42.33
        ]
      },
      "properties": {
        "temperature_2m": 7.7,
        "precipitation": 0.0,
        "cloud_cover": 0,
        "wind_speed_10m": 0.8,
        "last_updated": "2026-10-10T21:01:13Z"
      }
    },
    {
      "type": "Feature",
      "geometry": {
        "type": "Point",
        "coordinates": [
          2.36,
          42.33
        ]
      },
      "properties": {
        "temperature_2m": 5.7,
        "precipitation": 0.0,
        "cloud_cover": 0,
        "wind_speed_10m": 0.61,
        "last_updated": "2026-10-10T21:01:13Z"
      }
    },
    {
      "type": "Feature",
      "geometry": {
        "type": "Point",
        "coordinates": [
          2.61,
          42.33
        ]
      },
      "properties": {
        "temperature_2m": 11.5,
        "precipitation": 0.0,
        "cloud_cover": 0,
        "wind_speed_10m": 0.58,
        "last_updated": "2026-10-10T21:01:13Z"
      }
    },
    {
      "type": "Feature",
      "geometry": {
        "type": "Point",
        "coordinates": [
          2.86,
          42.33
        ]
      },
      "properties": {
        "temperature_2m": 15.8,
        "precipitation": 0.0,
        "cloud_cover": 0,
        "wind_speed_10m": 0.98,
        "last_updated": "2026-10-10T21:01:13Z"
      }
    },
    {
      "type": "Feature",
      "geometry": {
        "type": "Point",
        "coordinates": [
          3.11,
          42.33
        ]
      },
      "properties": {
        "temperature_2m": 16.9,
        "precipitation": 0.0,
        "cloud_cover": 0,
        "wind_speed_10m": 1.64,
        "last_updated": "2026-10-10T21:01:13Z"
      }
    },
    {
      "type": "Feature",
      "geometry": {
        "type": "Point",
        "coordinates": [
          3.36,
          42.33
        ]
      },
      "properties": {
        "temperature_2m": 21.3,
        "precipitation": 0.0,
        "cloud_cover": 0,
        "wind_speed_10m": 8.27,
        "last_updated": "2026-10-10T21:01:13Z"
      }
    },
    {
      "type": "Feature",
      "geometry": {
        "type": "Point",
        "coordinates": [
          3.61,
          42.33
        ]
      },
      "properties": {
        "temperature_2m": 20.7,
        "precipitation": 0.0,
        "cloud_cover": 0,
        "wind_speed_10m": 9.71,
        "last_updated": "2026-10-10T21:01:13Z"
      }
    },
    {
      "type": "Feature",
      "geometry": {
        "type": "Point",
        "coordinates": [
          3.86,
          42.33
        ]
      },
      "properties": {
        "temperature_2m": 20.6,
        "precipitation": 0.0,
        "cloud_cover": 100,
        "wind_speed_10m": 10.96,
        "last_updated": "2026-10-10T21:01:13Z"
      }
    },
    {
      "type": "Feature",
      "geometry": {
        "type": "Point",
        "coordinates": [
          4.11,
          42.33
        ]
      },
      "properties": {
        "temperature_2m": 20.7,
        "precipitation": 0.0,
        "cloud_cover": 100,
        "wind_speed_10m": 10.74,
        "last_updated": "2026-10-10T21:01:13Z"
      }
    },
    {
      "type": "Feature",
      "geometry": {
        "type": "Point",
        "coordinates": [
          4.36,
          42.33
        ]
      },
      "properties": {
        "temperature_2m": 20.9,
        "precipitation": 0.0,
        "cloud_cover": 83,
        "wind_speed_10m": 12.8,
        "last_updated": "2026-10-10T21:01:13Z"
      }
    },
    {
      "type": "Feature",
      "geometry": {
        "type": "Point",
        "coordinates": [
          4.61,
          42.33
        ]
      },
      "properties": {
        "temperature_2m": 21.0,
        "precipitation": 0.0,
        "cloud_cover": 0,
        "wind_speed_10m": 11.82,
        "last_updated": "2026-10-10T21:01:13Z"
      }
    },
    {
      "type": "Feature",
      "geometry": {
        "type": "Point",
        "coordinates": [
          4.86,
          42.33
        ]
      },
      "properties": {
        "temperature_2m": 21.2,
        "precipitation": 0.0,
        "cloud_cover": 0,
        "wind_speed_10m": 14.04,
        "last_updated": "2026-10-10T21:01:13Z"
      }
    },
    {
      "type": "Feature",
      "geometry": {
        "type": "Point",
        "coordinates": [
          5.11,
          42.33
        ]
      },
      "properties": {
        "temperature_2m": 21.2,
        "precipitation": 0.0,
        "cloud_cover": 0,
        "wind_speed_10m": 12.96,
        "last_updated": "2026-10-10T21:01:13Z"
      }
    },
    {
      "type": "Feature",
      "geometry": {
        "type": "Point",
        "coordinates": [
          5.36,
          42.33
        ]
      },
      "properties": {
        "temperature_2m": 21.7,
        "precipitation": 0.0,
        "cloud_cover": 0,
        "wind_speed_10m": 13.44,
        "last_updated": "2026-10-10T21:01:13Z"
      }
    },
    {
      "type": "Feature",
      "geometry": {
        "type": "Point",
        "coordinates": [
          5.61,
          42.33
        ]
      },
      "properties": {
        "temperature_2m": 21.7,
        "precipitation": 0.0,
        "cloud_cover": 0,
        "wind_speed_10m": 13.66,
        "last_updated": "2026-10-10T21:01:13Z"
      }
    },
    {
      "type": "Feature",
      "geometry": {
        "type": "Point",
        "coordinates": [
          5.86,
          42.33
        ]
      },
      "properties": {
        "temperature_2m": 21.8,
        "precipitation": 0.0,
        "cloud_cover": 0,
        "wind_speed_10m": 12.02,
        "last_updated": "2026-10-10T21:01:13Z"
      }
    },
    {
      "type": "Feature",
      "geometry": {
        "type": "Point",
        "coordinates": [
          6.11,
          42.33
        ]
      },
      "properties": {
        "temperature_2m": 22.1,
        "precipitation": 0.0,
        "cloud_cover": 0,
        "wind_speed_10m": 12.21,
        "last_updated": "2026-10-10T21:01:13Z"
      }
    },
    {
      "type": "Feature",
      "geometry": {
        "type": "Point",
        "coordinates": [
          6.36,
          42.33
        ]
      },
      "properties": {
        "temperature_2m": 22.5,
        "precipitation": 0.0,
        "cloud_cover": 0,
        "wind_speed_10m": 13.01,
        "last_updated": "2026-10-10T21:01:13Z"
      }
    },
    {
      "type": "Feature",
      "geometry": {
        "type": "Point",
        "coordinates": [
          6.61,
          42.33
        ]
      },
      "properties": {
        "temperature_2m": 22.8,
        "precipitation": 0.0,
        "cloud_cover": 0,
        "wind_speed_10m": 12.65,
        "last_updated": "2026-10-10T21:01:13Z"
      }
    },
    {
      "type": "Feature",
      "geometry": {
        "type": "Point",
        "coordinates": [
          6.86,
          42.33
        ]
      },
      "properties": {
        "temperature_2m": 23.1,
        "precipitation": 0.0,
        "cloud_cover": 0,
        "wind_speed_10m": 12.34,
        "last_updated": "2026-10-10T21:01:13Z"
      }
    },
    {
      "type": "Feature",
      "geometry": {
        "type": "Point",
        "coordinates": [
          7.11,
          42.33
        ]
      },
      "properties": {
        "temperature_2m": 23.5,
        "precipitation": 0.0,
        "cloud_cover": 0,
        "wind_speed_10m": 10.51,
        "last_updated": "2026-10-10T21:01:13Z"
      }
    },
    {
      "type": "Feature",
      "geometry": {
        "type": "Point",
        "coordinates": [
          7.36,
          42.33
        ]
      },
      "properties": {
        "temperature_2m": 23.8,
        "precipitation": 0.0,
        "cloud_cover": 0,
        "wind_speed_10m": 8.64,
        "last_updated": "2026-10-10T21:01:13Z"
      }
    },
    {
      "type": "Feature",
      "geometry": {
        "type": "Point",
        "coordinates": [
          7.61,
          42.33
        ]
      },
      "properties": {
        "temperature_2m": 24.0,
        "precipitation": 0.0,
        "cloud_cover": 0,
        "wind_speed_10m": 7.17,
        "last_updated": "2026-10-10T21:01:13Z"
      }
    },
    {
      "type": "Feature",
      "geometry": {
        "type": "Point",
        "coordinates": [
          7.86,
          42.33
        ]
      },
      "properties": {
        "temperature_2m": 22.6,
        "precipitation": 0.0,
        "cloud_cover": 0,
        "wind_speed_10m": 4.83,
        "last_updated": "2026-10-10T21:01:13Z"
      }
    },
    {
      "type": "Feature",
      "geometry": {
        "type": "Point",
        "coordinates": [
          8.11,
          42.33
        ]
      },
      "properties": {
        "temperature_2m": 22.5,
        "precipitation": 0.0,
        "cloud_cover": 0,
        "wind_speed_10m": 5.16,
        "last_updated": "2026-10-10T21:01:13Z"
      }
    },
    {
      "type": "Feature",
      "geometry": {
        "type": "Point",
        "coordinates": [
          8.3571,
          42.3138
        ]
      },
      "properties": {
        "temperature_2m": 22.6,
        "precipitation": 0.0,
        "cloud_cover": 0,
        "wind_speed_10m": 5.46,
        "last_updated": "2026-10-10T21:01:13Z"
      }
    },
    {
      "type": "Feature",
      "geometry": {
        "type": "Point",
        "coordinates": [
          8.6603,
          42.3177
        ]
      },
      "properties": {
        "temperature_2m": 19.9,
        "precipitation": 0.0,
        "cloud_cover": 0,
        "wind_speed_10m": 2.33,
        "last_updated": "2026-10-10T21:01:13Z"
      }
    },
    {
      "type": "Feature",
      "geometry": {
        "type": "Point",
        "coordinates": [
          8.9048,
          42.3593
        ]
      },
      "properties": {
        "temperature_2m": 5.8,
        "precipitation": 0.0,
        "cloud_cover": 0,
        "wind_speed_10m": 0.95,
        "last_updated": "2026-10-10T21:01:13Z"
      }
    },
    {
      "type": "Feature",
      "geometry": {
        "type": "Point",
        "coordinates": [
          9.0684,
          42.2661
        ]
      },
      "properties": {
        "temperature_2m": 8.8,
        "precipitation": 0.0,
        "cloud_cover": 0,
        "wind_speed_10m": 3.1,
        "last_updated": "2026-10-10T21:01:13Z"
      }
    },
    {
      "type": "Feature",
      "geometry": {
        "type": "Point",
        "coordinates": [
          9.3273,
          42.3535
        ]
      },
      "properties": {
        "temperature_2m": 9.1,
        "precipitation": 0.0,
        "cloud_cover": 0,
        "wind_speed_10m": 1.04,
        "last_updated": "2026-10-10T21:01:13Z"
      }
    },
    {
      "type": "Feature",
      "geometry": {
        "type": "Point",
        "coordinates": [
          9.5419,
          42.2322
        ]
      },
      "properties": {
        "temperature_2m": 17.5,
        "precipitation": 0.0,
        "cloud_cover": 0,
        "wind_speed_10m": 2.12,
        "last_updated": "2026-10-10T21:01:13Z"
      }
    },
    {
      "type": "Feature",
      "geometry": {
        "type": "Point",
        "coordinates": [
          -5.14,
          42.58
        ]
      },
      "properties": {
        "temperature_2m": 12.4,
        "precipitation": 0.0,
        "cloud_cover": 96,
        "wind_speed_10m": 2.94,
        "last_updated": "2026-10-10T21:01:13Z"
      }
    },
    {
      "type": "Feature",
      "geometry": {
        "type": "Point",
        "coordinates": [
          -4.89,
          42.58
        ]
      },
      "properties": {
        "temperature_2m": 11.7,
        "precipitation": 0.0,
        "cloud_cover": 49,
        "wind_speed_10m": 2.15,
        "last_updated": "2026-10-10T21:01:13Z"
      }
    },
    {
      "type": "Feature",
      "geometry": {
        "type": "Point",
        "coordinates": [
          -4.64,
          42.58
        ]
      },
      "properties": {
        "temperature_2m": 12.0,
        "precipitation": 0.0,
        "cloud_cover": 5,
        "wind_speed_10m": 2.0,
        "last_updated": "2026-10-10T21:01:13Z"
      }
    },
    {
      "type": "Feature",
      "geometry": {
        "type": "Point",
        "coordinates": [
          -4.39,
          42.58
        ]
      },
      "properties": {
        "temperature_2m": 12.0,
        "precipitation": 0.0,
        "cloud_cover": 100,
        "wind_speed_10m": 1.91,
        "last_updated": "2026-10-10T21:01:13Z"
      }
    },
    {
      "type": "Feature",
      "geometry": {
        "type": "Point",
        "coordinates": [
          -4.14,
          42.58
        ]
      },
      "properties": {
        "temperature_2m": 12.4,
        "precipitation": 0.0,
        "cloud_cover": 33,
        "wind_speed_10m": 5.3,
        "last_updated": "2026-10-10T21:01:13Z"
      }
    },
    {
      "type": "Feature",
      "geometry": {
        "type": "Point",
        "coordinates": [
          -3.89,
          42.58
        ]
      },
      "properties": {
        "temperature_2m": 11.3,
        "precipitation": 0.0,
        "cloud_cover": 91,
        "wind_speed_10m": 3.34,
        "last_updated": "2026-10-10T21:01:13Z"
      }
    },
    {
      "type": "Feature",
      "geometry": {
        "type": "Point",
        "coordinates": [
          -3.64,
          42.58
        ]
      },
      "properties": {
        "temperature_2m": 10.4,
        "precipitation": 0.0,
        "cloud_cover": 12,
        "wind_speed_10m": 2.6,
        "last_updated": "2026-10-10T21:01:13Z"
      }
    },
    {
      "type": "Feature",
      "geometry": {
        "type": "Point",
        "coordinates": [
          -3.39,
          42.58
        ]
      },
      "properties": {
        "temperature_2m": 12.1,
        "precipitation": 0.0,
        "cloud_cover": 19,
        "wind_speed_10m": 1.63,
        "last_updated": "2026-10-10T21:01:13Z"
      }
    },
    {
      "type": "Feature",
      "geometry": {
        "type": "Point",
        "coordinates": [
          -3.14,
          42.58
        ]
      },
      "properties": {
        "temperature_2m": 11.1,
        "precipitation": 0.0,
        "cloud_cover": 17,
        "wind_speed_10m": 1.08,
        "last_updated": "2026-10-10T21:01:13Z"
      }
    },
    {
      "type": "Feature",
      "geometry": {
        "type": "Point",
        "coordinates": [
          -2.89,
          42.58
        ]
      },
      "properties": {
        "temperature_2m": 14.5,
        "precipitation": 0.0,
        "cloud_cover": 0,
        "wind_speed_10m": 1.32,
        "last_updated": "2026-10-10T21:01:13Z"
      }
    },
    {
      "type": "Feature",
      "geometry": {
        "type": "Point",
        "coordinates": [
          -2.64,
          42.58
        ]
      },
      "properties": {
        "temperature_2m": 14.4,
        "precipitation": 0.0,
        "cloud_cover": 0,
        "wind_speed_10m": 4.57,
        "last_updated": "2026-10-10T21:01:13Z"
      }
    },
    {
      "type": "Feature",
      "geometry": {
        "type": "Point",
        "coordinates": [
          -2.39,
          42.58
        ]
      },
      "properties": {
        "temperature_2m": 13.3,
        "precipitation": 0.0,
        "cloud_cover": 0,
        "wind_speed_10m": 4.26,
        "last_updated": "2026-10-10T21:01:13Z"
      }
    },
    {
      "type": "Feature",
      "geometry": {
        "type": "Point",
        "coordinates": [
          -2.14,
          42.58
        ]
      },
      "properties": {
        "temperature_2m": 13.3,
        "precipitation": 0.0,
        "cloud_cover": 0,
        "wind_speed_10m": 1.39,
        "last_updated": "2026-10-10T21:01:13Z"
      }
    },
    {
      "type": "Feature",
      "geometry": {
        "type": "Point",
        "coordinates": [
          -1.89,
          42.58
        ]
      },
      "properties": {
        "temperature_2m": 13.9,
        "precipitation": 0.0,
        "cloud_cover": 0,
        "wind_speed_10m": 1.7,
        "last_updated": "2026-10-10T21:01:13Z"
      }
    },
    {
      "type": "Feature",
      "geometry": {
        "type": "Point",
        "coordinates": [
          -1.64,
          42.58
        ]
      },
      "properties": {
        "temperature_2m": 13.3,
        "precipitation": 0.0,
        "cloud_cover": 0,
        "wind_speed_10m": 2.63,
        "last_updated": "2026-10-10T21:01:13Z"
      }
    },
    {
      "type": "Feature",
      "geometry": {
        "type": "Point",
        "coordinates": [
          -1.39,
          42.58
        ]
      },
      "properties": {
        "temperature_2m": 14.5,
        "precipitation": 0.0,
        "cloud_cover": 3,
        "wind_speed_10m": 1.17,
        "last_updated": "2026-10-10T21:01:13Z"
      }
    },
    {
      "type": "Feature",
      "geometry": {
        "type": "Point",
        "coordinates": [
          -1.14,
          42.58
        ]
      },
      "properties": {
        "temperature_2m": 11.6,
        "precipitation": 0.0,
        "cloud_cover": 6,
        "wind_speed_10m": 0.85,
        "last_updated": "2026-10-10T21:01:13Z"
      }
    },
    {
      "type": "Feature",
      "geometry": {
        "type": "Point",
        "coordinates": [
          -0.89,
          42.58
        ]
      },
      "properties": {
        "temperature_2m": 12.9,
        "precipitation": 0.0,
        "cloud_cover": 80,
        "wind_speed_10m": 2.4,
        "last_updated": "2026-10-10T21:01:13Z"
      }
    },
    {
      "type": "Feature",
      "geometry": {
        "type": "Point",
        "coordinates": [
          -0.64,
          42.58
        ]
      },
      "properties": {
        "temperature_2m": 9.6,
        "precipitation": 0.0,
        "cloud_cover": 100,
        "wind_speed_10m": 0.81,
        "last_updated": "2026-10-10T21:01:13Z"
      }
    },
    {
      "type": "Feature",
      "geometry": {
        "type": "Point",
        "coordinates": [
          -0.39,
          42.58
        ]
      },
      "properties": {
        "temperature_2m": 10.0,
        "precipitation": 0.0,
        "cloud_cover": 100,
        "wind_speed_10m": 1.52,
        "last_updated": "2026-10-10T21:01:13Z"
      }
    },
    {
      "type": "Feature",
      "geometry": {
        "type": "Point",
        "coordinates": [
          -0.15,
          42.58
        ]
      },
      "properties": {
        "temperature_2m": 9.9,
        "precipitation": 0.0,
        "cloud_cover": 98,
        "wind_speed_10m": 0.86,
        "last_updated": "2026-10-10T21:01:13Z"
      }
    },
    {
      "type": "Feature",
      "geometry": {
        "type": "Point",
        "coordinates": [
          0.11,
          42.58
        ]
      },
      "properties": {
        "temperature_2m": 7.0,
        "precipitation": 0.0,
        "cloud_cover": 75,
        "wind_speed_10m": 0.51,
        "last_updated": "2026-10-10T21:01:13Z"
      }
    },
    {
      "type": "Feature",
      "geometry": {
        "type": "Point",
        "coordinates": [
          0.36,
          42.58
        ]
      },
      "properties": {
        "temperature_2m": 7.4,
        "precipitation": 0.0,
        "cloud_cover": 100,
        "wind_speed_10m": 2.16,
        "last_updated": "2026-10-10T21:01:13Z"
      }
    },
    {
      "type": "Feature",
      "geometry": {
        "type": "Point",
        "coordinates": [
          0.61,
          42.58
        ]
      },
      "properties": {
        "temperature_2m": 1.9,
        "precipitation": 0.0,
        "cloud_cover": 100,
        "wind_speed_10m": 1.48,
        "last_updated": "2026-10-10T21:01:13Z"
      }
    },
    {
      "type": "Feature",
      "geometry": {
        "type": "Point",
        "coordinates": [
          0.86,
          42.58
        ]
      },
      "properties": {
        "temperature_2m": 6.6,
        "precipitation": 0.0,
        "cloud_cover": 100,
        "wind_speed_10m": 3.33,
        "last_updated": "2026-10-10T21:01:13Z"
      }
    },
    {
      "type": "Feature",
      "geometry": {
        "type": "Point",
        "coordinates": [
          1.11,
          42.58
        ]
      },
      "properties": {
        "temperature_2m": 6.7,
        "precipitation": 0.0,
        "cloud_cover": 96,
        "wind_speed_10m": 0.82,
        "last_updated": "2026-10-10T21:01:13Z"
      }
    },
    {
      "type": "Feature",
      "geometry": {
        "type": "Point",
        "coordinates": [
          1.36,
          42.58
        ]
      },
      "properties": {
        "temperature_2m": 4.6,
        "precipitation": 0.0,
        "cloud_cover": 0,
        "wind_speed_10m": 0.67,
        "last_updated": "2026-10-10T21:01:13Z"
      }
    },
    {
      "type": "Feature",
      "geometry": {
        "type": "Point",
        "coordinates": [
          1.61,
          42.58
        ]
      },
      "properties": {
        "temperature_2m": 3.7,
        "precipitation": 0.0,
        "cloud_cover": 0,
        "wind_speed_10m": 1.84,
        "last_updated": "2026-10-10T21:01:13Z"
      }
    },
    {
      "type": "Feature",
      "geometry": {
        "type": "Point",
        "coordinates": [
          1.86,
          42.58
        ]
      },
      "properties": {
        "temperature_2m": 1.0,
        "precipitation": 0.0,
        "cloud_cover": 87,
        "wind_speed_10m": 3.2,
        "last_updated": "2026-10-10T21:01:13Z"
      }
    },
    {
      "type": "Feature",
      "geometry": {
        "type": "Point",
        "coordinates": [
          2.11,
          42.58
        ]
      },
      "properties": {
        "temperature_2m": 7.4,
        "precipitation": 0.0,
        "cloud_cover": 0,
        "wind_speed_10m": 0.72,
        "last_updated": "2026-10-10T21:01:13Z"
      }
    },
    {
      "type": "Feature",
      "geometry": {
        "type": "Point",
        "coordinates": [
          2.36,
          42.58
        ]
      },
      "properties": {
        "temperature_2m": 13.7,
        "precipitation": 0.0,
        "cloud_cover": 0,
        "wind_speed_10m": 0.76,
        "last_updated": "2026-10-10T21:01:13Z"
      }
    },
    {
      "type": "Feature",
      "geometry": {
        "type": "Point",
        "coordinates": [
          2.61,
          42.58
        ]
      },
      "properties": {
        "temperature_2m": 13.5,
        "precipitation": 0.0,
        "cloud_cover": 0,
        "wind_speed_10m": 1.2,
        "last_updated": "2026-10-10T21:01:13Z"
      }
    },
    {
      "type": "Feature",
      "geometry": {
        "type": "Point",
        "coordinates": [
          2.86,
          42.58
        ]
      },
      "properties": {
        "temperature_2m": 18.6,
        "precipitation": 0.0,
        "cloud_cover": 0,
        "wind_speed_10m": 3.54,
        "last_updated": "2026-10-10T21:01:13Z"
      }
    },
    {
      "type": "Feature",
      "geometry": {
        "type": "Point",
        "coordinates": [
          3.11,
          42.58
        ]
      },
      "properties": {
        "temperature_2m": 21.2,
        "precipitation": 0.0,
        "cloud_cover": 0,
        "wind_speed_10m": 7.71,
        "last_updated": "2026-10-10T21:01:13Z"
      }
    },
    {
      "type": "Feature",
      "geometry": {
        "type": "Point",
        "coordinates": [
          3.36,
          42.58
        ]
      },
      "properties": {
        "temperature_2m": 21.3,
        "precipitation": 0.0,
        "cloud_cover": 0,
        "wind_speed_10m": 10.2,
        "last_updated": "2026-10-10T21:01:13Z"
      }
    },
    {
      "type": "Feature",
      "geometry": {
        "type": "Point",
        "coordinates": [
          3.61,
          42.58
        ]
      },
      "properties": {
        "temperature_2m": 20.9,
        "precipitation": 0.0,
        "cloud_cover": 8,
        "wind_speed_10m": 10.92,
        "last_updated": "2026-10-10T21:01:13Z"
      }
    },
    {
      "type": "Feature",
      "geometry": {
        "type": "Point",
        "coordinates": [
          3.86,
          42.58
        ]
      },
      "properties": {
        "temperature_2m": 20.6,
        "precipitation": 0.0,
        "cloud_cover": 3,
        "wind_speed_10m": 11.32,
        "last_updated": "2026-10-10T21:01:13Z"
      }
    },
    {
      "type": "Feature",
      "geometry": {
        "type": "Point",
        "coordinates": [
          4.11,
          42.58
        ]
      },
      "properties": {
        "temperature_2m": 20.4,
        "precipitation": 0.0,
        "cloud_cover": 100,
        "wind_speed_10m": 9.9,
        "last_updated": "2026-10-10T21:01:13Z"
      }
    },
    {
      "type": "Feature",
      "geometry": {
        "type": "Point",
        "coordinates": [
          4.36,
          42.58
        ]
      },
      "properties": {
        "temperature_2m": 20.5,
        "precipitation": 0.0,
        "cloud_cover": 100,
        "wind_speed_10m": 10.26,
        "last_updated": "2026-10-10T21:01:13Z"
      }
    },
    {
      "type": "Feature",
      "geometry": {
        "type": "Point",
        "coordinates": [
          4.61,
          42.58
        ]
      },
      "properties": {
        "temperature_2m": 20.8,
        "precipitation": 0.0,
        "cloud_cover": 3,
        "wind_speed_10m": 11.75,
        "last_updated": "2026-10-10T21:01:13Z"
      }
    },
    {
      "type": "Feature",
      "geometry": {
        "type": "Point",
        "coordinates": [
          4.86,
          42.58
        ]
      },
      "properties": {
        "temperature_2m": 21.0,
        "precipitation": 0.0,
        "cloud_cover": 0,
        "wind_speed_10m": 12.73,
        "last_updated": "2026-10-10T21:01:13Z"
      }
    },
    {
      "type": "Feature",
      "geometry": {
        "type": "Point",
        "coordinates": [
          5.11,
          42.58
        ]
      },
      "properties": {
        "temperature_2m": 21.3,
        "precipitation": 0.0,
        "cloud_cover": 0,
        "wind_speed_10m": 13.66,
        "last_updated": "2026-10-10T21:01:13Z"
      }
    },
    {
      "type": "Feature",
      "geometry": {
        "type": "Point",
        "coordinates": [
          5.36,
          42.58
        ]
      },
      "properties": {
        "temperature_2m": 21.6,
        "precipitation": 0.0,
        "cloud_cover": 0,
        "wind_speed_10m": 12.4,
        "last_updated": "2026-10-10T21:01:13Z"
      }
    },
    {
      "type": "Feature",
      "geometry": {
        "type": "Point",
        "coordinates": [
          5.61,
          42.58
        ]
      },
      "properties": {
        "temperature_2m": 21.8,
        "precipitation": 0.0,
        "cloud_cover": 0,
        "wind_speed_10m": 13.39,
        "last_updated": "2026-10-10T21:01:13Z"
      }
    },
    {
      "type": "Feature",
      "geometry": {
        "type": "Point",
        "coordinates": [
          5.86,
          42.58
        ]
      },
      "properties": {
        "temperature_2m": 22.1,
        "precipitation": 0.0,
        "cloud_cover": 0,
        "wind_speed_10m": 13.61,
        "last_updated": "2026-10-10T21:01:13Z"
      }
    },
    {
      "type": "Feature",
      "geometry": {
        "type": "Point",
        "coordinates": [
          6.11,
          42.58
        ]
      },
      "properties": {
        "temperature_2m": 22.4,
        "precipitation": 0.0,
        "cloud_cover": 0,
        "wind_speed_10m": 13.37,
        "last_updated": "2026-10-10T21:01:13Z"
      }
    },
    {
      "type": "Feature",
      "geometry": {
        "type": "Point",
        "coordinates": [
          6.36,
          42.58
        ]
      },
      "properties": {
        "temperature_2m": 22.8,
        "precipitation": 0.0,
        "cloud_cover": 0,
        "wind_speed_10m": 13.54,
        "last_updated": "2026-10-10T21:01:13Z"
      }
    },
    {
      "type": "Feature",
      "geometry": {
        "type": "Point",
        "coordinates": [
          6.61,
          42.58
        ]
      },
      "properties": {
        "temperature_2m": 23.1,
        "precipitation": 0.0,
        "cloud_cover": 0,
        "wind_speed_10m": 11.66,
        "last_updated": "2026-10-10T21:01:13Z"
      }
    },
    {
      "type": "Feature",
      "geometry": {
        "type": "Point",
        "coordinates": [
          6.86,
          42.58
        ]
      },
      "properties": {
        "temperature_2m": 23.4,
        "precipitation": 0.0,
        "cloud_cover": 0,
        "wind_speed_10m": 9.72,
        "last_updated": "2026-10-10T21:01:13Z"
      }
    },
    {
      "type": "Feature",
      "geometry": {
        "type": "Point",
        "coordinates": [
          7.11,
          42.58
        ]
      },
      "properties": {
        "temperature_2m": 23.5,
        "precipitation": 0.0,
        "cloud_cover": 0,
        "wind_speed_10m": 8.64,
        "last_updated": "2026-10-10T21:01:13Z"
      }
    },
    {
      "type": "Feature",
      "geometry": {
        "type": "Point",
        "coordinates": [
          7.36,
          42.58
        ]
      },
      "properties": {
        "temperature_2m": 23.6,
        "precipitation": 0.0,
        "cloud_cover": 0,
        "wind_speed_10m": 8.35,
        "last_updated": "2026-10-10T21:01:13Z"
      }
    },
    {
      "type": "Feature",
      "geometry": {
        "type": "Point",
        "coordinates": [
          7.61,
          42.58
        ]
      },
      "properties": {
        "temperature_2m": 24.0,
        "precipitation": 0.0,
        "cloud_cover": 0,
        "wind_speed_10m": 6.36,
        "last_updated": "2026-10-10T21:01:13Z"
      }
    },
    {
      "type": "Feature",
      "geometry": {
        "type": "Point",
        "coordinates": [
          7.86,
          42.58
        ]
      },
      "properties": {
        "temperature_2m": 22.8,
        "precipitation": 0.0,
        "cloud_cover": 0,
        "wind_speed_10m": 6.89,
        "last_updated": "2026-10-10T21:01:13Z"
      }
    },
    {
      "type": "Feature",
      "geometry": {
        "type": "Point",
        "coordinates": [
          8.11,
          42.58
        ]
      },
      "properties": {
        "temperature_2m": 22.7,
        "precipitation": 0.0,
        "cloud_cover": 0,
        "wind_speed_10m": 6.63,
        "last_updated": "2026-10-10T21:01:13Z"
      }
    },
    {
      "type": "Feature",
      "geometry": {
        "type": "Point",
        "coordinates": [
          8.3376,
          42.5606
        ]
      },
      "properties": {
        "temperature_2m": 22.7,
        "precipitation": 0.0,
        "cloud_cover": 0,
        "wind_speed_10m": 7.51,
        "last_updated": "2026-10-10T21:01:13Z"
      }
    },
    {
      "type": "Feature",
      "geometry": {
        "type": "Point",
        "coordinates": [
          8.7616,
          42.5566
        ]
      },
      "properties": {
        "temperature_2m": 20.5,
        "precipitation": 0.0,
        "cloud_cover": 0,
        "wind_speed_10m": 2.93,
        "last_updated": "2026-10-10T21:01:13Z"
      }
    },
    {
      "type": "Feature",
      "geometry": {
        "type": "Point",
        "coordinates": [
          8.8808,
          42.5485
        ]
      },
      "properties": {
        "temperature_2m": 17.3,
        "precipitation": 0.0,
        "cloud_cover": 0,
        "wind_speed_10m": 2.89,
        "last_updated": "2026-10-10T21:01:13Z"
      }
    },
    {
      "type": "Feature",
      "geometry": {
        "type": "Point",
        "coordinates": [
          9.1265,
          42.5895
        ]
      },
      "properties": {
        "temperature_2m": 13.3,
        "precipitation": 0.0,
        "cloud_cover": 0,
        "wind_speed_10m": 2.2,
        "last_updated": "2026-10-10T21:01:13Z"
      }
    },
    {
      "type": "Feature",
      "geometry": {
        "type": "Point",
        "coordinates": [
          9.3649,
          42.5725
        ]
      },
      "properties": {
        "temperature_2m": 13.9,
        "precipitation": 0.0,
        "cloud_cover": 0,
        "wind_speed_10m": 1.62,
        "last_updated": "2026-10-10T21:01:13Z"
      }
    },
    {
      "type": "Feature",
      "geometry": {
        "type": "Point",
        "coordinates": [
          9.484,
          42.5639
        ]
      },
      "properties": {
        "temperature_2m": 16.2,
        "precipitation": 0.0,
        "cloud_cover": 0,
        "wind_speed_10m": 1.49,
        "last_updated": "2026-10-10T21:01:13Z"
      }
    },
    {
      "type": "Feature",
      "geometry": {
        "type": "Point",
        "coordinates": [
          -5.14,
          42.83
        ]
      },
      "properties": {
        "temperature_2m": 10.8,
        "precipitation": 0.0,
        "cloud_cover": 100,
        "wind_speed_10m": 1.24,
        "last_updated": "2026-10-10T21:01:13Z"
      }
    },
    {
      "type": "Feature",
      "geometry": {
        "type": "Point",
        "coordinates": [
          -4.89,
          42.83
        ]
      },
      "properties": {
        "temperature_2m": 8.1,
        "precipitation": 0.0,
        "cloud_cover": 100,
        "wind_speed_10m": 0.22,
        "last_updated": "2026-10-10T21:01:13Z"
      }
    },
    {
      "type": "Feature",
      "geometry": {
        "type": "Point",
        "coordinates": [
          -4.64,
          42.83
        ]
      },
      "properties": {
        "temperature_2m": 10.0,
        "precipitation": 0.0,
        "cloud_cover": 14,
        "wind_speed_10m": 0.73,
        "last_updated": "2026-10-10T21:01:13Z"
      }
    },
    {
      "type": "Feature",
      "geometry": {
        "type": "Point",
        "coordinates": [
          -4.39,
          42.83
        ]
      },
      "properties": {
        "temperature_2m": 10.0,
        "precipitation": 0.0,
        "cloud_cover": 93,
        "wind_speed_10m": 2.0,
        "last_updated": "2026-10-10T21:01:13Z"
      }
    },
    {
      "type": "Feature",
      "geometry": {
        "type": "Point",
        "coordinates": [
          -4.14,
          42.83
        ]
      },
      "properties": {
        "temperature_2m": 9.3,
        "precipitation": 0.0,
        "cloud_cover": 95,
        "wind_speed_10m": 1.61,
        "last_updated": "2026-10-10T21:01:13Z"
      }
    },
    {
      "type": "Feature",
      "geometry": {
        "type": "Point",
        "coordinates": [
          -3.89,
          42.83
        ]
      },
      "properties": {
        "temperature_2m": 10.2,
        "precipitation": 0.0,
        "cloud_cover": 27,
        "wind_speed_10m": 1.36,
        "last_updated": "2026-10-10T21:01:13Z"
      }
    },
    {
      "type": "Feature",
      "geometry": {
        "type": "Point",
        "coordinates": [
          -3.64,
          42.83
        ]
      },
      "properties": {
        "temperature_2m": 8.5,
        "precipitation": 0.0,
        "cloud_cover": 57,
        "wind_speed_10m": 1.17,
        "last_updated": "2026-10-10T21:01:13Z"
      }
    },
    {
      "type": "Feature",
      "geometry": {
        "type": "Point",
        "coordinates": [
          -3.39,
          42.83
        ]
      },
      "properties": {
        "temperature_2m": 12.3,
        "precipitation": 0.0,
        "cloud_cover": 11,
        "wind_speed_10m": 1.41,
        "last_updated": "2026-10-10T21:01:13Z"
      }
    },
    {
      "type": "Feature",
      "geometry": {
        "type": "Point",
        "coordinates": [
          -3.14,
          42.83
        ]
      },
      "properties": {
        "temperature_2m": 10.7,
        "precipitation": 0.0,
        "cloud_cover": 0,
        "wind_speed_10m": 0.5,
        "last_updated": "2026-10-10T21:01:13Z"
      }
    },
    {
      "type": "Feature",
      "geometry": {
        "type": "Point",
        "coordinates": [
          -2.89,
          42.83
        ]
      },
      "properties": {
        "temperature_2m": 11.7,
        "precipitation": 0.0,
        "cloud_cover": 1,
        "wind_speed_10m": 1.2,
        "last_updated": "2026-10-10T21:01:13Z"
      }
    },
    {
      "type": "Feature",
      "geometry": {
        "type": "Point",
        "coordinates": [
          -2.64,
          42.83
        ]
      },
      "properties": {
        "temperature_2m": 11.6,
        "precipitation": 0.0,
        "cloud_cover": 0,
        "wind_speed_10m": 0.51,
        "last_updated": "2026-10-10T21:01:13Z"
      }
    },
    {
      "type": "Feature",
      "geometry": {
        "type": "Point",
        "coordinates": [
          -2.39,
          42.83
        ]
      },
      "properties": {
        "temperature_2m": 10.6,
        "precipitation": 0.0,
        "cloud_cover": 13,
        "wind_speed_10m": 1.92,
        "last_updated": "2026-10-10T21:01:13Z"
      }
    },
    {
      "type": "Feature",
      "geometry": {
        "type": "Point",
        "coordinates": [
          -2.14,
          42.83
        ]
      },
      "properties": {
        "temperature_2m": 10.2,
        "precipitation": 0.0,
        "cloud_cover": 99,
        "wind_speed_10m": 2.31,
        "last_updated": "2026-10-10T21:01:13Z"
      }
    },
    {
      "type": "Feature",
      "geometry": {
        "type": "Point",
        "coordinates": [
          -1.89,
          42.83
        ]
      },
      "properties": {
        "temperature_2m": 10.0,
        "precipitation": 0.0,
        "cloud_cover": 2,
        "wind_speed_10m": 2.8,
        "last_updated": "2026-10-10T21:01:13Z"
      }
    },
    {
      "type": "Feature",
      "geometry": {
        "type": "Point",
        "coordinates": [
          -1.64,
          42.83
        ]
      },
      "properties": {
        "temperature_2m": 16.0,
        "precipitation": 0.0,
        "cloud_cover": 9,
        "wind_speed_10m": 0.9,
        "last_updated": "2026-10-10T21:01:13Z"
      }
    },
    {
      "type": "Feature",
      "geometry": {
        "type": "Point",
        "coordinates": [
          -1.39,
          42.83
        ]
      },
      "properties": {
        "temperature_2m": 11.9,
        "precipitation": 0.0,
        "cloud_cover": 66,
        "wind_speed_10m": 1.43,
        "last_updated": "2026-10-10T21:01:13Z"
      }
    },
    {
      "type": "Feature",
      "geometry": {
        "type": "Point",
        "coordinates": [
          -1.14,
          42.83
        ]
      },
      "properties": {
        "temperature_2m": 11.0,
        "precipitation": 0.0,
        "cloud_cover": 28,
        "wind_speed_10m": 3.13,
        "last_updated": "2026-10-10T21:01:13Z"
      }
    },
    {
      "type": "Feature",
      "geometry": {
        "type": "Point",
        "coordinates": [
          -0.89,
          42.83
        ]
      },
      "properties": {
        "temperature_2m": 8.6,
        "precipitation": 0.0,
        "cloud_cover": 99,
        "wind_speed_10m": 3.22,
        "last_updated": "2026-10-10T21:01:13Z"
      }
    },
    {
      "type": "Feature",
      "geometry": {
        "type": "Point",
        "coordinates": [
          -0.65,
          42.83
        ]
      },
      "properties": {
        "temperature_2m": 4.0,
        "precipitation": 0.0,
        "cloud_cover": 55,
        "wind_speed_10m": 0.86,
        "last_updated": "2026-10-10T21:01:13Z"
      }
    },
    {
      "type": "Feature",
      "geometry": {
        "type": "Point",
        "coordinates": [
          -0.39,
          42.83
        ]
      },
      "properties": {
        "temperature_2m": 5.9,
        "precipitation": 0.0,
        "cloud_cover": 100,
        "wind_speed_10m": 0.3,
        "last_updated": "2026-10-10T21:01:13Z"
      }
    },
    {
      "type": "Feature",
      "geometry": {
        "type": "Point",
        "coordinates": [
          -0.14,
          42.83
        ]
      },
      "properties": {
        "temperature_2m": 5.5,
        "precipitation": 0.0,
        "cloud_cover": 100,
        "wind_speed_10m": 1.17,
        "last_updated": "2026-10-10T21:01:13Z"
      }
    },
    {
      "type": "Feature",
      "geometry": {
        "type": "Point",
        "coordinates": [
          0.11,
          42.83
        ]
      },
      "properties": {
        "temperature_2m": -0.6,
        "precipitation": 0.0,
        "cloud_cover": 100,
        "wind_speed_10m": 3.11,
        "last_updated": "2026-10-10T21:01:13Z"
      }
    },
    {
      "type": "Feature",
      "geometry": {
        "type": "Point",
        "coordinates": [
          0.36,
          42.83
        ]
      },
      "properties": {
        "temperature_2m": 8.2,
        "precipitation": 0.0,
        "cloud_cover": 93,
        "wind_speed_10m": 0.41,
        "last_updated": "2026-10-10T21:01:13Z"
      }
    },
    {
      "type": "Feature",
      "geometry": {
        "type": "Point",
        "coordinates": [
          0.61,
          42.83
        ]
      },
      "properties": {
        "temperature_2m": 10.8,
        "precipitation": 0.0,
        "cloud_cover": 100,
        "wind_speed_10m": 1.66,
        "last_updated": "2026-10-10T21:01:13Z"
      }
    },
    {
      "type": "Feature",
      "geometry": {
        "type": "Point",
        "coordinates": [
          0.86,
          42.83
        ]
      },
      "properties": {
        "temperature_2m": 1.8,
        "precipitation": 0.0,
        "cloud_cover": 100,
        "wind_speed_10m": 1.3,
        "last_updated": "2026-10-10T21:01:13Z"
      }
    },
    {
      "type": "Feature",
      "geometry": {
        "type": "Point",
        "coordinates": [
          1.11,
          42.83
        ]
      },
      "properties": {
        "temperature_2m": 6.4,
        "precipitation": 0.0,
        "cloud_cover": 100,
        "wind_speed_10m": 1.41,
        "last_updated": "2026-10-10T21:01:13Z"
      }
    },
    {
      "type": "Feature",
      "geometry": {
        "type": "Point",
        "coordinates": [
          1.36,
          42.83
        ]
      },
      "properties": {
        "temperature_2m": 6.0,
        "precipitation": 0.0,
        "cloud_cover": 100,
        "wind_speed_10m": 1.43,
        "last_updated": "2026-10-10T21:01:13Z"
      }
    },
    {
      "type": "Feature",
      "geometry": {
        "type": "Point",
        "coordinates": [
          1.61,
          42.83
        ]
      },
      "properties": {
        "temperature_2m": 13.6,
        "precipitation": 0.0,
        "cloud_cover": 91,
        "wind_speed_10m": 0.61,
        "last_updated": "2026-10-10T21:01:13Z"
      }
    },
    {
      "type": "Feature",
      "geometry": {
        "type": "Point",
        "coordinates": [
          1.86,
          42.83
        ]
      },
      "properties": {
        "temperature_2m": 8.1,
        "precipitation": 0.0,
        "cloud_cover": 100,
        "wind_speed_10m": 1.2,
        "last_updated": "2026-10-10T21:01:13Z"
      }
    },
    {
      "type": "Feature",
      "geometry": {
        "type": "Point",
        "coordinates": [
          2.11,
          42.83
        ]
      },
      "properties": {
        "temperature_2m": 13.8,
        "precipitation": 0.0,
        "cloud_cover": 96,
        "wind_speed_10m": 2.53,
        "last_updated": "2026-10-10T21:01:13Z"
      }
    },
    {
      "type": "Feature",
      "geometry": {
        "type": "Point",
        "coordinates": [
          2.36,
          42.83
        ]
      },
      "properties": {
        "temperature_2m": 13.9,
        "precipitation": 0.0,
        "cloud_cover": 100,
        "wind_speed_10m": 4.47,
        "last_updated": "2026-10-10T21:01:13Z"
      }
    },
    {
      "type": "Feature",
      "geometry": {
        "type": "Point",
        "coordinates": [
          2.61,
          42.83
        ]
      },
      "properties": {
        "temperature_2m": 17.5,
        "precipitation": 0.0,
        "cloud_cover": 0,
        "wind_speed_10m": 4.44,
        "last_updated": "2026-10-10T21:01:13Z"
      }
    },
    {
      "type": "Feature",
      "geometry": {
        "type": "Point",
        "coordinates": [
          2.86,
          42.83
        ]
      },
      "properties": {
        "temperature_2m": 19.0,
        "precipitation": 0.0,
        "cloud_cover": 0,
        "wind_speed_10m": 6.53,
        "last_updated": "2026-10-10T21:01:13Z"
      }
    },
    {
      "type": "Feature",
      "geometry": {
        "type": "Point",
        "coordinates": [
          3.11,
          42.83
        ]
      },
      "properties": {
        "temperature_2m": 21.1,
        "precipitation": 0.0,
        "cloud_cover": 0,
        "wind_speed_10m": 7.54,
        "last_updated": "2026-10-10T21:01:13Z"
      }
    },
    {
      "type": "Feature",
      "geometry": {
        "type": "Point",
        "coordinates": [
          3.36,
          42.83
        ]
      },
      "properties": {
        "temperature_2m": 20.9,
        "precipitation": 0.0,
        "cloud_cover": 0,
        "wind_speed_10m": 10.52,
        "last_updated": "2026-10-10T21:01:13Z"
      }
    },
    {
      "type": "Feature",
      "geometry": {
        "type": "Point",
        "coordinates": [
          3.61,
          42.83
        ]
      },
      "properties": {
        "temperature_2m": 20.9,
        "precipitation": 0.0,
        "cloud_cover": 0,
        "wind_speed_10m": 11.12,
        "last_updated": "2026-10-10T21:01:13Z"
      }
    },
    {
      "type": "Feature",
      "geometry": {
        "type": "Point",
        "coordinates": [
          3.86,
          42.83
        ]
      },
      "properties": {
        "temperature_2m": 20.6,
        "precipitation": 0.0,
        "cloud_cover": 56,
        "wind_speed_10m": 9.08,
        "last_updated": "2026-10-10T21:01:13Z"
      }
    },
    {
      "type": "Feature",
      "geometry": {
        "type": "Point",
        "coordinates": [
          4.11,
          42.83
        ]
      },
      "properties": {
        "temperature_2m": 20.6,
        "precipitation": 0.0,
        "cloud_cover": 0,
        "wind_speed_10m": 8.77,
        "last_updated": "2026-10-10T21:01:13Z"
      }
    },
    {
      "type": "Feature",
      "geometry": {
        "type": "Point",
        "coordinates": [
          4.36,
          42.83
        ]
      },
      "properties": {
        "temperature_2m": 20.6,
        "precipitation": 0.0,
        "cloud_cover": 0,
        "wind_speed_10m": 11.0,
        "last_updated": "2026-10-10T21:01:13Z"
      }
    },
    {
      "type": "Feature",
      "geometry": {
        "type": "Point",
        "coordinates": [
          4.61,
          42.83
        ]
      },
      "properties": {
        "temperature_2m": 20.8,
        "precipitation": 0.0,
        "cloud_cover": 0,
        "wind_speed_10m": 11.9,
        "last_updated": "2026-10-10T21:01:13Z"
      }
    },
    {
      "type": "Feature",
      "geometry": {
        "type": "Point",
        "coordinates": [
          4.86,
          42.83
        ]
      },
      "properties": {
        "temperature_2m": 21.1,
        "precipitation": 0.0,
        "cloud_cover": 0,
        "wind_speed_10m": 12.03,
        "last_updated": "2026-10-10T21:01:13Z"
      }
    },
    {
      "type": "Feature",
      "geometry": {
        "type": "Point",
        "coordinates": [
          5.11,
          42.83
        ]
      },
      "properties": {
        "temperature_2m": 21.5,
        "precipitation": 0.0,
        "cloud_cover": 0,
        "wind_speed_10m": 12.12,
        "last_updated": "2026-10-10T21:01:13Z"
      }
    },
    {
      "type": "Feature",
      "geometry": {
        "type": "Point",
        "coordinates": [
          5.36,
          42.83
        ]
      },
      "properties": {
        "temperature_2m": 21.4,
        "precipitation": 0.0,
        "cloud_cover": 0,
        "wind_speed_10m": 12.39,
        "last_updated": "2026-10-10T21:01:13Z"
      }
    },
    {
      "type": "Feature",
      "geometry": {
        "type": "Point",
        "coordinates": [
          5.61,
          42.83
        ]
      },
      "properties": {
        "temperature_2m": 21.8,
        "precipitation": 0.0,
        "cloud_cover": 0,
        "wind_speed_10m": 13.23,
        "last_updated": "2026-10-10T21:01:13Z"
      }
    },
    {
      "type": "Feature",
      "geometry": {
        "type": "Point",
        "coordinates": [
          5.86,
          42.83
        ]
      },
      "properties": {
        "temperature_2m": 22.1,
        "precipitation": 0.0,
        "cloud_cover": 0,
        "wind_speed_10m": 12.71,
        "last_updated": "2026-10-10T21:01:13Z"
      }
    },
    {
      "type": "Feature",
      "geometry": {
        "type": "Point",
        "coordinates": [
          6.11,
          42.83
        ]
      },
      "properties": {
        "temperature_2m": 22.6,
        "precipitation": 0.0,
        "cloud_cover": 0,
        "wind_speed_10m": 12.35,
        "last_updated": "2026-10-10T21:01:13Z"
      }
    },
    {
      "type": "Feature",
      "geometry": {
        "type": "Point",
        "coordinates": [
          6.36,
          42.83
        ]
      },
      "properties": {
        "temperature_2m": 23.0,
        "precipitation": 0.0,
        "cloud_cover": 0,
        "wind_speed_10m": 12.17,
        "last_updated": "2026-10-10T21:01:13Z"
      }
    },
    {
      "type": "Feature",
      "geometry": {
        "type": "Point",
        "coordinates": [
          6.61,
          42.83
        ]
      },
      "properties": {
        "temperature_2m": 23.4,
        "precipitation": 0.0,
        "cloud_cover": 0,
        "wind_speed_10m": 9.32,
        "last_updated": "2026-10-10T21:01:13Z"
      }
    },
    {
      "type": "Feature",
      "geometry": {
        "type": "Point",
        "coordinates": [
          6.86,
          42.83
        ]
      },
      "properties": {
        "temperature_2m": 23.1,
        "precipitation": 0.0,
        "cloud_cover": 0,
        "wind_speed_10m": 9.68,
        "last_updated": "2026-10-10T21:01:13Z"
      }
    },
    {
      "type": "Feature",
      "geometry": {
        "type": "Point",
        "coordinates": [
          7.11,
          42.83
        ]
      },
      "properties": {
        "temperature_2m": 23.4,
        "precipitation": 0.0,
        "cloud_cover": 0,
        "wind_speed_10m": 8.92,
        "last_updated": "2026-10-10T21:01:13Z"
      }
    },
    {
      "type": "Feature",
      "geometry": {
        "type": "Point",
        "coordinates": [
          7.36,
          42.83
        ]
      },
      "properties": {
        "temperature_2m": 23.4,
        "precipitation": 0.0,
        "cloud_cover": 0,
        "wind_speed_10m": 9.77,
        "last_updated": "2026-10-10T21:01:13Z"
      }
    },
    {
      "type": "Feature",
      "geometry": {
        "type": "Point",
        "coordinates": [
          7.61,
          42.83
        ]
      },
      "properties": {
        "temperature_2m": 23.7,
        "precipitation": 0.0,
        "cloud_cover": 0,
        "wind_speed_10m": 7.57,
        "last_updated": "2026-10-10T21:01:13Z"
      }
    },
    {
      "type": "Feature",
      "geometry": {
        "type": "Point",
        "coordinates": [
          7.86,
          42.83
        ]
      },
      "properties": {
        "temperature_2m": 23.0,
        "precipitation": 0.0,
        "cloud_cover": 0,
        "wind_speed_10m": 8.1,
        "last_updated": "2026-10-10T21:01:13Z"
      }
    },
    {
      "type": "Feature",
      "geometry": {
        "type": "Point",
        "coordinates": [
          8.11,
          42.83
        ]
      },
      "properties": {
        "temperature_2m": 22.9,
        "precipitation": 0.0,
        "cloud_cover": 0,
        "wind_speed_10m": 7.45,
        "last_updated": "2026-10-10T21:01:13Z"
      }
    },
    {
      "type": "Feature",
      "geometry": {
        "type": "Point",
        "coordinates": [
          8.3847,
          42.8269
        ]
      },
      "properties": {
        "temperature_2m": 22.6,
        "precipitation": 0.0,
        "cloud_cover": 0,
        "wind_speed_10m": 7.72,
        "last_updated": "2026-10-10T21:01:13Z"
      }
    },
    {
      "type": "Feature",
      "geometry": {
        "type": "Point",
        "coordinates": [
          8.6244,
          42.8113
        ]
      },
      "properties": {
        "temperature_2m": 22.5,
        "precipitation": 0.0,
        "cloud_cover": 0,
        "wind_speed_10m": 8.11,
        "last_updated": "2026-10-10T21:01:13Z"
      }
    },
    {
      "type": "Feature",
      "geometry": {
        "type": "Point",
        "coordinates": [
          8.8713,
          42.8526
        ]
      },
      "properties": {
        "temperature_2m": 22.4,
        "precipitation": 0.0,
        "cloud_cover": 8,
        "wind_speed_10m": 7.18,
        "last_updated": "2026-10-10T21:01:13Z"
      }
    },
    {
      "type": "Feature",
      "geometry": {
        "type": "Point",
        "coordinates": [
          9.1109,
          42.836
        ]
      },
      "properties": {
        "temperature_2m": 22.0,
        "precipitation": 0.0,
        "cloud_cover": 0,
        "wind_speed_10m": 4.81,
        "last_updated": "2026-10-10T21:01:13Z"
      }
    },
    {
      "type": "Feature",
      "geometry": {
        "type": "Point",
        "coordinates": [
          9.3504,
          42.819
        ]
      },
      "properties": {
        "temperature_2m": 17.5,
        "precipitation": 0.0,
        "cloud_cover": 37,
        "wind_speed_10m": 1.88,
        "last_updated": "2026-10-10T21:01:13Z"
      }
    },
    {
      "type": "Feature",
      "geometry": {
        "type": "Point",
        "coordinates": [
          9.4701,
          42.8103
        ]
      },
      "properties": {
        "temperature_2m": 20.1,
        "precipitation": 0.0,
        "cloud_cover": 7,
        "wind_speed_10m": 2.4,
        "last_updated": "2026-10-10T21:01:13Z"
      }
    },
    {
      "type": "Feature",
      "geometry": {
        "type": "Point",
        "coordinates": [
          -5.14,
          43.08
        ]
      },
      "properties": {
        "temperature_2m": 7.0,
        "precipitation": 0.0,
        "cloud_cover": 99,
        "wind_speed_10m": 0.45,
        "last_updated": "2026-10-10T21:01:13Z"
      }
    },
    {
      "type": "Feature",
      "geometry": {
        "type": "Point",
        "coordinates": [
          -4.89,
          43.08
        ]
      },
      "properties": {
        "temperature_2m": 6.0,
        "precipitation": 0.0,
        "cloud_cover": 100,
        "wind_speed_10m": 0.36,
        "last_updated": "2026-10-10T21:01:13Z"
      }
    },
    {
      "type": "Feature",
      "geometry": {
        "type": "Point",
        "coordinates": [
          -4.63,
          43.09
        ]
      },
      "properties": {
        "temperature_2m": 10.0,
        "precipitation": 0.0,
        "cloud_cover": 98,
        "wind_speed_10m": 0.72,
        "last_updated": "2026-10-10T21:01:13Z"
      }
    },
    {
      "type": "Feature",
      "geometry": {
        "type": "Point",
        "coordinates": [
          -4.39,
          43.08
        ]
      },
      "properties": {
        "temperature_2m": 8.9,
        "precipitation": 0.0,
        "cloud_cover": 89,
        "wind_speed_10m": 0.67,
        "last_updated": "2026-10-10T21:01:13Z"
      }
    },
    {
      "type": "Feature",
      "geometry": {
        "type": "Point",
        "coordinates": [
          -4.14,
          43.08
        ]
      },
      "properties": {
        "temperature_2m": 9.1,
        "precipitation": 0.0,
        "cloud_cover": 79,
        "wind_speed_10m": 0.94,
        "last_updated": "2026-10-10T21:01:13Z"
      }
    },
    {
      "type": "Feature",
      "geometry": {
        "type": "Point",
        "coordinates": [
          -3.89,
          43.08
        ]
      },
      "properties": {
        "temperature_2m": 10.6,
        "precipitation": 0.0,
        "cloud_cover": 84,
        "wind_speed_10m": 0.78,
        "last_updated": "2026-10-10T21:01:13Z"
      }
    },
    {
      "type": "Feature",
      "geometry": {
        "type": "Point",
        "coordinates": [
          -3.64,
          43.08
        ]
      },
      "properties": {
        "temperature_2m": 9.6,
        "precipitation": 0.0,
        "cloud_cover": 68,
        "wind_speed_10m": 0.61,
        "last_updated": "2026-10-10T21:01:13Z"
      }
    },
    {
      "type": "Feature",
      "geometry": {
        "type": "Point",
        "coordinates": [
          -3.4,
          43.07
        ]
      },
      "properties": {
        "temperature_2m": 9.8,
        "precipitation": 0.0,
        "cloud_cover": 10,
        "wind_speed_10m": 0.85,
        "last_updated": "2026-10-10T21:01:13Z"
      }
    },
    {
      "type": "Feature",
      "geometry": {
        "type": "Point",
        "coordinates": [
          -3.14,
          43.08
        ]
      },
      "properties": {
        "temperature_2m": 12.1,
        "precipitation": 0.0,
        "cloud_cover": 0,
        "wind_speed_10m": 0.5,
        "last_updated": "2026-10-10T21:01:13Z"
      }
    },
    {
      "type": "Feature",
      "geometry": {
        "type": "Point",
        "coordinates": [
          -2.89,
          43.08
        ]
      },
      "properties": {
        "temperature_2m": 11.8,
        "precipitation": 0.0,
        "cloud_cover": 29,
        "wind_speed_10m": 0.8,
        "last_updated": "2026-10-10T21:01:13Z"
      }
    },
    {
      "type": "Feature",
      "geometry": {
        "type": "Point",
        "coordinates": [
          -2.64,
          43.08
        ]
      },
      "properties": {
        "temperature_2m": 10.9,
        "precipitation": 0.0,
        "cloud_cover": 61,
        "wind_speed_10m": 0.95,
        "last_updated": "2026-10-10T21:01:13Z"
      }
    },
    {
      "type": "Feature",
      "geometry": {
        "type": "Point",
        "coordinates": [
          -2.39,
          43.08
        ]
      },
      "properties": {
        "temperature_2m": 11.0,
        "precipitation": 0.0,
        "cloud_cover": 13,
        "wind_speed_10m": 0.22,
        "last_updated": "2026-10-10T21:01:13Z"
      }
    },
    {
      "type": "Feature",
      "geometry": {
        "type": "Point",
        "coordinates": [
          -2.14,
          43.08
        ]
      },
      "properties": {
        "temperature_2m": 14.3,
        "precipitation": 0.0,
        "cloud_cover": 76,
        "wind_speed_10m": 0.76,
        "last_updated": "2026-10-10T21:01:13Z"
      }
    },
    {
      "type": "Feature",
      "geometry": {
        "type": "Point",
        "coordinates": [
          -1.89,
          43.08
        ]
      },
      "properties": {
        "temperature_2m": 12.2,
        "precipitation": 0.0,
        "cloud_cover": 100,
        "wind_speed_10m": 0.67,
        "last_updated": "2026-10-10T21:01:13Z"
      }
    },
    {
      "type": "Feature",
      "geometry": {
        "type": "Point",
        "coordinates": [
          -1.64,
          43.08
        ]
      },
      "properties": {
        "temperature_2m": 10.7,
        "precipitation": 0.0,
        "cloud_cover": 75,
        "wind_speed_10m": 1.21,
        "last_updated": "2026-10-10T21:01:13Z"
      }
    },
    {
      "type": "Feature",
      "geometry": {
        "type": "Point",
        "coordinates": [
          -1.39,
          43.08
        ]
      },
      "properties": {
        "temperature_2m": 9.1,
        "precipitation": 0.0,
        "cloud_cover": 55,
        "wind_speed_10m": 0.82,
        "last_updated": "2026-10-10T21:01:13Z"
      }
    },
    {
      "type": "Feature",
      "geometry": {
        "type": "Point",
        "coordinates": [
          -1.14,
          43.08
        ]
      },
      "properties": {
        "temperature_2m": 10.2,
        "precipitation": 0.0,
        "cloud_cover": 86,
        "wind_speed_10m": 0.28,
        "last_updated": "2026-10-10T21:01:13Z"
      }
    },
    {
      "type": "Feature",
      "geometry": {
        "type": "Point",
        "coordinates": [
          -0.89,
          43.08
        ]
      },
      "properties": {
        "temperature_2m": 12.0,
        "precipitation": 0.0,
        "cloud_cover": 100,
        "wind_speed_10m": 0.95,
        "last_updated": "2026-10-10T21:01:13Z"
      }
    },
    {
      "type": "Feature",
      "geometry": {
        "type": "Point",
        "coordinates": [
          -0.64,
          43.08
        ]
      },
      "properties": {
        "temperature_2m": 11.0,
        "precipitation": 0.0,
        "cloud_cover": 86,
        "wind_speed_10m": 0.22,
        "last_updated": "2026-10-10T21:01:13Z"
      }
    },
    {
      "type": "Feature",
      "geometry": {
        "type": "Point",
        "coordinates": [
          -0.39,
          43.08
        ]
      },
      "properties": {
        "temperature_2m": 8.8,
        "precipitation": 0.0,
        "cloud_cover": 100,
        "wind_speed_10m": 0.5,
        "last_updated": "2026-10-10T21:01:13Z"
      }
    },
    {
      "type": "Feature",
      "geometry": {
        "type": "Point",
        "coordinates": [
          -0.14,
          43.08
        ]
      },
      "properties": {
        "temperature_2m": 11.2,
        "precipitation": 0.0,
        "cloud_cover": 100,
        "wind_speed_10m": 1.0,
        "last_updated": "2026-10-10T21:01:13Z"
      }
    },
    {
      "type": "Feature",
      "geometry": {
        "type": "Point",
        "coordinates": [
          0.11,
          43.08
        ]
      },
      "properties": {
        "temperature_2m": 11.6,
        "precipitation": 0.0,
        "cloud_cover": 100,
        "wind_speed_10m": 1.22,
        "last_updated": "2026-10-10T21:01:13Z"
      }
    },
    {
      "type": "Feature",
      "geometry": {
        "type": "Point",
        "coordinates": [
          0.36,
          43.08
        ]
      },
      "properties": {
        "temperature_2m": 12.6,
        "precipitation": 0.0,
        "cloud_cover": 100,
        "wind_speed_10m": 1.98,
        "last_updated": "2026-10-10T21:01:13Z"
      }
    },
    {
      "type": "Feature",
      "geometry": {
        "type": "Point",
        "coordinates": [
          0.61,
          43.08
        ]
      },
      "properties": {
        "temperature_2m": 12.9,
        "precipitation": 0.0,
        "cloud_cover": 100,
        "wind_speed_10m": 2.06,
        "last_updated": "2026-10-10T21:01:13Z"
      }
    },
    {
      "type": "Feature",
      "geometry": {
        "type": "Point",
        "coordinates": [
          0.86,
          43.08
        ]
      },
      "properties": {
        "temperature_2m": 14.1,
        "precipitation": 0.0,
        "cloud_cover": 100,
        "wind_speed_10m": 2.42,
        "last_updated": "2026-10-10T21:01:13Z"
      }
    },
    {
      "type": "Feature",
      "geometry": {
        "type": "Point",
        "coordinates": [
          1.11,
          43.08
        ]
      },
      "properties": {
        "temperature_2m": 14.6,
        "precipitation": 0.0,
        "cloud_cover": 100,
        "wind_speed_10m": 2.62,
        "last_updated": "2026-10-10T21:01:13Z"
      }
    },
    {
      "type": "Feature",
      "geometry": {
        "type": "Point",
        "coordinates": [
          1.36,
          43.08
        ]
      },
      "properties": {
        "temperature_2m": 15.3,
        "precipitation": 0.0,
        "cloud_cover": 100,
        "wind_speed_10m": 2.9,
        "last_updated": "2026-10-10T21:01:13Z"
      }
    },
    {
      "type": "Feature",
      "geometry": {
        "type": "Point",
        "coordinates": [
          1.61,
          43.08
        ]
      },
      "properties": {
        "temperature_2m": 15.3,
        "precipitation": 0.0,
        "cloud_cover": 22,
        "wind_speed_10m": 3.3,
        "last_updated": "2026-10-10T21:01:13Z"
      }
    },
    {
      "type": "Feature",
      "geometry": {
        "type": "Point",
        "coordinates": [
          1.86,
          43.08
        ]
      },
      "properties": {
        "temperature_2m": 15.5,
        "precipitation": 0.0,
        "cloud_cover": 100,
        "wind_speed_10m": 3.3,
        "last_updated": "2026-10-10T21:01:13Z"
      }
    },
    {
      "type": "Feature",
      "geometry": {
        "type": "Point",
        "coordinates": [
          2.11,
          43.08
        ]
      },
      "properties": {
        "temperature_2m": 16.6,
        "precipitation": 0.0,
        "cloud_cover": 82,
        "wind_speed_10m": 4.02,
        "last_updated": "2026-10-10T21:01:13Z"
      }
    },
    {
      "type": "Feature",
      "geometry": {
        "type": "Point",
        "coordinates": [
          2.36,
          43.08
        ]
      },
      "properties": {
        "temperature_2m": 16.2,
        "precipitation": 0.0,
        "cloud_cover": 100,
        "wind_speed_10m": 3.5,
        "last_updated": "2026-10-10T21:01:13Z"
      }
    },
    {
      "type": "Feature",
      "geometry": {
        "type": "Point",
        "coordinates": [
          2.61,
          43.08
        ]
      },
      "properties": {
        "temperature_2m": 18.5,
        "precipitation": 0.0,
        "cloud_cover": 0,
        "wind_speed_10m": 5.72,
        "last_updated": "2026-10-10T21:01:13Z"
      }
    },
    {
      "type": "Feature",
      "geometry": {
        "type": "Point",
        "coordinates": [
          2.86,
          43.08
        ]
      },
      "properties": {
        "temperature_2m": 18.5,
        "precipitation": 0.0,
        "cloud_cover": 2,
        "wind_speed_10m": 7.56,
        "last_updated": "2026-10-10T21:01:13Z"
      }
    },
    {
      "type": "Feature",
      "geometry": {
        "type": "Point",
        "coordinates": [
          3.11,
          43.09
        ]
      },
      "properties": {
        "temperature_2m": 19.7,
        "precipitation": 0.0,
        "cloud_cover": 0,
        "wind_speed_10m": 9.69,
        "last_updated": "2026-10-10T21:01:13Z"
      }
    },
    {
      "type": "Feature",
      "geometry": {
        "type": "Point",
        "coordinates": [
          3.36,
          43.08
        ]
      },
      "properties": {
        "temperature_2m": 20.6,
        "precipitation": 0.0,
        "cloud_cover": 1,
        "wind_speed_10m": 9.53,
        "last_updated": "2026-10-10T21:01:13Z"
      }
    },
    {
      "type": "Feature",
      "geometry": {
        "type": "Point",
        "coordinates": [
          3.61,
          43.08
        ]
      },
      "properties": {
        "temperature_2m": 20.8,
        "precipitation": 0.0,
        "cloud_cover": 13,
        "wind_speed_10m": 8.82,
        "last_updated": "2026-10-10T21:01:13Z"
      }
    },
    {
      "type": "Feature",
      "geometry": {
        "type": "Point",
        "coordinates": [
          3.86,
          43.08
        ]
      },
      "properties": {
        "temperature_2m": 20.6,
        "precipitation": 0.0,
        "cloud_cover": 0,
        "wind_speed_10m": 8.39,
        "last_updated": "2026-10-10T21:01:13Z"
      }
    },
    {
      "type": "Feature",
      "geometry": {
        "type": "Point",
        "coordinates": [
          4.11,
          43.08
        ]
      },
      "properties": {
        "temperature_2m": 20.8,
        "precipitation": 0.0,
        "cloud_cover": 0,
        "wind_speed_10m": 9.15,
        "last_updated": "2026-10-10T21:01:13Z"
      }
    },
    {
      "type": "Feature",
      "geometry": {
        "type": "Point",
        "coordinates": [
          4.36,
          43.08
        ]
      },
      "properties": {
        "temperature_2m": 20.9,
        "precipitation": 0.0,
        "cloud_cover": 87,
        "wind_speed_10m": 11.01,
        "last_updated": "2026-10-10T21:01:13Z"
      }
    },
    {
      "type": "Feature",
      "geometry": {
        "type": "Point",
        "coordinates": [
          4.61,
          43.08
        ]
      },
      "properties": {
        "temperature_2m": 21.1,
        "precipitation": 0.0,
        "cloud_cover": 9,
        "wind_speed_10m": 12.31,
        "last_updated": "2026-10-10T21:01:13Z"
      }
    },
    {
      "type": "Feature",
      "geometry": {
        "type": "Point",
        "coordinates": [
          4.86,
          43.08
        ]
      },
      "properties": {
        "temperature_2m": 21.2,
        "precipitation": 0.0,
        "cloud_cover": 0,
        "wind_speed_10m": 12.25,
        "last_updated": "2026-10-10T21:01:13Z"
      }
    },
    {
      "type": "Feature",
      "geometry": {
        "type": "Point",
        "coordinates": [
          5.11,
          43.08
        ]
      },
      "properties": {
        "temperature_2m": 21.0,
        "precipitation": 0.0,
        "cloud_cover": 1,
        "wind_speed_10m": 12.17,
        "last_updated": "2026-10-10T21:01:13Z"
      }
    },
    {
      "type": "Feature",
      "geometry": {
        "type": "Point",
        "coordinates": [
          5.36,
          43.08
        ]
      },
      "properties": {
        "temperature_2m": 21.2,
        "precipitation": 0.0,
        "cloud_cover": 0,
        "wind_speed_10m": 12.96,
        "last_updated": "2026-10-10T21:01:13Z"
      }
    },
    {
      "type": "Feature",
      "geometry": {
        "type": "Point",
        "coordinates": [
          5.61,
          43.08
        ]
      },
      "properties": {
        "temperature_2m": 21.2,
        "precipitation": 0.0,
        "cloud_cover": 0,
        "wind_speed_10m": 12.28,
        "last_updated": "2026-10-10T21:01:13Z"
      }
    },
    {
      "type": "Feature",
      "geometry": {
        "type": "Point",
        "coordinates": [
          5.86,
          43.08
        ]
      },
      "properties": {
        "temperature_2m": 20.7,
        "precipitation": 0.0,
        "cloud_cover": 0,
        "wind_speed_10m": 7.11,
        "last_updated": "2026-10-10T21:01:13Z"
      }
    },
    {
      "type": "Feature",
      "geometry": {
        "type": "Point",
        "coordinates": [
          6.12,
          43.09
        ]
      },
      "properties": {
        "temperature_2m": 20.8,
        "precipitation": 0.0,
        "cloud_cover": 0,
        "wind_speed_10m": 6.99,
        "last_updated": "2026-10-10T21:01:13Z"
      }
    },
    {
      "type": "Feature",
      "geometry": {
        "type": "Point",
        "coordinates": [
          6.36,
          43.09
        ]
      },
      "properties": {
        "temperature_2m": 21.1,
        "precipitation": 0.0,
        "cloud_cover": 0,
        "wind_speed_10m": 7.75,
        "last_updated": "2026-10-10T21:01:13Z"
      }
    },
    {
      "type": "Feature",
      "geometry": {
        "type": "Point",
        "coordinates": [
          6.61,
          43.08
        ]
      },
      "properties": {
        "temperature_2m": 23.1,
        "precipitation": 0.0,
        "cloud_cover": 0,
        "wind_speed_10m": 6.72,
        "last_updated": "2026-10-10T21:01:13Z"
      }
    },
    {
      "type": "Feature",
      "geometry": {
        "type": "Point",
        "coordinates": [
          6.86,
          43.08
        ]
      },
      "properties": {
        "temperature_2m": 22.7,
        "precipitation": 0.0,
        "cloud_cover": 0,
        "wind_speed_10m": 7.63,
        "last_updated": "2026-10-10T21:01:13Z"
      }
    },
    {
      "type": "Feature",
      "geometry": {
        "type": "Point",
        "coordinates": [
          7.11,
          43.08
        ]
      },
      "properties": {
        "temperature_2m": 22.7,
        "precipitation": 0.0,
        "cloud_cover": 0,
        "wind_speed_10m": 10.56,
        "last_updated": "2026-10-10T21:01:13Z"
      }
    },
    {
      "type": "Feature",
      "geometry": {
        "type": "Point",
        "coordinates": [
          7.36,
          43.08
        ]
      },
      "properties": {
        "temperature_2m": 23.2,
        "precipitation": 0.0,
        "cloud_cover": 0,
        "wind_speed_10m": 5.84,
        "last_updated": "2026-10-10T21:01:13Z"
      }
    },
    {
      "type": "Feature",
      "geometry": {
        "type": "Point",
        "coordinates": [
          7.61,
          43.08
        ]
      },
      "properties": {
        "temperature_2m": 23.7,
        "precipitation": 0.0,
        "cloud_cover": 0,
        "wind_speed_10m": 5.41,
        "last_updated": "2026-10-10T21:01:13Z"
      }
    },
    {
      "type": "Feature",
      "geometry": {
        "type": "Point",
        "coordinates": [
          7.86,
          43.08
        ]
      },
      "properties": {
        "temperature_2m": 23.1,
        "precipitation": 0.0,
        "cloud_cover": 0,
        "wind_speed_10m": 7.38,
        "last_updated": "2026-10-10T21:01:13Z"
      }
    },
    {
      "type": "Feature",
      "geometry": {
        "type": "Point",
        "coordinates": [
          8.11,
          43.08
        ]
      },
      "properties": {
        "temperature_2m": 22.9,
        "precipitation": 0.0,
        "cloud_cover": 0,
        "wind_speed_10m": 7.32,
        "last_updated": "2026-10-10T21:01:13Z"
      }
    },
    {
      "type": "Feature",
      "geometry": {
        "type": "Point",
        "coordinates": [
          8.3655,
          43.0735
        ]
      },
      "properties": {
        "temperature_2m": 22.3,
        "precipitation": 0.0,
        "cloud_cover": 0,
        "wind_speed_10m": 6.46,
        "last_updated": "2026-10-10T21:01:13Z"
      }
    },
    {
      "type": "Feature",
      "geometry": {
        "type": "Point",
        "coordinates": [
          8.6064,
          43.0578
        ]
      },
      "properties": {
        "temperature_2m": 22.3,
        "precipitation": 0.0,
        "cloud_cover": 0,
        "wind_speed_10m": 6.63,
        "last_updated": "2026-10-10T21:01:13Z"
      }
    },
    {
      "type": "Feature",
      "geometry": {
        "type": "Point",
        "coordinates": [
          8.8545,
          43.099
        ]
      },
      "properties": {
        "temperature_2m": 22.2,
        "precipitation": 0.0,
        "cloud_cover": 11,
        "wind_speed_10m": 5.52,
        "last_updated": "2026-10-10T21:01:13Z"
      }
    },
    {
      "type": "Feature",
      "geometry": {
        "type": "Point",
        "coordinates": [
          9.0953,
          43.0823
        ]
      },
      "properties": {
        "temperature_2m": 22.3,
        "precipitation": 0.0,
        "cloud_cover": 7,
        "wind_speed_10m": 5.0,
        "last_updated": "2026-10-10T21:01:13Z"
      }
    },
    {
      "type": "Feature",
      "geometry": {
        "type": "Point",
        "coordinates": [
          9.3808,
          42.9803
        ]
      },
      "properties": {
        "temperature_2m": 20.8,
        "precipitation": 0.0,
        "cloud_cover": 34,
        "wind_speed_10m": 3.55,
        "last_updated": "2026-10-10T21:01:13Z"
      }
    },
    {
      "type": "Feature",
      "geometry": {
        "type": "Point",
        "coordinates": [
          9.6444,
          43.0667
        ]
      },
      "properties": {
        "temperature_2m": 22.1,
        "precipitation": 0.0,
        "cloud_cover": 13,
        "wind_speed_10m": 5.83,
        "last_updated": "2026-10-10T21:01:13Z"
      }
    },
    {
      "type": "Feature",
      "geometry": {
        "type": "Point",
        "coordinates": [
          -5.14,
          43.33
        ]
      },
      "properties": {
        "temperature_2m": 13.6,
        "precipitation": 0.0,
        "cloud_cover": 100,
        "wind_speed_10m": 0.57,
        "last_updated": "2026-10-10T21:01:13Z"
      }
    },
    {
      "type": "Feature",
      "geometry": {
        "type": "Point",
        "coordinates": [
          -4.89,
          43.33
        ]
      },
      "properties": {
        "temperature_2m": 10.6,
        "precipitation": 0.0,
        "cloud_cover": 100,
        "wind_speed_10m": 0.5,
        "last_updated": "2026-10-10T21:01:13Z"
      }
    },
    {
      "type": "Feature",
      "geometry": {
        "type": "Point",
        "coordinates": [
          -4.64,
          43.33
        ]
      },
      "properties": {
        "temperature_2m": 13.9,
        "precipitation": 0.0,
        "cloud_cover": 100,
        "wind_speed_10m": 0.63,
        "last_updated": "2026-10-10T21:01:13Z"
      }
    },
    {
      "type": "Feature",
      "geometry": {
        "type": "Point",
        "coordinates": [
          -4.39,
          43.33
        ]
      },
      "properties": {
        "temperature_2m": 14.6,
        "precipitation": 0.0,
        "cloud_cover": 100,
        "wind_speed_10m": 1.7,
        "last_updated": "2026-10-10T21:01:13Z"
      }
    },
    {
      "type": "Feature",
      "geometry": {
        "type": "Point",
        "coordinates": [
          -4.14,
          43.33
        ]
      },
      "properties": {
        "temperature_2m": 13.9,
        "precipitation": 0.0,
        "cloud_cover": 100,
        "wind_speed_10m": 0.36,
        "last_updated": "2026-10-10T21:01:13Z"
      }
    },
    {
      "type": "Feature",
      "geometry": {
        "type": "Point",
        "coordinates": [
          -3.89,
          43.33
        ]
      },
      "properties": {
        "temperature_2m": 14.8,
        "precipitation": 0.0,
        "cloud_cover": 100,
        "wind_speed_10m": 1.2,
        "last_updated": "2026-10-10T21:01:13Z"
      }
    },
    {
      "type": "Feature",
      "geometry": {
        "type": "Point",
        "coordinates": [
          -3.64,
          43.33
        ]
      },
      "properties": {
        "temperature_2m": 14.3,
        "precipitation": 0.0,
        "cloud_cover": 74,
        "wind_speed_10m": 0.64,
        "last_updated": "2026-10-10T21:01:13Z"
      }
    },
    {
      "type": "Feature",
      "geometry": {
        "type": "Point",
        "coordinates": [
          -3.39,
          43.33
        ]
      },
      "properties": {
        "temperature_2m": 13.5,
        "precipitation": 0.0,
        "cloud_cover": 1,
        "wind_speed_10m": 0.7,
        "last_updated": "2026-10-10T21:01:13Z"
      }
    },
    {
      "type": "Feature",
      "geometry": {
        "type": "Point",
        "coordinates": [
          -3.14,
          43.33
        ]
      },
      "properties": {
        "temperature_2m": 14.6,
        "precipitation": 0.0,
        "cloud_cover": 49,
        "wind_speed_10m": 1.42,
        "last_updated": "2026-10-10T21:01:13Z"
      }
    },
    {
      "type": "Feature",
      "geometry": {
        "type": "Point",
        "coordinates": [
          -2.89,
          43.33
        ]
      },
      "properties": {
        "temperature_2m": 14.5,
        "precipitation": 0.0,
        "cloud_cover": 68,
        "wind_speed_10m": 0.92,
        "last_updated": "2026-10-10T21:01:13Z"
      }
    },
    {
      "type": "Feature",
      "geometry": {
        "type": "Point",
        "coordinates": [
          -2.64,
          43.33
        ]
      },
      "properties": {
        "temperature_2m": 13.9,
        "precipitation": 0.0,
        "cloud_cover": 91,
        "wind_speed_10m": 1.14,
        "last_updated": "2026-10-10T21:01:13Z"
      }
    },
    {
      "type": "Feature",
      "geometry": {
        "type": "Point",
        "coordinates": [
          -2.4,
          43.32
        ]
      },
      "properties": {
        "temperature_2m": 16.7,
        "precipitation": 0.0,
        "cloud_cover": 90,
        "wind_speed_10m": 2.12,
        "last_updated": "2026-10-10T21:01:13Z"
      }
    },
    {
      "type": "Feature",
      "geometry": {
        "type": "Point",
        "coordinates": [
          -2.14,
          43.33
        ]
      },
      "properties": {
        "temperature_2m": 19.3,
        "precipitation": 0.0,
        "cloud_cover": 100,
        "wind_speed_10m": 3.5,
        "last_updated": "2026-10-10T21:01:13Z"
      }
    },
    {
      "type": "Feature",
      "geometry": {
        "type": "Point",
        "coordinates": [
          -1.89,
          43.33
        ]
      },
      "properties": {
        "temperature_2m": 16.8,
        "precipitation": 0.0,
        "cloud_cover": 100,
        "wind_speed_10m": 1.94,
        "last_updated": "2026-10-10T21:01:13Z"
      }
    },
    {
      "type": "Feature",
      "geometry": {
        "type": "Point",
        "coordinates": [
          -1.64,
          43.33
        ]
      },
      "properties": {
        "temperature_2m": 13.9,
        "precipitation": 0.4,
        "cloud_cover": 100,
        "wind_speed_10m": 0.32,
        "last_updated": "2026-10-10T21:01:13Z"
      }
    },
    {
      "type": "Feature",
      "geometry": {
        "type": "Point",
        "coordinates": [
          -1.39,
          43.33
        ]
      },
      "properties": {
        "temperature_2m": 14.9,
        "precipitation": 0.0,
        "cloud_cover": 100,
        "wind_speed_10m": 0.91,
        "last_updated": "2026-10-10T21:01:13Z"
      }
    },
    {
      "type": "Feature",
      "geometry": {
        "type": "Point",
        "coordinates": [
          -1.14,
          43.33
        ]
      },
      "properties": {
        "temperature_2m": 13.3,
        "precipitation": 0.0,
        "cloud_cover": 100,
        "wind_speed_10m": 0.5,
        "last_updated": "2026-10-10T21:01:13Z"
      }
    },
    {
      "type": "Feature",
      "geometry": {
        "type": "Point",
        "coordinates": [
          -0.89,
          43.33
        ]
      },
      "properties": {
        "temperature_2m": 14.6,
        "precipitation": 0.0,
        "cloud_cover": 100,
        "wind_speed_10m": 0.95,
        "last_updated": "2026-10-10T21:01:13Z"
      }
    },
    {
      "type": "Feature",
      "geometry": {
        "type": "Point",
        "coordinates": [
          -0.64,
          43.33
        ]
      },
      "properties": {
        "temperature_2m": 14.4,
        "precipitation": 0.0,
        "cloud_cover": 100,
        "wind_speed_10m": 1.35,
        "last_updated": "2026-10-10T21:01:13Z"
      }
    },
    {
      "type": "Feature",
      "geometry": {
        "type": "Point",
        "coordinates": [
          -0.39,
          43.33
        ]
      },
      "properties": {
        "temperature_2m": 14.6,
        "precipitation": 0.0,
        "cloud_cover": 100,
        "wind_speed_10m": 1.08,
        "last_updated": "2026-10-10T21:01:13Z"
      }
    },
    {
      "type": "Feature",
      "geometry": {
        "type": "Point",
        "coordinates": [
          -0.1481,
          43.3352
        ]
      },
      "properties": {
        "temperature_2m": 14.7,
        "precipitation": 0.0,
        "cloud_cover": 92,
        "wind_speed_10m": 1.68,
        "last_updated": "2026-10-10T21:01:13Z"
      }
    },
    {
      "type": "Feature",
      "geometry": {
        "type": "Point",
        "coordinates": [
          0.1003,
          43.3275
        ]
      },
      "properties": {
        "temperature_2m": 15.3,
        "precipitation": 0.0,
        "cloud_cover": 97,
        "wind_speed_10m": 1.21,
        "last_updated": "2026-10-10T21:01:13Z"
      }
    },
    {
      "type": "Feature",
      "geometry": {
        "type": "Point",
        "coordinates": [
          0.3678,
          43.3267
        ]
      },
      "properties": {
        "temperature_2m": 15.9,
        "precipitation": 0.0,
        "cloud_cover": 99,
        "wind_speed_10m": 1.77,
        "last_updated": "2026-10-10T21:01:13Z"
      }
    },
    {
      "type": "Feature",
      "geometry": {
        "type": "Point",
        "coordinates": [
          0.6165,
          43.3329
        ]
      },
      "properties": {
        "temperature_2m": 15.9,
        "precipitation": 0.0,
        "cloud_cover": 94,
        "wind_speed_10m": 2.2,
        "last_updated": "2026-10-10T21:01:13Z"
      }
    },
    {
      "type": "Feature",
      "geometry": {
        "type": "Point",
        "coordinates": [
          0.8646,
          43.3237
        ]
      },
      "properties": {
        "temperature_2m": 16.4,
        "precipitation": 0.0,
        "cloud_cover": 88,
        "wind_speed_10m": 2.1,
        "last_updated": "2026-10-10T21:01:13Z"
      }
    },
    {
      "type": "Feature",
      "geometry": {
        "type": "Point",
        "coordinates": [
          1.1135,
          43.3291
        ]
      },
      "properties": {
        "temperature_2m": 16.1,
        "precipitation": 0.0,
        "cloud_cover": 91,
        "wind_speed_10m": 2.73,
        "last_updated": "2026-10-10T21:01:13Z"
      }
    },
    {
      "type": "Feature",
      "geometry": {
        "type": "Point",
        "coordinates": [
          1.3614,
          43.3189
        ]
      },
      "properties": {
        "temperature_2m": 16.6,
        "precipitation": 0.0,
        "cloud_cover": 92,
        "wind_speed_10m": 2.81,
        "last_updated": "2026-10-10T21:01:13Z"
      }
    },
    {
      "type": "Feature",
      "geometry": {
        "type": "Point",
        "coordinates": [
          1.6107,
          43.3416
        ]
      },
      "properties": {
        "temperature_2m": 16.2,
        "precipitation": 0.0,
        "cloud_cover": 77,
        "wind_speed_10m": 3.11,
        "last_updated": "2026-10-10T21:01:13Z"
      }
    },
    {
      "type": "Feature",
      "geometry": {
        "type": "Point",
        "coordinates": [
          1.8783,
          43.3377
        ]
      },
      "properties": {
        "temperature_2m": 16.6,
        "precipitation": 0.0,
        "cloud_cover": 97,
        "wind_speed_10m": 3.52,
        "last_updated": "2026-10-10T21:01:13Z"
      }
    },
    {
      "type": "Feature",
      "geometry": {
        "type": "Point",
        "coordinates": [
          2.11,
          43.33
        ]
      },
      "properties": {
        "temperature_2m": 16.6,
        "precipitation": 0.0,
        "cloud_cover": 100,
        "wind_speed_10m": 4.94,
        "last_updated": "2026-10-10T21:01:13Z"
      }
    },
    {
      "type": "Feature",
      "geometry": {
        "type": "Point",
        "coordinates": [
          2.36,
          43.33
        ]
      },
      "properties": {
        "temperature_2m": 16.4,
        "precipitation": 0.0,
        "cloud_cover": 100,
        "wind_speed_10m": 5.13,
        "last_updated": "2026-10-10T21:01:13Z"
      }
    },
    {
      "type": "Feature",
      "geometry": {
        "type": "Point",
        "coordinates": [
          2.61,
          43.33
        ]
      },
      "properties": {
        "temperature_2m": 17.0,
        "precipitation": 0.0,
        "cloud_cover": 5,
        "wind_speed_10m": 4.22,
        "last_updated": "2026-10-10T21:01:13Z"
      }
    },
    {
      "type": "Feature",
      "geometry": {
        "type": "Point",
        "coordinates": [
          2.86,
          43.33
        ]
      },
      "properties": {
        "temperature_2m": 17.7,
        "precipitation": 0.0,
        "cloud_cover": 15,
        "wind_speed_10m": 6.44,
        "last_updated": "2026-10-10T21:01:13Z"
      }
    },
    {
      "type": "Feature",
      "geometry": {
        "type": "Point",
        "coordinates": [
          3.11,
          43.33
        ]
      },
      "properties": {
        "temperature_2m": 18.5,
        "precipitation": 0.0,
        "cloud_cover": 0,
        "wind_speed_10m": 5.89,
        "last_updated": "2026-10-10T21:01:13Z"
      }
    },
    {
      "type": "Feature",
      "geometry": {
        "type": "Point",
        "coordinates": [
          3.36,
          43.33
        ]
      },
      "properties": {
        "temperature_2m": 18.5,
        "precipitation": 0.0,
        "cloud_cover": 7,
        "wind_speed_10m": 5.85,
        "last_updated": "2026-10-10T21:01:13Z"
      }
    },
    {
      "type": "Feature",
      "geometry": {
        "type": "Point",
        "coordinates": [
          3.61,
          43.33
        ]
      },
      "properties": {
        "temperature_2m": 19.3,
        "precipitation": 0.0,
        "cloud_cover": 80,
        "wind_speed_10m": 1.44,
        "last_updated": "2026-10-10T21:01:13Z"
      }
    },
    {
      "type": "Feature",
      "geometry": {
        "type": "Point",
        "coordinates": [
          3.86,
          43.33
        ]
      },
      "properties": {
        "temperature_2m": 20.4,
        "precipitation": 0.0,
        "cloud_cover": 93,
        "wind_speed_10m": 6.21,
        "last_updated": "2026-10-10T21:01:13Z"
      }
    },
    {
      "type": "Feature",
      "geometry": {
        "type": "Point",
        "coordinates": [
          4.11,
          43.33
        ]
      },
      "properties": {
        "temperature_2m": 20.7,
        "precipitation": 0.0,
        "cloud_cover": 0,
        "wind_speed_10m": 9.12,
        "last_updated": "2026-10-10T21:01:13Z"
      }
    },
    {
      "type": "Feature",
      "geometry": {
        "type": "Point",
        "coordinates": [
          4.36,
          43.33
        ]
      },
      "properties": {
        "temperature_2m": 20.9,
        "precipitation": 0.0,
        "cloud_cover": 0,
        "wind_speed_10m": 11.51,
        "last_updated": "2026-10-10T21:01:13Z"
      }
    },
    {
      "type": "Feature",
      "geometry": {
        "type": "Point",
        "coordinates": [
          4.61,
          43.33
        ]
      },
      "properties": {
        "temperature_2m": 20.6,
        "precipitation": 0.0,
        "cloud_cover": 0,
        "wind_speed_10m": 11.26,
        "last_updated": "2026-10-10T21:01:13Z"
      }
    },
    {
      "type": "Feature",
      "geometry": {
        "type": "Point",
        "coordinates": [
          4.86,
          43.34
        ]
      },
      "properties": {
        "temperature_2m": 19.1,
        "precipitation": 0.0,
        "cloud_cover": 0,
        "wind_speed_10m": 8.7,
        "last_updated": "2026-10-10T21:01:13Z"
      }
    },
    {
      "type": "Feature",
      "geometry": {
        "type": "Point",
        "coordinates": [
          5.11,
          43.33
        ]
      },
      "properties": {
        "temperature_2m": 18.5,
        "precipitation": 0.0,
        "cloud_cover": 0,
        "wind_speed_10m": 6.85,
        "last_updated": "2026-10-10T21:01:13Z"
      }
    },
    {
      "type": "Feature",
      "geometry": {
        "type": "Point",
        "coordinates": [
          5.36,
          43.33
        ]
      },
      "properties": {
        "temperature_2m": 19.0,
        "precipitation": 0.0,
        "cloud_cover": 0,
        "wind_speed_10m": 7.43,
        "last_updated": "2026-10-10T21:01:13Z"
      }
    },
    {
      "type": "Feature",
      "geometry": {
        "type": "Point",
        "coordinates": [
          5.61,
          43.33
        ]
      },
      "properties": {
        "temperature_2m": 17.1,
        "precipitation": 0.0,
        "cloud_cover": 0,
        "wind_speed_10m": 4.12,
        "last_updated": "2026-10-10T21:01:13Z"
      }
    },
    {
      "type": "Feature",
      "geometry": {
        "type": "Point",
        "coordinates": [
          5.86,
          43.33
        ]
      },
      "properties": {
        "temperature_2m": 14.3,
        "precipitation": 0.0,
        "cloud_cover": 3,
        "wind_speed_10m": 5.46,
        "last_updated": "2026-10-10T21:01:13Z"
      }
    },
    {
      "type": "Feature",
      "geometry": {
        "type": "Point",
        "coordinates": [
          6.11,
          43.33
        ]
      },
      "properties": {
        "temperature_2m": 17.0,
        "precipitation": 0.0,
        "cloud_cover": 0,
        "wind_speed_10m": 3.47,
        "last_updated": "2026-10-10T21:01:13Z"
      }
    },
    {
      "type": "Feature",
      "geometry": {
        "type": "Point",
        "coordinates": [
          6.36,
          43.33
        ]
      },
      "properties": {
        "temperature_2m": 18.6,
        "precipitation": 0.0,
        "cloud_cover": 0,
        "wind_speed_10m": 3.59,
        "last_updated": "2026-10-10T21:01:13Z"
      }
    },
    {
      "type": "Feature",
      "geometry": {
        "type": "Point",
        "coordinates": [
          6.61,
          43.33
        ]
      },
      "properties": {
        "temperature_2m": 20.3,
        "precipitation": 0.0,
        "cloud_cover": 0,
        "wind_speed_10m": 3.4,
        "last_updated": "2026-10-10T21:01:13Z"
      }
    },
    {
      "type": "Feature",
      "geometry": {
        "type": "Point",
        "coordinates": [
          6.86,
          43.33
        ]
      },
      "properties": {
        "temperature_2m": 21.9,
        "precipitation": 0.0,
        "cloud_cover": 0,
        "wind_speed_10m": 4.55,
        "last_updated": "2026-10-10T21:01:13Z"
      }
    },
    {
      "type": "Feature",
      "geometry": {
        "type": "Point",
        "coordinates": [
          7.11,
          43.33
        ]
      },
      "properties": {
        "temperature_2m": 22.5,
        "precipitation": 0.0,
        "cloud_cover": 0,
        "wind_speed_10m": 3.04,
        "last_updated": "2026-10-10T21:01:13Z"
      }
    },
    {
      "type": "Feature",
      "geometry": {
        "type": "Point",
        "coordinates": [
          7.36,
          43.33
        ]
      },
      "properties": {
        "temperature_2m": 22.7,
        "precipitation": 0.0,
        "cloud_cover": 0,
        "wind_speed_10m": 2.02,
        "last_updated": "2026-10-10T21:01:13Z"
      }
    },
    {
      "type": "Feature",
      "geometry": {
        "type": "Point",
        "coordinates": [
          7.61,
          43.33
        ]
      },
      "properties": {
        "temperature_2m": 22.7,
        "precipitation": 0.0,
        "cloud_cover": 0,
        "wind_speed_10m": 2.92,
        "last_updated": "2026-10-10T21:01:13Z"
      }
    },
    {
      "type": "Feature",
      "geometry": {
        "type": "Point",
        "coordinates": [
          7.86,
          43.33
        ]
      },
      "properties": {
        "temperature_2m": 22.7,
        "precipitation": 0.0,
        "cloud_cover": 0,
        "wind_speed_10m": 3.92,
        "last_updated": "2026-10-10T21:01:13Z"
      }
    },
    {
      "type": "Feature",
      "geometry": {
        "type": "Point",
        "coordinates": [
          8.11,
          43.33
        ]
      },
      "properties": {
        "temperature_2m": 22.6,
        "precipitation": 0.0,
        "cloud_cover": 0,
        "wind_speed_10m": 5.55,
        "last_updated": "2026-10-10T21:01:13Z"
      }
    },
    {
      "type": "Feature",
      "geometry": {
        "type": "Point",
        "coordinates": [
          8.3462,
          43.3199
        ]
      },
      "properties": {
        "temperature_2m": 21.9,
        "precipitation": 0.0,
        "cloud_cover": 1,
        "wind_speed_10m": 4.79,
        "last_updated": "2026-10-10T21:01:13Z"
      }
    },
    {
      "type": "Feature",
      "geometry": {
        "type": "Point",
        "coordinates": [
          8.5883,
          43.3042
        ]
      },
      "properties": {
        "temperature_2m": 21.9,
        "precipitation": 0.0,
        "cloud_cover": 2,
        "wind_speed_10m": 5.04,
        "last_updated": "2026-10-10T21:01:13Z"
      }
    },
    {
      "type": "Feature",
      "geometry": {
        "type": "Point",
        "coordinates": [
          8.8376,
          43.3452
        ]
      },
      "properties": {
        "temperature_2m": 21.9,
        "precipitation": 0.0,
        "cloud_cover": 1,
        "wind_speed_10m": 4.19,
        "last_updated": "2026-10-10T21:01:13Z"
      }
    },
    {
      "type": "Feature",
      "geometry": {
        "type": "Point",
        "coordinates": [
          9.0796,
          43.3285
        ]
      },
      "properties": {
        "temperature_2m": 21.8,
        "precipitation": 0.0,
        "cloud_cover": 8,
        "wind_speed_10m": 3.81,
        "last_updated": "2026-10-10T21:01:13Z"
      }
    },
    {
      "type": "Feature",
      "geometry": {
        "type": "Point",
        "coordinates": [
          9.3896,
          43.3306
        ]
      },
      "properties": {
        "temperature_2m": 21.9,
        "precipitation": 0.0,
        "cloud_cover": 7,
        "wind_speed_10m": 4.0,
        "last_updated": "2026-10-10T21:01:13Z"
      }
    },
    {
      "type": "Feature",
      "geometry": {
        "type": "Point",
        "coordinates": [
          9.6315,
          43.3129
        ]
      },
      "properties": {
        "temperature_2m": 21.8,
        "precipitation": 0.0,
        "cloud_cover": 17,
        "wind_speed_10m": 3.8,
        "last_updated": "2026-10-10T21:01:13Z"
      }
    },
    {
      "type": "Feature",
      "geometry": {
        "type": "Point",
        "coordinates": [
          -5.14,
          43.58
        ]
      },
      "properties": {
        "temperature_2m": 18.4,
        "precipitation": 0.0,
        "cloud_cover": 100,
        "wind_speed_10m": 2.16,
        "last_updated": "2026-10-10T21:01:13Z"
      }
    },
    {
      "type": "Feature",
      "geometry": {
        "type": "Point",
        "coordinates": [
          -4.89,
          43.58
        ]
      },
      "properties": {
        "temperature_2m": 18.6,
        "precipitation": 0.0,
        "cloud_cover": 100,
        "wind_speed_10m": 3.0,
        "last_updated": "2026-10-10T21:01:13Z"
      }
    },
    {
      "type": "Feature",
      "geometry": {
        "type": "Point",
        "coordinates": [
          -4.64,
          43.58
        ]
      },
      "properties": {
        "temperature_2m": 18.8,
        "precipitation": 0.1,
        "cloud_cover": 100,
        "wind_speed_10m": 4.21,
        "last_updated": "2026-10-10T21:01:13Z"
      }
    },
    {
      "type": "Feature",
      "geometry": {
        "type": "Point",
        "coordinates": [
          -4.39,
          43.58
        ]
      },
      "properties": {
        "temperature_2m": 18.8,
        "precipitation": 0.0,
        "cloud_cover": 100,
        "wind_speed_10m": 4.53,
        "last_updated": "2026-10-10T21:01:13Z"
      }
    },
    {
      "type": "Feature",
      "geometry": {
        "type": "Point",
        "coordinates": [
          -4.14,
          43.58
        ]
      },
      "properties": {
        "temperature_2m": 18.6,
        "precipitation": 0.0,
        "cloud_cover": 100,
        "wind_speed_10m": 3.8,
        "last_updated": "2026-10-10T21:01:13Z"
      }
    },
    {
      "type": "Feature",
      "geometry": {
        "type": "Point",
        "coordinates": [
          -3.89,
          43.58
        ]
      },
      "properties": {
        "temperature_2m": 18.4,
        "precipitation": 0.0,
        "cloud_cover": 100,
        "wind_speed_10m": 3.64,
        "last_updated": "2026-10-10T21:01:13Z"
      }
    },
    {
      "type": "Feature",
      "geometry": {
        "type": "Point",
        "coordinates": [
          -3.64,
          43.58
        ]
      },
      "properties": {
        "temperature_2m": 18.1,
        "precipitation": 0.1,
        "cloud_cover": 100,
        "wind_speed_10m": 4.21,
        "last_updated": "2026-10-10T21:01:13Z"
      }
    },
    {
      "type": "Feature",
      "geometry": {
        "type": "Point",
        "coordinates": [
          -3.39,
          43.58
        ]
      },
      "properties": {
        "temperature_2m": 18.8,
        "precipitation": 0.0,
        "cloud_cover": 100,
        "wind_speed_10m": 5.2,
        "last_updated": "2026-10-10T21:01:13Z"
      }
    },
    {
      "type": "Feature",
      "geometry": {
        "type": "Point",
        "coordinates": [
          -3.14,
          43.58
        ]
      },
      "properties": {
        "temperature_2m": 18.8,
        "precipitation": 0.1,
        "cloud_cover": 100,
        "wind_speed_10m": 5.27,
        "last_updated": "2026-10-10T21:01:13Z"
      }
    },
    {
      "type": "Feature",
      "geometry": {
        "type": "Point",
        "coordinates": [
          -2.89,
          43.58
        ]
      },
      "properties": {
        "temperature_2m": 19.1,
        "precipitation": 0.1,
        "cloud_cover": 100,
        "wind_speed_10m": 1.2,
        "last_updated": "2026-10-10T21:01:13Z"
      }
    },
    {
      "type": "Feature",
      "geometry": {
        "type": "Point",
        "coordinates": [
          -2.64,
          43.58
        ]
      },
      "properties": {
        "temperature_2m": 19.3,
        "precipitation": 0.0,
        "cloud_cover": 100,
        "wind_speed_10m": 3.98,
        "last_updated": "2026-10-10T21:01:13Z"
      }
    },
    {
      "type": "Feature",
      "geometry": {
        "type": "Point",
        "coordinates": [
          -2.39,
          43.58
        ]
      },
      "properties": {
        "temperature_2m": 19.3,
        "precipitation": 0.6,
        "cloud_cover": 95,
        "wind_speed_10m": 3.31,
        "last_updated": "2026-10-10T21:01:13Z"
      }
    },
    {
      "type": "Feature",
      "geometry": {
        "type": "Point",
        "coordinates": [
          -2.14,
          43.58
        ]
      },
      "properties": {
        "temperature_2m": 19.0,
        "precipitation": 0.0,
        "cloud_cover": 100,
        "wind_speed_10m": 5.31,
        "last_updated": "2026-10-10T21:01:13Z"
      }
    },
    {
      "type": "Feature",
      "geometry": {
        "type": "Point",
        "coordinates": [
          -1.89,
          43.58
        ]
      },
      "properties": {
        "temperature_2m": 18.7,
        "precipitation": 0.0,
        "cloud_cover": 65,
        "wind_speed_10m": 5.86,
        "last_updated": "2026-10-10T21:01:13Z"
      }
    },
    {
      "type": "Feature",
      "geometry": {
        "type": "Point",
        "coordinates": [
          -1.64,
          43.58
        ]
      },
      "properties": {
        "temperature_2m": 18.3,
        "precipitation": 0.0,
        "cloud_cover": 100,
        "wind_speed_10m": 5.27,
        "last_updated": "2026-10-10T21:01:13Z"
      }
    },
    {
      "type": "Feature",
      "geometry": {
        "type": "Point",
        "coordinates": [
          -1.39,
          43.58
        ]
      },
      "properties": {
        "temperature_2m": 16.0,
        "precipitation": 0.0,
        "cloud_cover": 100,
        "wind_speed_10m": 1.65,
        "last_updated": "2026-10-10T21:01:13Z"
      }
    },
    {
      "type": "Feature",
      "geometry": {
        "type": "Point",
        "coordinates": [
          -1.14,
          43.58
        ]
      },
      "properties": {
        "temperature_2m": 16.1,
        "precipitation": 0.0,
        "cloud_cover": 100,
        "wind_speed_10m": 3.31,
        "last_updated": "2026-10-10T21:01:13Z"
      }
    },
    {
      "type": "Feature",
      "geometry": {
        "type": "Point",
        "coordinates": [
          -0.89,
          43.58
        ]
      },
      "properties": {
        "temperature_2m": 15.9,
        "precipitation": 0.2,
        "cloud_cover": 100,
        "wind_speed_10m": 2.96,
        "last_updated": "2026-10-10T21:01:13Z"
      }
    },
    {
      "type": "Feature",
      "geometry": {
        "type": "Point",
        "coordinates": [
          -0.64,
          43.58
        ]
      },
      "properties": {
        "temperature_2m": 16.0,
        "precipitation": 0.0,
        "cloud_cover": 76,
        "wind_speed_10m": 2.64,
        "last_updated": "2026-10-10T21:01:13Z"
      }
    },
    {
      "type": "Feature",
      "geometry": {
        "type": "Point",
        "coordinates": [
          -0.3776,
          43.5592
        ]
      },
      "properties": {
        "temperature_2m": 16.5,
        "precipitation": 0.0,
        "cloud_cover": 100,
        "wind_speed_10m": 1.02,
        "last_updated": "2026-10-10T21:01:13Z"
      }
    },
    {
      "type": "Feature",
      "geometry": {
        "type": "Point",
        "coordinates": [
          -0.1279,
          43.5851
        ]
      },
      "properties": {
        "temperature_2m": 15.8,
        "precipitation": 0.0,
        "cloud_cover": 98,
        "wind_speed_10m": 1.71,
        "last_updated": "2026-10-10T21:01:13Z"
      }
    },
    {
      "type": "Feature",
      "geometry": {
        "type": "Point",
        "coordinates": [
          0.1026,
          43.5849
        ]
      },
      "properties": {
        "temperature_2m": 15.6,
        "precipitation": 0.0,
        "cloud_cover": 100,
        "wind_speed_10m": 1.3,
        "last_updated": "2026-10-10T21:01:13Z"
      }
    },
    {
      "type": "Feature",
      "geometry": {
        "type": "Point",
        "coordinates": [
          0.3716,
          43.5841
        ]
      },
      "properties": {
        "temperature_2m": 15.9,
        "precipitation": 0.0,
        "cloud_cover": 99,
        "wind_speed_10m": 2.31,
        "last_updated": "2026-10-10T21:01:13Z"
      }
    },
    {
      "type": "Feature",
      "geometry": {
        "type": "Point",
        "coordinates": [
          0.6021,
          43.5829
        ]
      },
      "properties": {
        "temperature_2m": 16.3,
        "precipitation": 0.0,
        "cloud_cover": 100,
        "wind_speed_10m": 2.32,
        "last_updated": "2026-10-10T21:01:13Z"
      }
    },
    {
      "type": "Feature",
      "geometry": {
        "type": "Point",
        "coordinates": [
          0.871,
          43.5811
        ]
      },
      "properties": {
        "temperature_2m": 16.5,
        "precipitation": 0.0,
        "cloud_cover": 100,
        "wind_speed_10m": 2.33,
        "last_updated": "2026-10-10T21:01:13Z"
      }
    },
    {
      "type": "Feature",
      "geometry": {
        "type": "Point",
        "coordinates": [
          1.1014,
          43.5791
        ]
      },
      "properties": {
        "temperature_2m": 16.3,
        "precipitation": 0.0,
        "cloud_cover": 100,
        "wind_speed_10m": 2.69,
        "last_updated": "2026-10-10T21:01:13Z"
      }
    },
    {
      "type": "Feature",
      "geometry": {
        "type": "Point",
        "coordinates": [
          1.3516,
          43.584
        ]
      },
      "properties": {
        "temperature_2m": 17.1,
        "precipitation": 0.0,
        "cloud_cover": 100,
        "wind_speed_10m": 2.48,
        "last_updated": "2026-10-10T21:01:13Z"
      }
    },
    {
      "type": "Feature",
      "geometry": {
        "type": "Point",
        "coordinates": [
          1.6205,
          43.5806
        ]
      },
      "properties": {
        "temperature_2m": 16.4,
        "precipitation": 0.0,
        "cloud_cover": 86,
        "wind_speed_10m": 3.25,
        "last_updated": "2026-10-10T21:01:13Z"
      }
    },
    {
      "type": "Feature",
      "geometry": {
        "type": "Point",
        "coordinates": [
          1.8509,
          43.5773
        ]
      },
      "properties": {
        "temperature_2m": 16.1,
        "precipitation": 0.0,
        "cloud_cover": 92,
        "wind_speed_10m": 3.48,
        "last_updated": "2026-10-10T21:01:13Z"
      }
    },
    {
      "type": "Feature",
      "geometry": {
        "type": "Point",
        "coordinates": [
          2.1198,
          43.5729
        ]
      },
      "properties": {
        "temperature_2m": 16.2,
        "precipitation": 0.0,
        "cloud_cover": 97,
        "wind_speed_10m": 2.5,
        "last_updated": "2026-10-10T21:01:13Z"
      }
    },
    {
      "type": "Feature",
      "geometry": {
        "type": "Point",
        "coordinates": [
          2.3508,
          43.587
        ]
      },
      "properties": {
        "temperature_2m": 14.7,
        "precipitation": 0.0,
        "cloud_cover": 100,
        "wind_speed_10m": 2.45,
        "last_updated": "2026-10-10T21:01:13Z"
      }
    },
    {
      "type": "Feature",
      "geometry": {
        "type": "Point",
        "coordinates": [
          2.6196,
          43.5816
        ]
      },
      "properties": {
        "temperature_2m": 12.1,
        "precipitation": 0.0,
        "cloud_cover": 95,
        "wind_speed_10m": 4.14,
        "last_updated": "2026-10-10T21:01:13Z"
      }
    },
    {
      "type": "Feature",
      "geometry": {
        "type": "Point",
        "coordinates": [
          2.87,
          43.5836
        ]
      },
      "properties": {
        "temperature_2m": 13.9,
        "precipitation": 0.0,
        "cloud_cover": 21,
        "wind_speed_10m": 7.54,
        "last_updated": "2026-10-10T21:01:13Z"
      }
    },
    {
      "type": "Feature",
      "geometry": {
        "type": "Point",
        "coordinates": [
          3.1004,
          43.5781
        ]
      },
      "properties": {
        "temperature_2m": 16.1,
        "precipitation": 0.0,
        "cloud_cover": 12,
        "wind_speed_10m": 0.81,
        "last_updated": "2026-10-10T21:01:13Z"
      }
    },
    {
      "type": "Feature",
      "geometry": {
        "type": "Point",
        "coordinates": [
          3.3691,
          43.5711
        ]
      },
      "properties": {
        "temperature_2m": 15.2,
        "precipitation": 0.0,
        "cloud_cover": 0,
        "wind_speed_10m": 2.28,
        "last_updated": "2026-10-10T21:01:13Z"
      }
    },
    {
      "type": "Feature",
      "geometry": {
        "type": "Point",
        "coordinates": [
          3.6004,
          43.5829
        ]
      },
      "properties": {
        "temperature_2m": 14.4,
        "precipitation": 0.0,
        "cloud_cover": 0,
        "wind_speed_10m": 2.71,
        "last_updated": "2026-10-10T21:01:13Z"
      }
    },
    {
      "type": "Feature",
      "geometry": {
        "type": "Point",
        "coordinates": [
          3.8509,
          43.5831
        ]
      },
      "properties": {
        "temperature_2m": 16.5,
        "precipitation": 0.0,
        "cloud_cover": 0,
        "wind_speed_10m": 3.14,
        "last_updated": "2026-10-10T21:01:13Z"
      }
    },
    {
      "type": "Feature",
      "geometry": {
        "type": "Point",
        "coordinates": [
          4.1196,
          43.5746
        ]
      },
      "properties": {
        "temperature_2m": 17.1,
        "precipitation": 0.0,
        "cloud_cover": 0,
        "wind_speed_10m": 3.86,
        "last_updated": "2026-10-10T21:01:13Z"
      }
    },
    {
      "type": "Feature",
      "geometry": {
        "type": "Point",
        "coordinates": [
          4.351,
          43.5851
        ]
      },
      "properties": {
        "temperature_2m": 15.7,
        "precipitation": 0.0,
        "cloud_cover": 0,
        "wind_speed_10m": 2.95,
        "last_updated": "2026-10-10T21:01:13Z"
      }
    },
    {
      "type": "Feature",
      "geometry": {
        "type": "Point",
        "coordinates": [
          4.6016,
          43.5838
        ]
      },
      "properties": {
        "temperature_2m": 16.8,
        "precipitation": 0.0,
        "cloud_cover": 0,
        "wind_speed_10m": 3.16,
        "last_updated": "2026-10-10T21:01:13Z"
      }
    },
    {
      "type": "Feature",
      "geometry": {
        "type": "Point",
        "coordinates": [
          4.8702,
          43.5737
        ]
      },
      "properties": {
        "temperature_2m": 15.8,
        "precipitation": 0.0,
        "cloud_cover": 0,
        "wind_speed_10m": 3.36,
        "last_updated": "2026-10-10T21:01:13Z"
      }
    },
    {
      "type": "Feature",
      "geometry": {
        "type": "Point",
        "coordinates": [
          5.1016,
          43.5829
        ]
      },
      "properties": {
        "temperature_2m": 16.7,
        "precipitation": 0.0,
        "cloud_cover": 0,
        "wind_speed_10m": 3.18,
        "last_updated": "2026-10-10T21:01:13Z"
      }
    },
    {
      "type": "Feature",
      "geometry": {
        "type": "Point",
        "coordinates": [
          5.3524,
          43.5801
        ]
      },
      "properties": {
        "temperature_2m": 15.5,
        "precipitation": 0.0,
        "cloud_cover": 0,
        "wind_speed_10m": 4.56,
        "last_updated": "2026-10-10T21:01:13Z"
      }
    },
    {
      "type": "Feature",
      "geometry": {
        "type": "Point",
        "coordinates": [
          5.6223,
          43.5867
        ]
      },
      "properties": {
        "temperature_2m": 14.6,
        "precipitation": 0.0,
        "cloud_cover": 0,
        "wind_speed_10m": 3.64,
        "last_updated": "2026-10-10T21:01:13Z"
      }
    },
    {
      "type": "Feature",
      "geometry": {
        "type": "Point",
        "coordinates": [
          5.8523,
          43.5764
        ]
      },
      "properties": {
        "temperature_2m": 14.7,
        "precipitation": 0.0,
        "cloud_cover": 0,
        "wind_speed_10m": 3.94,
        "last_updated": "2026-10-10T21:01:13Z"
      }
    },
    {
      "type": "Feature",
      "geometry": {
        "type": "Point",
        "coordinates": [
          6.1031,
          43.5722
        ]
      },
      "properties": {
        "temperature_2m": 14.5,
        "precipitation": 0.0,
        "cloud_cover": 0,
        "wind_speed_10m": 3.76,
        "last_updated": "2026-10-10T21:01:13Z"
      }
    },
    {
      "type": "Feature",
      "geometry": {
        "type": "Point",
        "coordinates": [
          6.3573,
          43.6037
        ]
      },
      "properties": {
        "temperature_2m": 13.5,
        "precipitation": 0.0,
        "cloud_cover": 0,
        "wind_speed_10m": 3.14,
        "last_updated": "2026-10-10T21:01:13Z"
      }
    },
    {
      "type": "Feature",
      "geometry": {
        "type": "Point",
        "coordinates": [
          6.6256,
          43.5901
        ]
      },
      "properties": {
        "temperature_2m": 13.6,
        "precipitation": 0.0,
        "cloud_cover": 0,
        "wind_speed_10m": 1.75,
        "last_updated": "2026-10-10T21:01:13Z"
      }
    },
    {
      "type": "Feature",
      "geometry": {
        "type": "Point",
        "coordinates": [
          6.86,
          43.58
        ]
      },
      "properties": {
        "temperature_2m": 14.6,
        "precipitation": 0.0,
        "cloud_cover": 0,
        "wind_speed_10m": 0.58,
        "last_updated": "2026-10-10T21:01:13Z"
      }
    },
    {
      "type": "Feature",
      "geometry": {
        "type": "Point",
        "coordinates": [
          7.11,
          43.58
        ]
      },
      "properties": {
        "temperature_2m": 18.1,
        "precipitation": 0.0,
        "cloud_cover": 0,
        "wind_speed_10m": 2.19,
        "last_updated": "2026-10-10T21:01:13Z"
      }
    },
    {
      "type": "Feature",
      "geometry": {
        "type": "Point",
        "coordinates": [
          7.36,
          43.58
        ]
      },
      "properties": {
        "temperature_2m": 21.9,
        "precipitation": 0.0,
        "cloud_cover": 0,
        "wind_speed_10m": 1.27,
        "last_updated": "2026-10-10T21:01:13Z"
      }
    },
    {
      "type": "Feature",
      "geometry": {
        "type": "Point",
        "coordinates": [
          7.61,
          43.58
        ]
      },
      "properties": {
        "temperature_2m": 22.1,
        "precipitation": 0.0,
        "cloud_cover": 0,
        "wind_speed_10m": 1.86,
        "last_updated": "2026-10-10T21:01:13Z"
      }
    },
    {
      "type": "Feature",
      "geometry": {
        "type": "Point",
        "coordinates": [
          7.86,
          43.58
        ]
      },
      "properties": {
        "temperature_2m": 22.2,
        "precipitation": 0.0,
        "cloud_cover": 0,
        "wind_speed_10m": 3.5,
        "last_updated": "2026-10-10T21:01:13Z"
      }
    },
    {
      "type": "Feature",
      "geometry": {
        "type": "Point",
        "coordinates": [
          8.11,
          43.58
        ]
      },
      "properties": {
        "temperature_2m": 22.3,
        "precipitation": 0.0,
        "cloud_cover": 0,
        "wind_speed_10m": 4.9,
        "last_updated": "2026-10-10T21:01:13Z"
      }
    },
    {
      "type": "Feature",
      "geometry": {
        "type": "Point",
        "coordinates": [
          8.3267,
          43.5662
        ]
      },
      "properties": {
        "temperature_2m": 21.7,
        "precipitation": 0.0,
        "cloud_cover": 16,
        "wind_speed_10m": 4.06,
        "last_updated": "2026-10-10T21:01:13Z"
      }
    },
    {
      "type": "Feature",
      "geometry": {
        "type": "Point",
        "coordinates": [
          8.5772,
          43.6075
        ]
      },
      "properties": {
        "temperature_2m": 21.7,
        "precipitation": 0.0,
        "cloud_cover": 13,
        "wind_speed_10m": 4.28,
        "last_updated": "2026-10-10T21:01:13Z"
      }
    },
    {
      "type": "Feature",
      "geometry": {
        "type": "Point",
        "coordinates": [
          8.8206,
          43.5913
        ]
      },
      "properties": {
        "temperature_2m": 21.8,
        "precipitation": 0.0,
        "cloud_cover": 0,
        "wind_speed_10m": 3.98,
        "last_updated": "2026-10-10T21:01:13Z"
      }
    },
    {
      "type": "Feature",
      "geometry": {
        "type": "Point",
        "coordinates": [
          9.1322,
          43.5939
        ]
      },
      "properties": {
        "temperature_2m": 21.9,
        "precipitation": 0.0,
        "cloud_cover": 20,
        "wind_speed_10m": 3.61,
        "last_updated": "2026-10-10T21:01:13Z"
      }
    },
    {
      "type": "Feature",
      "geometry": {
        "type": "Point",
        "coordinates": [
          9.3755,
          43.5766
        ]
      },
      "properties": {
        "temperature_2m": 21.9,
        "precipitation": 0.0,
        "cloud_cover": 34,
        "wind_speed_10m": 3.61,
        "last_updated": "2026-10-10T21:01:13Z"
      }
    },
    {
      "type": "Feature",
      "geometry": {
        "type": "Point",
        "coordinates": [
          9.6186,
          43.5589
        ]
      },
      "properties": {
        "temperature_2m": 21.9,
        "precipitation": 0.0,
        "cloud_cover": 47,
        "wind_speed_10m": 3.81,
        "last_updated": "2026-10-10T21:01:13Z"
      }
    },
    {
      "type": "Feature",
      "geometry": {
        "type": "Point",
        "coordinates": [
          -5.14,
          43.83
        ]
      },
      "properties": {
        "temperature_2m": 18.7,
        "precipitation": 0.4,
        "cloud_cover": 100,
        "wind_speed_10m": 2.2,
        "last_updated": "2026-10-10T21:01:13Z"
      }
    },
    {
      "type": "Feature",
      "geometry": {
        "type": "Point",
        "coordinates": [
          -4.89,
          43.83
        ]
      },
      "properties": {
        "temperature_2m": 19.3,
        "precipitation": 0.0,
        "cloud_cover": 100,
        "wind_speed_10m": 4.61,
        "last_updated": "2026-10-10T21:01:13Z"
      }
    },
    {
      "type": "Feature",
      "geometry": {
        "type": "Point",
        "coordinates": [
          -4.64,
          43.83
        ]
      },
      "properties": {
        "temperature_2m": 19.4,
        "precipitation": 0.0,
        "cloud_cover": 100,
        "wind_speed_10m": 3.23,
        "last_updated": "2026-10-10T21:01:13Z"
      }
    },
    {
      "type": "Feature",
      "geometry": {
        "type": "Point",
        "coordinates": [
          -4.39,
          43.83
        ]
      },
      "properties": {
        "temperature_2m": 19.4,
        "precipitation": 0.0,
        "cloud_cover": 100,
        "wind_speed_10m": 4.12,
        "last_updated": "2026-10-10T21:01:13Z"
      }
    },
    {
      "type": "Feature",
      "geometry": {
        "type": "Point",
        "coordinates": [
          -4.14,
          43.83
        ]
      },
      "properties": {
        "temperature_2m": 19.4,
        "precipitation": 0.0,
        "cloud_cover": 100,
        "wind_speed_10m": 3.86,
        "last_updated": "2026-10-10T21:01:13Z"
      }
    },
    {
      "type": "Feature",
      "geometry": {
        "type": "Point",
        "coordinates": [
          -3.89,
          43.83
        ]
      },
      "properties": {
        "temperature_2m": 19.2,
        "precipitation": 0.0,
        "cloud_cover": 100,
        "wind_speed_10m": 2.5,
        "last_updated": "2026-10-10T21:01:13Z"
      }
    },
    {
      "type": "Feature",
      "geometry": {
        "type": "Point",
        "coordinates": [
          -3.64,
          43.83
        ]
      },
      "properties": {
        "temperature_2m": 19.2,
        "precipitation": 0.0,
        "cloud_cover": 100,
        "wind_speed_10m": 3.05,
        "last_updated": "2026-10-10T21:01:13Z"
      }
    },
    {
      "type": "Feature",
      "geometry": {
        "type": "Point",
        "coordinates": [
          -3.39,
          43.83
        ]
      },
      "properties": {
        "temperature_2m": 19.3,
        "precipitation": 0.0,
        "cloud_cover": 100,
        "wind_speed_10m": 3.41,
        "last_updated": "2026-10-10T21:01:13Z"
      }
    },
    {
      "type": "Feature",
      "geometry": {
        "type": "Point",
        "coordinates": [
          -3.14,
          43.83
        ]
      },
      "properties": {
        "temperature_2m": 19.2,
        "precipitation": 0.0,
        "cloud_cover": 52,
        "wind_speed_10m": 3.83,
        "last_updated": "2026-10-10T21:01:13Z"
      }
    },
    {
      "type": "Feature",
      "geometry": {
        "type": "Point",
        "coordinates": [
          -2.89,
          43.83
        ]
      },
      "properties": {
        "temperature_2m": 19.1,
        "precipitation": 0.0,
        "cloud_cover": 95,
        "wind_speed_10m": 3.61,
        "last_updated": "2026-10-10T21:01:13Z"
      }
    },
    {
      "type": "Feature",
      "geometry": {
        "type": "Point",
        "coordinates": [
          -2.64,
          43.83
        ]
      },
      "properties": {
        "temperature_2m": 18.9,
        "precipitation": 0.0,
        "cloud_cover": 94,
        "wind_speed_10m": 3.01,
        "last_updated": "2026-10-10T21:01:13Z"
      }
    },
    {
      "type": "Feature",
      "geometry": {
        "type": "Point",
        "coordinates": [
          -2.39,
          43.83
        ]
      },
      "properties": {
        "temperature_2m": 18.7,
        "precipitation": 0.0,
        "cloud_cover": 84,
        "wind_speed_10m": 4.61,
        "last_updated": "2026-10-10T21:01:13Z"
      }
    },
    {
      "type": "Feature",
      "geometry": {
        "type": "Point",
        "coordinates": [
          -2.14,
          43.83
        ]
      },
      "properties": {
        "temperature_2m": 18.5,
        "precipitation": 0.0,
        "cloud_cover": 36,
        "wind_speed_10m": 4.82,
        "last_updated": "2026-10-10T21:01:13Z"
      }
    },
    {
      "type": "Feature",
      "geometry": {
        "type": "Point",
        "coordinates": [
          -1.89,
          43.83
        ]
      },
      "properties": {
        "temperature_2m": 18.2,
        "precipitation": 0.0,
        "cloud_cover": 23,
        "wind_speed_10m": 5.52,
        "last_updated": "2026-10-10T21:01:13Z"
      }
    },
    {
      "type": "Feature",
      "geometry": {
        "type": "Point",
        "coordinates": [
          -1.64,
          43.83
        ]
      },
      "properties": {
        "temperature_2m": 17.7,
        "precipitation": 0.0,
        "cloud_cover": 43,
        "wind_speed_10m": 5.24,
        "last_updated": "2026-10-10T21:01:13Z"
      }
    },
    {
      "type": "Feature",
      "geometry": {
        "type": "Point",
        "coordinates": [
          -1.39,
          43.83
        ]
      },
      "properties": {
        "temperature_2m": 15.3,
        "precipitation": 0.0,
        "cloud_cover": 79,
        "wind_speed_10m": 2.3,
        "last_updated": "2026-10-10T21:01:13Z"
      }
    },
    {
      "type": "Feature",
      "geometry": {
        "type": "Point",
        "coordinates": [
          -1.14,
          43.83
        ]
      },
      "properties": {
        "temperature_2m": 15.2,
        "precipitation": 0.0,
        "cloud_cover": 100,
        "wind_speed_10m": 2.06,
        "last_updated": "2026-10-10T21:01:13Z"
      }
    },
    {
      "type": "Feature",
      "geometry": {
        "type": "Point",
        "coordinates": [
          -0.89,
          43.83
        ]
      },
      "properties": {
        "temperature_2m": 15.8,
        "precipitation": 0.0,
        "cloud_cover": 100,
        "wind_speed_10m": 1.73,
        "last_updated": "2026-10-10T21:01:13Z"
      }
    },
    {
      "type": "Feature",
      "geometry": {
        "type": "Point",
        "coordinates": [
          -0.64,
          43.83
        ]
      },
      "properties": {
        "temperature_2m": 15.7,
        "precipitation": 0.0,
        "cloud_cover": 100,
        "wind_speed_10m": 2.12,
        "last_updated": "2026-10-10T21:01:13Z"
      }
    },
    {
      "type": "Feature",
      "geometry": {
        "type": "Point",
        "coordinates": [
          -0.397,
          43.8239
        ]
      },
      "properties": {
        "temperature_2m": 15.7,
        "precipitation": 0.0,
        "cloud_cover": 86,
        "wind_speed_10m": 2.05,
        "last_updated": "2026-10-10T21:01:13Z"
      }
    },
    {
      "type": "Feature",
      "geometry": {
        "type": "Point",
        "coordinates": [
          -0.1267,
          43.8242
        ]
      },
      "properties": {
        "temperature_2m": 16.1,
        "precipitation": 0.0,
        "cloud_cover": 88,
        "wind_speed_10m": 1.66,
        "last_updated": "2026-10-10T21:01:13Z"
      }
    },
    {
      "type": "Feature",
      "geometry": {
        "type": "Point",
        "coordinates": [
          0.105,
          43.8239
        ]
      },
      "properties": {
        "temperature_2m": 16.0,
        "precipitation": 0.0,
        "cloud_cover": 96,
        "wind_speed_10m": 1.39,
        "last_updated": "2026-10-10T21:01:13Z"
      }
    },
    {
      "type": "Feature",
      "geometry": {
        "type": "Point",
        "coordinates": [
          0.3752,
          43.8231
        ]
      },
      "properties": {
        "temperature_2m": 16.1,
        "precipitation": 0.0,
        "cloud_cover": 96,
        "wind_speed_10m": 0.81,
        "last_updated": "2026-10-10T21:01:13Z"
      }
    },
    {
      "type": "Feature",
      "geometry": {
        "type": "Point",
        "coordinates": [
          0.6069,
          43.8219
        ]
      },
      "properties": {
        "temperature_2m": 16.0,
        "precipitation": 0.0,
        "cloud_cover": 92,
        "wind_speed_10m": 1.78,
        "last_updated": "2026-10-10T21:01:13Z"
      }
    },
    {
      "type": "Feature",
      "geometry": {
        "type": "Point",
        "coordinates": [
          0.8774,
          43.8383
        ]
      },
      "properties": {
        "temperature_2m": 15.3,
        "precipitation": 0.0,
        "cloud_cover": 86,
        "wind_speed_10m": 2.9,
        "last_updated": "2026-10-10T21:01:13Z"
      }
    },
    {
      "type": "Feature",
      "geometry": {
        "type": "Point",
        "coordinates": [
          1.1091,
          43.8362
        ]
      },
      "properties": {
        "temperature_2m": 14.9,
        "precipitation": 0.0,
        "cloud_cover": 82,
        "wind_speed_10m": 2.73,
        "last_updated": "2026-10-10T21:01:13Z"
      }
    },
    {
      "type": "Feature",
      "geometry": {
        "type": "Point",
        "coordinates": [
          1.3605,
          43.8411
        ]
      },
      "properties": {
        "temperature_2m": 15.2,
        "precipitation": 0.0,
        "cloud_cover": 81,
        "wind_speed_10m": 3.18,
        "last_updated": "2026-10-10T21:01:13Z"
      }
    },
    {
      "type": "Feature",
      "geometry": {
        "type": "Point",
        "coordinates": [
          1.6109,
          43.8305
        ]
      },
      "properties": {
        "temperature_2m": 15.2,
        "precipitation": 0.0,
        "cloud_cover": 90,
        "wind_speed_10m": 3.26,
        "last_updated": "2026-10-10T21:01:13Z"
      }
    },
    {
      "type": "Feature",
      "geometry": {
        "type": "Point",
        "coordinates": [
          1.8625,
          43.8344
        ]
      },
      "properties": {
        "temperature_2m": 15.4,
        "precipitation": 0.0,
        "cloud_cover": 81,
        "wind_speed_10m": 2.25,
        "last_updated": "2026-10-10T21:01:13Z"
      }
    },
    {
      "type": "Feature",
      "geometry": {
        "type": "Point",
        "coordinates": [
          2.1127,
          43.8228
        ]
      },
      "properties": {
        "temperature_2m": 15.1,
        "precipitation": 0.0,
        "cloud_cover": 97,
        "wind_speed_10m": 2.47,
        "last_updated": "2026-10-10T21:01:13Z"
      }
    },
    {
      "type": "Feature",
      "geometry": {
        "type": "Point",
        "coordinates": [
          2.3643,
          43.8258
        ]
      },
      "properties": {
        "temperature_2m": 13.6,
        "precipitation": 0.0,
        "cloud_cover": 98,
        "wind_speed_10m": 2.33,
        "last_updated": "2026-10-10T21:01:13Z"
      }
    },
    {
      "type": "Feature",
      "geometry": {
        "type": "Point",
        "coordinates": [
          2.5966,
          43.8393
        ]
      },
      "properties": {
        "temperature_2m": 12.2,
        "precipitation": 0.0,
        "cloud_cover": 92,
        "wind_speed_10m": 4.74,
        "last_updated": "2026-10-10T21:01:13Z"
      }
    },
    {
      "type": "Feature",
      "geometry": {
        "type": "Point",
        "coordinates": [
          2.8667,
          43.8334
        ]
      },
      "properties": {
        "temperature_2m": 13.7,
        "precipitation": 0.0,
        "cloud_cover": 91,
        "wind_speed_10m": 4.72,
        "last_updated": "2026-10-10T21:01:13Z"
      }
    },
    {
      "type": "Feature",
      "geometry": {
        "type": "Point",
        "coordinates": [
          3.1185,
          43.8349
        ]
      },
      "properties": {
        "temperature_2m": 12.8,
        "precipitation": 0.0,
        "cloud_cover": 75,
        "wind_speed_10m": 5.24,
        "last_updated": "2026-10-10T21:01:13Z"
      }
    },
    {
      "type": "Feature",
      "geometry": {
        "type": "Point",
        "coordinates": [
          3.35,
          43.8289
        ]
      },
      "properties": {
        "temperature_2m": 11.6,
        "precipitation": 0.0,
        "cloud_cover": 79,
        "wind_speed_10m": 9.43,
        "last_updated": "2026-10-10T21:01:13Z"
      }
    },
    {
      "type": "Feature",
      "geometry": {
        "type": "Point",
        "coordinates": [
          3.62,
          43.8214
        ]
      },
      "properties": {
        "temperature_2m": 16.3,
        "precipitation": 0.0,
        "cloud_cover": 3,
        "wind_speed_10m": 2.96,
        "last_updated": "2026-10-10T21:01:13Z"
      }
    },
    {
      "type": "Feature",
      "geometry": {
        "type": "Point",
        "coordinates": [
          3.8525,
          43.8327
        ]
      },
      "properties": {
        "temperature_2m": 15.0,
        "precipitation": 0.0,
        "cloud_cover": 7,
        "wind_speed_10m": 0.42,
        "last_updated": "2026-10-10T21:01:13Z"
      }
    },
    {
      "type": "Feature",
      "geometry": {
        "type": "Point",
        "coordinates": [
          4.1044,
          43.8324
        ]
      },
      "properties": {
        "temperature_2m": 17.4,
        "precipitation": 0.0,
        "cloud_cover": 0,
        "wind_speed_10m": 2.06,
        "last_updated": "2026-10-10T21:01:13Z"
      }
    },
    {
      "type": "Feature",
      "geometry": {
        "type": "Point",
        "coordinates": [
          4.3744,
          43.8233
        ]
      },
      "properties": {
        "temperature_2m": 16.6,
        "precipitation": 0.0,
        "cloud_cover": 0,
        "wind_speed_10m": 3.08,
        "last_updated": "2026-10-10T21:01:13Z"
      }
    },
    {
      "type": "Feature",
      "geometry": {
        "type": "Point",
        "coordinates": [
          4.6069,
          43.8333
        ]
      },
      "properties": {
        "temperature_2m": 15.7,
        "precipitation": 0.0,
        "cloud_cover": 0,
        "wind_speed_10m": 1.96,
        "last_updated": "2026-10-10T21:01:13Z"
      }
    },
    {
      "type": "Feature",
      "geometry": {
        "type": "Point",
        "coordinates": [
          4.8589,
          43.8315
        ]
      },
      "properties": {
        "temperature_2m": 15.3,
        "precipitation": 0.0,
        "cloud_cover": 0,
        "wind_speed_10m": 2.97,
        "last_updated": "2026-10-10T21:01:13Z"
      }
    },
    {
      "type": "Feature",
      "geometry": {
        "type": "Point",
        "coordinates": [
          5.108,
          43.8142
        ]
      },
      "properties": {
        "temperature_2m": 13.7,
        "precipitation": 0.0,
        "cloud_cover": 0,
        "wind_speed_10m": 4.8,
        "last_updated": "2026-10-10T21:01:13Z"
      }
    },
    {
      "type": "Feature",
      "geometry": {
        "type": "Point",
        "coordinates": [
          5.3614,
          43.8295
        ]
      },
      "properties": {
        "temperature_2m": 13.9,
        "precipitation": 0.0,
        "cloud_cover": 0,
        "wind_speed_10m": 2.83,
        "last_updated": "2026-10-10T21:01:13Z"
      }
    },
    {
      "type": "Feature",
      "geometry": {
        "type": "Point",
        "coordinates": [
          5.6135,
          43.8262
        ]
      },
      "properties": {
        "temperature_2m": 13.7,
        "precipitation": 0.0,
        "cloud_cover": 0,
        "wind_speed_10m": 4.17,
        "last_updated": "2026-10-10T21:01:13Z"
      }
    },
    {
      "type": "Feature",
      "geometry": {
        "type": "Point",
        "coordinates": [
          5.8462,
          43.834
        ]
      },
      "properties": {
        "temperature_2m": 13.6,
        "precipitation": 0.0,
        "cloud_cover": 0,
        "wind_speed_10m": 1.2,
        "last_updated": "2026-10-10T21:01:13Z"
      }
    },
    {
      "type": "Feature",
      "geometry": {
        "type": "Point",
        "coordinates": [
          6.0983,
          43.8297
        ]
      },
      "properties": {
        "temperature_2m": 13.6,
        "precipitation": 0.0,
        "cloud_cover": 0,
        "wind_speed_10m": 3.96,
        "last_updated": "2026-10-10T21:01:13Z"
      }
    },
    {
      "type": "Feature",
      "geometry": {
        "type": "Point",
        "coordinates": [
          6.3696,
          43.8347
        ]
      },
      "properties": {
        "temperature_2m": 10.2,
        "precipitation": 0.0,
        "cloud_cover": 0,
        "wind_speed_10m": 5.03,
        "last_updated": "2026-10-10T21:01:13Z"
      }
    },
    {
      "type": "Feature",
      "geometry": {
        "type": "Point",
        "coordinates": [
          6.6218,
          43.8295
        ]
      },
      "properties": {
        "temperature_2m": 9.7,
        "precipitation": 0.0,
        "cloud_cover": 0,
        "wind_speed_10m": 2.2,
        "last_updated": "2026-10-10T21:01:13Z"
      }
    },
    {
      "type": "Feature",
      "geometry": {
        "type": "Point",
        "coordinates": [
          6.8546,
          43.8354
        ]
      },
      "properties": {
        "temperature_2m": 10.3,
        "precipitation": 0.0,
        "cloud_cover": 0,
        "wind_speed_10m": 2.83,
        "last_updated": "2026-10-10T21:01:13Z"
      }
    },
    {
      "type": "Feature",
      "geometry": {
        "type": "Point",
        "coordinates": [
          7.1068,
          43.8292
        ]
      },
      "properties": {
        "temperature_2m": 12.8,
        "precipitation": 0.0,
        "cloud_cover": 0,
        "wind_speed_10m": 2.38,
        "last_updated": "2026-10-10T21:01:13Z"
      }
    },
    {
      "type": "Feature",
      "geometry": {
        "type": "Point",
        "coordinates": [
          7.361,
          43.8406
        ]
      },
      "properties": {
        "temperature_2m": 13.8,
        "precipitation": 0.0,
        "cloud_cover": 0,
        "wind_speed_10m": 1.97,
        "last_updated": "2026-10-10T21:01:13Z"
      }
    },
    {
      "type": "Feature",
      "geometry": {
        "type": "Point",
        "coordinates": [
          7.609,
          43.8185
        ]
      },
      "properties": {
        "temperature_2m": 12.5,
        "precipitation": 0.0,
        "cloud_cover": 0,
        "wind_speed_10m": 2.1,
        "last_updated": "2026-10-10T21:01:13Z"
      }
    },
    {
      "type": "Feature",
      "geometry": {
        "type": "Point",
        "coordinates": [
          7.8847,
          43.8352
        ]
      },
      "properties": {
        "temperature_2m": 18.9,
        "precipitation": 0.0,
        "cloud_cover": 0,
        "wind_speed_10m": 2.45,
        "last_updated": "2026-10-10T21:01:13Z"
      }
    },
    {
      "type": "Feature",
      "geometry": {
        "type": "Point",
        "coordinates": [
          8.1154,
          43.8208
        ]
      },
      "properties": {
        "temperature_2m": 21.6,
        "precipitation": 0.0,
        "cloud_cover": 18,
        "wind_speed_10m": 3.55,
        "last_updated": "2026-10-10T21:01:13Z"
      }
    },
    {
      "type": "Feature",
      "geometry": {
        "type": "Point",
        "coordinates": [
          8.3699,
          43.8301
        ]
      },
      "properties": {
        "temperature_2m": 21.7,
        "precipitation": 0.0,
        "cloud_cover": 32,
        "wind_speed_10m": 4.55,
        "last_updated": "2026-10-10T21:01:13Z"
      }
    },
    {
      "type": "Feature",
      "geometry": {
        "type": "Point",
        "coordinates": [
          8.6028,
          43.8329
        ]
      },
      "properties": {
        "temperature_2m": 21.7,
        "precipitation": 0.0,
        "cloud_cover": 18,
        "wind_speed_10m": 4.47,
        "last_updated": "2026-10-10T21:01:13Z"
      }
    },
    {
      "type": "Feature",
      "geometry": {
        "type": "Point",
        "coordinates": [
          8.855,
          43.8233
        ]
      },
      "properties": {
        "temperature_2m": 21.9,
        "precipitation": 0.0,
        "cloud_cover": 24,
        "wind_speed_10m": 3.9,
        "last_updated": "2026-10-10T21:01:13Z"
      }
    },
    {
      "type": "Feature",
      "geometry": {
        "type": "Point",
        "coordinates": [
          9.1097,
          43.8312
        ]
      },
      "properties": {
        "temperature_2m": 21.9,
        "precipitation": 0.0,
        "cloud_cover": 32,
        "wind_speed_10m": 3.4,
        "last_updated": "2026-10-10T21:01:13Z"
      }
    },
    {
      "type": "Feature",
      "geometry": {
        "type": "Point",
        "coordinates": [
          9.3644,
          43.8385
        ]
      },
      "properties": {
        "temperature_2m": 22.1,
        "precipitation": 0.0,
        "cloud_cover": 34,
        "wind_speed_10m": 3.26,
        "last_updated": "2026-10-10T21:01:13Z"
      }
    },
    {
      "type": "Feature",
      "geometry": {
        "type": "Point",
        "coordinates": [
          9.5974,
          43.8394
        ]
      },
      "properties": {
        "temperature_2m": 22.1,
        "precipitation": 0.0,
        "cloud_cover": 32,
        "wind_speed_10m": 3.72,
        "last_updated": "2026-10-10T21:01:13Z"
      }
    },
    {
      "type": "Feature",
      "geometry": {
        "type": "Point",
        "coordinates": [
          -5.14,
          44.08
        ]
      },
      "properties": {
        "temperature_2m": 19.1,
        "precipitation": 0.0,
        "cloud_cover": 100,
        "wind_speed_10m": 3.94,
        "last_updated": "2026-10-10T21:01:13Z"
      }
    },
    {
      "type": "Feature",
      "geometry": {
        "type": "Point",
        "coordinates": [
          -4.89,
          44.08
        ]
      },
      "properties": {
        "temperature_2m": 19.2,
        "precipitation": 0.0,
        "cloud_cover": 100,
        "wind_speed_10m": 4.13,
        "last_updated": "2026-10-10T21:01:13Z"
      }
    },
    {
      "type": "Feature",
      "geometry": {
        "type": "Point",
        "coordinates": [
          -4.64,
          44.08
        ]
      },
      "properties": {
        "temperature_2m": 19.1,
        "precipitation": 0.0,
        "cloud_cover": 100,
        "wind_speed_10m": 4.44,
        "last_updated": "2026-10-10T21:01:13Z"
      }
    },
    {
      "type": "Feature",
      "geometry": {
        "type": "Point",
        "coordinates": [
          -4.39,
          44.08
        ]
      },
      "properties": {
        "temperature_2m": 19.1,
        "precipitation": 0.0,
        "cloud_cover": 100,
        "wind_speed_10m": 3.86,
        "last_updated": "2026-10-10T21:01:13Z"
      }
    },
    {
      "type": "Feature",
      "geometry": {
        "type": "Point",
        "coordinates": [
          -4.14,
          44.08
        ]
      },
      "properties": {
        "temperature_2m": 18.9,
        "precipitation": 0.0,
        "cloud_cover": 100,
        "wind_speed_10m": 3.05,
        "last_updated": "2026-10-10T21:01:13Z"
      }
    },
    {
      "type": "Feature",
      "geometry": {
        "type": "Point",
        "coordinates": [
          -3.89,
          44.08
        ]
      },
      "properties": {
        "temperature_2m": 18.7,
        "precipitation": 0.1,
        "cloud_cover": 100,
        "wind_speed_10m": 2.2,
        "last_updated": "2026-10-10T21:01:13Z"
      }
    },
    {
      "type": "Feature",
      "geometry": {
        "type": "Point",
        "coordinates": [
          -3.64,
          44.08
        ]
      },
      "properties": {
        "temperature_2m": 18.6,
        "precipitation": 0.3,
        "cloud_cover": 100,
        "wind_speed_10m": 3.64,
        "last_updated": "2026-10-10T21:01:13Z"
      }
    },
    {
      "type": "Feature",
      "geometry": {
        "type": "Point",
        "coordinates": [
          -3.39,
          44.08
        ]
      },
      "properties": {
        "temperature_2m": 18.9,
        "precipitation": 0.0,
        "cloud_cover": 100,
        "wind_speed_10m": 1.94,
        "last_updated": "2026-10-10T21:01:13Z"
      }
    },
    {
      "type": "Feature",
      "geometry": {
        "type": "Point",
        "coordinates": [
          -3.14,
          44.08
        ]
      },
      "properties": {
        "temperature_2m": 18.9,
        "precipitation": 0.0,
        "cloud_cover": 100,
        "wind_speed_10m": 0.67,
        "last_updated": "2026-10-10T21:01:13Z"
      }
    },
    {
      "type": "Feature",
      "geometry": {
        "type": "Point",
        "coordinates": [
          -2.89,
          44.08
        ]
      },
      "properties": {
        "temperature_2m": 18.6,
        "precipitation": 0.0,
        "cloud_cover": 100,
        "wind_speed_10m": 2.69,
        "last_updated": "2026-10-10T21:01:13Z"
      }
    },
    {
      "type": "Feature",
      "geometry": {
        "type": "Point",
        "coordinates": [
          -2.64,
          44.08
        ]
      },
      "properties": {
        "temperature_2m": 18.4,
        "precipitation": 0.0,
        "cloud_cover": 87,
        "wind_speed_10m": 2.91,
        "last_updated": "2026-10-10T21:01:13Z"
      }
    },
    {
      "type": "Feature",
      "geometry": {
        "type": "Point",
        "coordinates": [
          -2.39,
          44.08
        ]
      },
      "properties": {
        "temperature_2m": 18.2,
        "precipitation": 0.0,
        "cloud_cover": 95,
        "wind_speed_10m": 3.52,
        "last_updated": "2026-10-10T21:01:13Z"
      }
    },
    {
      "type": "Feature",
      "geometry": {
        "type": "Point",
        "coordinates": [
          -2.14,
          44.08
        ]
      },
      "properties": {
        "temperature_2m": 18.1,
        "precipitation": 0.0,
        "cloud_cover": 79,
        "wind_speed_10m": 3.47,
        "last_updated": "2026-10-10T21:01:13Z"
      }
    },
    {
      "type": "Feature",
      "geometry": {
        "type": "Point",
        "coordinates": [
          -1.89,
          44.08
        ]
      },
      "properties": {
        "temperature_2m": 17.9,
        "precipitation": 0.0,
        "cloud_cover": 62,
        "wind_speed_10m": 4.1,
        "last_updated": "2026-10-10T21:01:13Z"
      }
    },
    {
      "type": "Feature",
      "geometry": {
        "type": "Point",
        "coordinates": [
          -1.64,
          44.08
        ]
      },
      "properties": {
        "temperature_2m": 17.7,
        "precipitation": 0.0,
        "cloud_cover": 15,
        "wind_speed_10m": 4.72,
        "last_updated": "2026-10-10T21:01:13Z"
      }
    },
    {
      "type": "Feature",
      "geometry": {
        "type": "Point",
        "coordinates": [
          -1.39,
          44.08
        ]
      },
      "properties": {
        "temperature_2m": 16.9,
        "precipitation": 0.0,
        "cloud_cover": 27,
        "wind_speed_10m": 4.28,
        "last_updated": "2026-10-10T21:01:13Z"
      }
    },
    {
      "type": "Feature",
      "geometry": {
        "type": "Point",
        "coordinates": [
          -1.14,
          44.08
        ]
      },
      "properties": {
        "temperature_2m": 14.4,
        "precipitation": 0.0,
        "cloud_cover": 100,
        "wind_speed_10m": 1.24,
        "last_updated": "2026-10-10T21:01:13Z"
      }
    },
    {
      "type": "Feature",
      "geometry": {
        "type": "Point",
        "coordinates": [
          -0.89,
          44.08
        ]
      },
      "properties": {
        "temperature_2m": 14.1,
        "precipitation": 0.0,
        "cloud_cover": 99,
        "wind_speed_10m": 1.5,
        "last_updated": "2026-10-10T21:01:13Z"
      }
    },
    {
      "type": "Feature",
      "geometry": {
        "type": "Point",
        "coordinates": [
          -0.64,
          44.08
        ]
      },
      "properties": {
        "temperature_2m": 14.4,
        "precipitation": 0.0,
        "cloud_cover": 89,
        "wind_speed_10m": 1.55,
        "last_updated": "2026-10-10T21:01:13Z"
      }
    },
    {
      "type": "Feature",
      "geometry": {
        "type": "Point",
        "coordinates": [
          -0.3972,
          44.081
        ]
      },
      "properties": {
        "temperature_2m": 13.4,
        "precipitation": 0.0,
        "cloud_cover": 72,
        "wind_speed_10m": 1.64,
        "last_updated": "2026-10-10T21:01:13Z"
      }
    },
    {
      "type": "Feature",
      "geometry": {
        "type": "Point",
        "coordinates": [
          -0.1451,
          44.0737
        ]
      },
      "properties": {
        "temperature_2m": 14.1,
        "precipitation": 0.0,
        "cloud_cover": 83,
        "wind_speed_10m": 1.42,
        "last_updated": "2026-10-10T21:01:13Z"
      }
    },
    {
      "type": "Feature",
      "geometry": {
        "type": "Point",
        "coordinates": [
          0.1073,
          44.0809
        ]
      },
      "properties": {
        "temperature_2m": 14.5,
        "precipitation": 0.0,
        "cloud_cover": 90,
        "wind_speed_10m": 0.94,
        "last_updated": "2026-10-10T21:01:13Z"
      }
    },
    {
      "type": "Feature",
      "geometry": {
        "type": "Point",
        "coordinates": [
          0.3594,
          44.0726
        ]
      },
      "properties": {
        "temperature_2m": 15.2,
        "precipitation": 0.0,
        "cloud_cover": 93,
        "wind_speed_10m": 0.94,
        "last_updated": "2026-10-10T21:01:13Z"
      }
    },
    {
      "type": "Feature",
      "geometry": {
        "type": "Point",
        "coordinates": [
          0.6119,
          44.079
        ]
      },
      "properties": {
        "temperature_2m": 15.0,
        "precipitation": 0.0,
        "cloud_cover": 93,
        "wind_speed_10m": 1.91,
        "last_updated": "2026-10-10T21:01:13Z"
      }
    },
    {
      "type": "Feature",
      "geometry": {
        "type": "Point",
        "coordinates": [
          0.8638,
          44.0697
        ]
      },
      "properties": {
        "temperature_2m": 15.3,
        "precipitation": 0.0,
        "cloud_cover": 90,
        "wind_speed_10m": 2.33,
        "last_updated": "2026-10-10T21:01:13Z"
      }
    },
    {
      "type": "Feature",
      "geometry": {
        "type": "Point",
        "coordinates": [
          1.1164,
          44.0751
        ]
      },
      "properties": {
        "temperature_2m": 15.0,
        "precipitation": 0.0,
        "cloud_cover": 77,
        "wind_speed_10m": 2.0,
        "last_updated": "2026-10-10T21:01:13Z"
      }
    },
    {
      "type": "Feature",
      "geometry": {
        "type": "Point",
        "coordinates": [
          1.3492,
          44.0726
        ]
      },
      "properties": {
        "temperature_2m": 14.6,
        "precipitation": 0.0,
        "cloud_cover": 100,
        "wind_speed_10m": 1.9,
        "last_updated": "2026-10-10T21:01:13Z"
      }
    },
    {
      "type": "Feature",
      "geometry": {
        "type": "Point",
        "coordinates": [
          1.6213,
          44.0874
        ]
      },
      "properties": {
        "temperature_2m": 14.5,
        "precipitation": 0.0,
        "cloud_cover": 96,
        "wind_speed_10m": 1.3,
        "last_updated": "2026-10-10T21:01:13Z"
      }
    },
    {
      "type": "Feature",
      "geometry": {
        "type": "Point",
        "coordinates": [
          1.8541,
          44.084
        ]
      },
      "properties": {
        "temperature_2m": 13.6,
        "precipitation": 0.0,
        "cloud_cover": 61,
        "wind_speed_10m": 3.5,
        "last_updated": "2026-10-10T21:01:13Z"
      }
    },
    {
      "type": "Feature",
      "geometry": {
        "type": "Point",
        "coordinates": [
          2.107,
          44.0875
        ]
      },
      "properties": {
        "temperature_2m": 13.8,
        "precipitation": 0.0,
        "cloud_cover": 79,
        "wind_speed_10m": 1.8,
        "last_updated": "2026-10-10T21:01:13Z"
      }
    },
    {
      "type": "Feature",
      "geometry": {
        "type": "Point",
        "coordinates": [
          2.3584,
          44.0754
        ]
      },
      "properties": {
        "temperature_2m": 13.0,
        "precipitation": 0.0,
        "cloud_cover": 90,
        "wind_speed_10m": 3.88,
        "last_updated": "2026-10-10T21:01:13Z"
      }
    },
    {
      "type": "Feature",
      "geometry": {
        "type": "Point",
        "coordinates": [
          2.6114,
          44.0779
        ]
      },
      "properties": {
        "temperature_2m": 11.9,
        "precipitation": 0.0,
        "cloud_cover": 83,
        "wind_speed_10m": 3.61,
        "last_updated": "2026-10-10T21:01:13Z"
      }
    },
    {
      "type": "Feature",
      "geometry": {
        "type": "Point",
        "coordinates": [
          2.8441,
          44.0728
        ]
      },
      "properties": {
        "temperature_2m": 13.2,
        "precipitation": 0.0,
        "cloud_cover": 46,
        "wind_speed_10m": 4.16,
        "last_updated": "2026-10-10T21:01:13Z"
      }
    },
    {
      "type": "Feature",
      "geometry": {
        "type": "Point",
        "coordinates": [
          3.1164,
          44.0844
        ]
      },
      "properties": {
        "temperature_2m": 11.9,
        "precipitation": 0.0,
        "cloud_cover": 88,
        "wind_speed_10m": 2.47,
        "last_updated": "2026-10-10T21:01:13Z"
      }
    },
    {
      "type": "Feature",
      "geometry": {
        "type": "Point",
        "coordinates": [
          3.3491,
          44.0785
        ]
      },
      "properties": {
        "temperature_2m": 12.4,
        "precipitation": 0.0,
        "cloud_cover": 81,
        "wind_speed_10m": 3.41,
        "last_updated": "2026-10-10T21:01:13Z"
      }
    },
    {
      "type": "Feature",
      "geometry": {
        "type": "Point",
        "coordinates": [
          3.642,
          44.096
        ]
      },
      "properties": {
        "temperature_2m": 14.7,
        "precipitation": 0.0,
        "cloud_cover": 51,
        "wind_speed_10m": 4.88,
        "last_updated": "2026-10-10T21:01:13Z"
      }
    },
    {
      "type": "Feature",
      "geometry": {
        "type": "Point",
        "coordinates": [
          3.8736,
          44.071
        ]
      },
      "properties": {
        "temperature_2m": 13.9,
        "precipitation": 0.0,
        "cloud_cover": 13,
        "wind_speed_10m": 3.28,
        "last_updated": "2026-10-10T21:01:13Z"
      }
    },
    {
      "type": "Feature",
      "geometry": {
        "type": "Point",
        "coordinates": [
          4.1073,
          44.0818
        ]
      },
      "properties": {
        "temperature_2m": 13.3,
        "precipitation": 0.0,
        "cloud_cover": 0,
        "wind_speed_10m": 0.63,
        "last_updated": "2026-10-10T21:01:13Z"
      }
    },
    {
      "type": "Feature",
      "geometry": {
        "type": "Point",
        "coordinates": [
          4.3605,
          44.0809
        ]
      },
      "properties": {
        "temperature_2m": 15.5,
        "precipitation": 0.0,
        "cloud_cover": 0,
        "wind_speed_10m": 2.63,
        "last_updated": "2026-10-10T21:01:13Z"
      }
    },
    {
      "type": "Feature",
      "geometry": {
        "type": "Point",
        "coordinates": [
          4.5931,
          44.0727
        ]
      },
      "properties": {
        "temperature_2m": 15.1,
        "precipitation": 0.0,
        "cloud_cover": 0,
        "wind_speed_10m": 1.14,
        "last_updated": "2026-10-10T21:01:13Z"
      }
    },
    {
      "type": "Feature",
      "geometry": {
        "type": "Point",
        "coordinates": [
          4.8656,
          44.0808
        ]
      },
      "properties": {
        "temperature_2m": 15.6,
        "precipitation": 0.0,
        "cloud_cover": 0,
        "wind_speed_10m": 4.48,
        "last_updated": "2026-10-10T21:01:13Z"
      }
    },
    {
      "type": "Feature",
      "geometry": {
        "type": "Point",
        "coordinates": [
          5.1189,
          44.0784
        ]
      },
      "properties": {
        "temperature_2m": 15.5,
        "precipitation": 0.0,
        "cloud_cover": 0,
        "wind_speed_10m": 1.98,
        "last_updated": "2026-10-10T21:01:13Z"
      }
    },
    {
      "type": "Feature",
      "geometry": {
        "type": "Point",
        "coordinates": [
          5.3528,
          44.087
        ]
      },
      "properties": {
        "temperature_2m": 11.0,
        "precipitation": 0.0,
        "cloud_cover": 0,
        "wind_speed_10m": 1.22,
        "last_updated": "2026-10-10T21:01:13Z"
      }
    },
    {
      "type": "Feature",
      "geometry": {
        "type": "Point",
        "coordinates": [
          5.6062,
          44.0837
        ]
      },
      "properties": {
        "temperature_2m": 10.4,
        "precipitation": 0.0,
        "cloud_cover": 0,
        "wind_speed_10m": 5.11,
        "last_updated": "2026-10-10T21:01:13Z"
      }
    },
    {
      "type": "Feature",
      "geometry": {
        "type": "Point",
        "coordinates": [
          5.8999,
          44.0962
        ]
      },
      "properties": {
        "temperature_2m": 13.6,
        "precipitation": 0.0,
        "cloud_cover": 0,
        "wind_speed_10m": 9.76,
        "last_updated": "2026-10-10T21:01:13Z"
      }
    },
    {
      "type": "Feature",
      "geometry": {
        "type": "Point",
        "coordinates": [
          6.1112,
          44.0787
        ]
      },
      "properties": {
        "temperature_2m": 15.4,
        "precipitation": 0.0,
        "cloud_cover": 0,
        "wind_speed_10m": 3.61,
        "last_updated": "2026-10-10T21:01:13Z"
      }
    },
    {
      "type": "Feature",
      "geometry": {
        "type": "Point",
        "coordinates": [
          6.3435,
          44.0674
        ]
      },
      "properties": {
        "temperature_2m": 10.4,
        "precipitation": 0.0,
        "cloud_cover": 0,
        "wind_speed_10m": 3.44,
        "last_updated": "2026-10-10T21:01:13Z"
      }
    },
    {
      "type": "Feature",
      "geometry": {
        "type": "Point",
        "coordinates": [
          6.5986,
          44.0802
        ]
      },
      "properties": {
        "temperature_2m": 9.0,
        "precipitation": 0.0,
        "cloud_cover": 0,
        "wind_speed_10m": 3.3,
        "last_updated": "2026-10-10T21:01:13Z"
      }
    },
    {
      "type": "Feature",
      "geometry": {
        "type": "Point",
        "coordinates": [
          6.8521,
          44.0745
        ]
      },
      "properties": {
        "temperature_2m": 8.7,
        "precipitation": 0.0,
        "cloud_cover": 0,
        "wind_speed_10m": 0.2,
        "last_updated": "2026-10-10T21:01:13Z"
      }
    },
    {
      "type": "Feature",
      "geometry": {
        "type": "Point",
        "coordinates": [
          7.1229,
          44.0597
        ]
      },
      "properties": {
        "temperature_2m": 11.1,
        "precipitation": 0.0,
        "cloud_cover": 0,
        "wind_speed_10m": 0.58,
        "last_updated": "2026-10-10T21:01:13Z"
      }
    },
    {
      "type": "Feature",
      "geometry": {
        "type": "Point",
        "coordinates": [
          7.3416,
          44.0912
        ]
      },
      "properties": {
        "temperature_2m": 5.8,
        "precipitation": 0.0,
        "cloud_cover": 0,
        "wind_speed_10m": 2.55,
        "last_updated": "2026-10-10T21:01:13Z"
      }
    },
    {
      "type": "Feature",
      "geometry": {
        "type": "Point",
        "coordinates": [
          7.6338,
          44.0818
        ]
      },
      "properties": {
        "temperature_2m": 9.6,
        "precipitation": 0.0,
        "cloud_cover": 3,
        "wind_speed_10m": 2.62,
        "last_updated": "2026-10-10T21:01:13Z"
      }
    },
    {
      "type": "Feature",
      "geometry": {
        "type": "Point",
        "coordinates": [
          7.8679,
          44.0858
        ]
      },
      "properties": {
        "temperature_2m": 13.7,
        "precipitation": 0.0,
        "cloud_cover": 0,
        "wind_speed_10m": 3.05,
        "last_updated": "2026-10-10T21:01:13Z"
      }
    },
    {
      "type": "Feature",
      "geometry": {
        "type": "Point",
        "coordinates": [
          8.0828,
          44.08
        ]
      },
      "properties": {
        "temperature_2m": 14.8,
        "precipitation": 0.0,
        "cloud_cover": 0,
        "wind_speed_10m": 1.91,
        "last_updated": "2026-10-10T21:01:13Z"
      }
    },
    {
      "type": "Feature",
      "geometry": {
        "type": "Point",
        "coordinates": [
          8.3556,
          44.0807
        ]
      },
      "properties": {
        "temperature_2m": 21.3,
        "precipitation": 0.0,
        "cloud_cover": 0,
        "wind_speed_10m": 0.94,
        "last_updated": "2026-10-10T21:01:13Z"
      }
    },
    {
      "type": "Feature",
      "geometry": {
        "type": "Point",
        "coordinates": [
          8.6091,
          44.0715
        ]
      },
      "properties": {
        "temperature_2m": 21.8,
        "precipitation": 0.0,
        "cloud_cover": 54,
        "wind_speed_10m": 4.02,
        "last_updated": "2026-10-10T21:01:13Z"
      }
    },
    {
      "type": "Feature",
      "geometry": {
        "type": "Point",
        "coordinates": [
          8.865,
          44.0798
        ]
      },
      "properties": {
        "temperature_2m": 21.8,
        "precipitation": 0.0,
        "cloud_cover": 53,
        "wind_speed_10m": 3.29,
        "last_updated": "2026-10-10T21:01:13Z"
      }
    },
    {
      "type": "Feature",
      "geometry": {
        "type": "Point",
        "coordinates": [
          9.0991,
          44.0815
        ]
      },
      "properties": {
        "temperature_2m": 22.1,
        "precipitation": 0.0,
        "cloud_cover": 70,
        "wind_speed_10m": 2.2,
        "last_updated": "2026-10-10T21:01:13Z"
      }
    },
    {
      "type": "Feature",
      "geometry": {
        "type": "Point",
        "coordinates": [
          9.3552,
          44.0888
        ]
      },
      "properties": {
        "temperature_2m": 22.0,
        "precipitation": 0.0,
        "cloud_cover": 11,
        "wind_speed_10m": 2.11,
        "last_updated": "2026-10-10T21:01:13Z"
      }
    },
    {
      "type": "Feature",
      "geometry": {
        "type": "Point",
        "coordinates": [
          9.6088,
          44.0776
        ]
      },
      "properties": {
        "temperature_2m": 22.0,
        "precipitation": 0.0,
        "cloud_cover": 81,
        "wind_speed_10m": 3.49,
        "last_updated": "2026-10-10T21:01:13Z"
      }
    },
    {
      "type": "Feature",
      "geometry": {
        "type": "Point",
        "coordinates": [
          -5.14,
          44.33
        ]
      },
      "properties": {
        "temperature_2m": 18.8,
        "precipitation": 0.0,
        "cloud_cover": 100,
        "wind_speed_10m": 3.1,
        "last_updated": "2026-10-10T21:01:13Z"
      }
    },
    {
      "type": "Feature",
      "geometry": {
        "type": "Point",
        "coordinates": [
          -4.89,
          44.33
        ]
      },
      "properties": {
        "temperature_2m": 18.9,
        "precipitation": 0.0,
        "cloud_cover": 100,
        "wind_speed_10m": 3.94,
        "last_updated": "2026-10-10T21:01:13Z"
      }
    },
    {
      "type": "Feature",
      "geometry": {
        "type": "Point",
        "coordinates": [
          -4.64,
          44.33
        ]
      },
      "properties": {
        "temperature_2m": 18.8,
        "precipitation": 0.0,
        "cloud_cover": 100,
        "wind_speed_10m": 3.08,
        "last_updated": "2026-10-10T21:01:13Z"
      }
    },
    {
      "type": "Feature",
      "geometry": {
        "type": "Point",
        "coordinates": [
          -4.39,
          44.33
        ]
      },
      "properties": {
        "temperature_2m": 18.8,
        "precipitation": 0.0,
        "cloud_cover": 100,
        "wind_speed_10m": 2.97,
        "last_updated": "2026-10-10T21:01:13Z"
      }
    },
    {
      "type": "Feature",
      "geometry": {
        "type": "Point",
        "coordinates": [
          -4.14,
          44.33
        ]
      },
      "properties": {
        "temperature_2m": 18.7,
        "precipitation": 0.0,
        "cloud_cover": 100,
        "wind_speed_10m": 2.75,
        "last_updated": "2026-10-10T21:01:13Z"
      }
    },
    {
      "type": "Feature",
      "geometry": {
        "type": "Point",
        "coordinates": [
          -3.89,
          44.33
        ]
      },
      "properties": {
        "temperature_2m": 18.6,
        "precipitation": 0.0,
        "cloud_cover": 100,
        "wind_speed_10m": 1.56,
        "last_updated": "2026-10-10T21:01:13Z"
      }
    },
    {
      "type": "Feature",
      "geometry": {
        "type": "Point",
        "coordinates": [
          -3.64,
          44.33
        ]
      },
      "properties": {
        "temperature_2m": 18.6,
        "precipitation": 0.0,
        "cloud_cover": 100,
        "wind_speed_10m": 1.36,
        "last_updated": "2026-10-10T21:01:13Z"
      }
    },
    {
      "type": "Feature",
      "geometry": {
        "type": "Point",
        "coordinates": [
          -3.39,
          44.33
        ]
      },
      "properties": {
        "temperature_2m": 18.3,
        "precipitation": 0.0,
        "cloud_cover": 100,
        "wind_speed_10m": 3.67,
        "last_updated": "2026-10-10T21:01:13Z"
      }
    },
    {
      "type": "Feature",
      "geometry": {
        "type": "Point",
        "coordinates": [
          -3.14,
          44.33
        ]
      },
      "properties": {
        "temperature_2m": 18.2,
        "precipitation": 0.0,
        "cloud_cover": 100,
        "wind_speed_10m": 3.33,
        "last_updated": "2026-10-10T21:01:13Z"
      }
    },
    {
      "type": "Feature",
      "geometry": {
        "type": "Point",
        "coordinates": [
          -2.89,
          44.33
        ]
      },
      "properties": {
        "temperature_2m": 18.2,
        "precipitation": 0.0,
        "cloud_cover": 100,
        "wind_speed_10m": 4.25,
        "last_updated": "2026-10-10T21:01:13Z"
      }
    },
    {
      "type": "Feature",
      "geometry": {
        "type": "Point",
        "coordinates": [
          -2.64,
          44.33
        ]
      },
      "properties": {
        "temperature_2m": 18.1,
        "precipitation": 0.0,
        "cloud_cover": 100,
        "wind_speed_10m": 3.22,
        "last_updated": "2026-10-10T21:01:13Z"
      }
    },
    {
      "type": "Feature",
      "geometry": {
        "type": "Point",
        "coordinates": [
          -2.39,
          44.33
        ]
      },
      "properties": {
        "temperature_2m": 17.9,
        "precipitation": 0.0,
        "cloud_cover": 100,
        "wind_speed_10m": 3.34,
        "last_updated": "2026-10-10T21:01:13Z"
      }
    },
    {
      "type": "Feature",
      "geometry": {
        "type": "Point",
        "coordinates": [
          -2.14,
          44.33
        ]
      },
      "properties": {
        "temperature_2m": 17.8,
        "precipitation": 0.0,
        "cloud_cover": 100,
        "wind_speed_10m": 3.92,
        "last_updated": "2026-10-10T21:01:13Z"
      }
    },
    {
      "type": "Feature",
      "geometry": {
        "type": "Point",
        "coordinates": [
          -1.89,
          44.33
        ]
      },
      "properties": {
        "temperature_2m": 17.6,
        "precipitation": 0.0,
        "cloud_cover": 100,
        "wind_speed_10m": 4.02,
        "last_updated": "2026-10-10T21:01:13Z"
      }
    },
    {
      "type": "Feature",
      "geometry": {
        "type": "Point",
        "coordinates": [
          -1.64,
          44.33
        ]
      },
      "properties": {
        "temperature_2m": 17.3,
        "precipitation": 0.0,
        "cloud_cover": 99,
        "wind_speed_10m": 3.64,
        "last_updated": "2026-10-10T21:01:13Z"
      }
    },
    {
      "type": "Feature",
      "geometry": {
        "type": "Point",
        "coordinates": [
          -1.39,
          44.33
        ]
      },
      "properties": {
        "temperature_2m": 17.0,
        "precipitation": 0.0,
        "cloud_cover": 100,
        "wind_speed_10m": 4.1,
        "last_updated": "2026-10-10T21:01:13Z"
      }
    },
    {
      "type": "Feature",
      "geometry": {
        "type": "Point",
        "coordinates": [
          -1.14,
          44.33
        ]
      },
      "properties": {
        "temperature_2m": 14.8,
        "precipitation": 0.0,
        "cloud_cover": 100,
        "wind_speed_10m": 2.55,
        "last_updated": "2026-10-10T21:01:13Z"
      }
    },
    {
      "type": "Feature",
      "geometry": {
        "type": "Point",
        "coordinates": [
          -0.89,
          44.33
        ]
      },
      "properties": {
        "temperature_2m": 13.3,
        "precipitation": 0.0,
        "cloud_cover": 100,
        "wind_speed_10m": 1.3,
        "last_updated": "2026-10-10T21:01:13Z"
      }
    },
    {
      "type": "Feature",
      "geometry": {
        "type": "Point",
        "coordinates": [
          -0.64,
          44.33
        ]
      },
      "properties": {
        "temperature_2m": 13.0,
        "precipitation": 0.0,
        "cloud_cover": 100,
        "wind_speed_10m": 0.98,
        "last_updated": "2026-10-10T21:01:13Z"
      }
    },
    {
      "type": "Feature",
      "geometry": {
        "type": "Point",
        "coordinates": [
          -0.378,
          44.3303
        ]
      },
      "properties": {
        "temperature_2m": 12.6,
        "precipitation": 0.0,
        "cloud_cover": 91,
        "wind_speed_10m": 1.58,
        "last_updated": "2026-10-10T21:01:13Z"
      }
    },
    {
      "type": "Feature",
      "geometry": {
        "type": "Point",
        "coordinates": [
          -0.144,
          44.3305
        ]
      },
      "properties": {
        "temperature_2m": 13.5,
        "precipitation": 0.0,
        "cloud_cover": 86,
        "wind_speed_10m": 1.42,
        "last_updated": "2026-10-10T21:01:13Z"
      }
    },
    {
      "type": "Feature",
      "geometry": {
        "type": "Point",
        "coordinates": [
          0.1097,
          44.3378
        ]
      },
      "properties": {
        "temperature_2m": 13.7,
        "precipitation": 0.0,
        "cloud_cover": 98,
        "wind_speed_10m": 0.92,
        "last_updated": "2026-10-10T21:01:13Z"
      }
    },
    {
      "type": "Feature",
      "geometry": {
        "type": "Point",
        "coordinates": [
          0.3631,
          44.3295
        ]
      },
      "properties": {
        "temperature_2m": 13.1,
        "precipitation": 0.0,
        "cloud_cover": 80,
        "wind_speed_10m": 1.22,
        "last_updated": "2026-10-10T21:01:13Z"
      }
    },
    {
      "type": "Feature",
      "geometry": {
        "type": "Point",
        "coordinates": [
          0.617,
          44.3358
        ]
      },
      "properties": {
        "temperature_2m": 12.2,
        "precipitation": 0.0,
        "cloud_cover": 62,
        "wind_speed_10m": 1.48,
        "last_updated": "2026-10-10T21:01:13Z"
      }
    },
    {
      "type": "Feature",
      "geometry": {
        "type": "Point",
        "coordinates": [
          0.8511,
          44.3342
        ]
      },
      "properties": {
        "temperature_2m": 12.4,
        "precipitation": 0.0,
        "cloud_cover": 45,
        "wind_speed_10m": 2.28,
        "last_updated": "2026-10-10T21:01:13Z"
      }
    },
    {
      "type": "Feature",
      "geometry": {
        "type": "Point",
        "coordinates": [
          1.1042,
          44.3245
        ]
      },
      "properties": {
        "temperature_2m": 12.6,
        "precipitation": 0.0,
        "cloud_cover": 4,
        "wind_speed_10m": 2.77,
        "last_updated": "2026-10-10T21:01:13Z"
      }
    },
    {
      "type": "Feature",
      "geometry": {
        "type": "Point",
        "coordinates": [
          1.3582,
          44.3294
        ]
      },
      "properties": {
        "temperature_2m": 12.9,
        "precipitation": 0.0,
        "cloud_cover": 39,
        "wind_speed_10m": 2.47,
        "last_updated": "2026-10-10T21:01:13Z"
      }
    },
    {
      "type": "Feature",
      "geometry": {
        "type": "Point",
        "coordinates": [
          1.6112,
          44.3187
        ]
      },
      "properties": {
        "temperature_2m": 12.7,
        "precipitation": 0.0,
        "cloud_cover": 79,
        "wind_speed_10m": 1.82,
        "last_updated": "2026-10-10T21:01:13Z"
      }
    },
    {
      "type": "Feature",
      "geometry": {
        "type": "Point",
        "coordinates": [
          1.8652,
          44.3226
        ]
      },
      "properties": {
        "temperature_2m": 12.5,
        "precipitation": 0.0,
        "cloud_cover": 39,
        "wind_speed_10m": 1.75,
        "last_updated": "2026-10-10T21:01:13Z"
      }
    },
    {
      "type": "Feature",
      "geometry": {
        "type": "Point",
        "coordinates": [
          2.0998,
          44.3369
        ]
      },
      "properties": {
        "temperature_2m": 11.9,
        "precipitation": 0.0,
        "cloud_cover": 87,
        "wind_speed_10m": 2.39,
        "last_updated": "2026-10-10T21:01:13Z"
      }
    },
    {
      "type": "Feature",
      "geometry": {
        "type": "Point",
        "coordinates": [
          2.3728,
          44.332
        ]
      },
      "properties": {
        "temperature_2m": 11.4,
        "precipitation": 0.0,
        "cloud_cover": 76,
        "wind_speed_10m": 3.55,
        "last_updated": "2026-10-10T21:01:13Z"
      }
    },
    {
      "type": "Feature",
      "geometry": {
        "type": "Point",
        "coordinates": [
          2.6067,
          44.3273
        ]
      },
      "properties": {
        "temperature_2m": 11.8,
        "precipitation": 0.0,
        "cloud_cover": 85,
        "wind_speed_10m": 3.14,
        "last_updated": "2026-10-10T21:01:13Z"
      }
    },
    {
      "type": "Feature",
      "geometry": {
        "type": "Point",
        "coordinates": [
          2.861,
          44.3293
        ]
      },
      "properties": {
        "temperature_2m": 10.5,
        "precipitation": 0.0,
        "cloud_cover": 98,
        "wind_speed_10m": 3.4,
        "last_updated": "2026-10-10T21:01:13Z"
      }
    },
    {
      "type": "Feature",
      "geometry": {
        "type": "Point",
        "coordinates": [
          3.0949,
          44.3238
        ]
      },
      "properties": {
        "temperature_2m": 11.3,
        "precipitation": 0.0,
        "cloud_cover": 86,
        "wind_speed_10m": 4.59,
        "last_updated": "2026-10-10T21:01:13Z"
      }
    },
    {
      "type": "Feature",
      "geometry": {
        "type": "Point",
        "coordinates": [
          3.3687,
          44.3348
        ]
      },
      "properties": {
        "temperature_2m": 11.4,
        "precipitation": 0.0,
        "cloud_cover": 80,
        "wind_speed_10m": 1.9,
        "last_updated": "2026-10-10T21:01:13Z"
      }
    },
    {
      "type": "Feature",
      "geometry": {
        "type": "Point",
        "coordinates": [
          3.6416,
          44.3272
        ]
      },
      "properties": {
        "temperature_2m": 10.6,
        "precipitation": 0.0,
        "cloud_cover": 66,
        "wind_speed_10m": 2.97,
        "last_updated": "2026-10-10T21:01:13Z"
      }
    },
    {
      "type": "Feature",
      "geometry": {
        "type": "Point",
        "coordinates": [
          3.857,
          44.3285
        ]
      },
      "properties": {
        "temperature_2m": 11.6,
        "precipitation": 0.0,
        "cloud_cover": 43,
        "wind_speed_10m": 9.12,
        "last_updated": "2026-10-10T21:01:13Z"
      }
    },
    {
      "type": "Feature",
      "geometry": {
        "type": "Point",
        "coordinates": [
          4.092,
          44.3392
        ]
      },
      "properties": {
        "temperature_2m": 14.4,
        "precipitation": 0.0,
        "cloud_cover": 10,
        "wind_speed_10m": 1.84,
        "last_updated": "2026-10-10T21:01:13Z"
      }
    },
    {
      "type": "Feature",
      "geometry": {
        "type": "Point",
        "coordinates": [
          4.3647,
          44.3301
        ]
      },
      "properties": {
        "temperature_2m": 13.8,
        "precipitation": 0.0,
        "cloud_cover": 0,
        "wind_speed_10m": 2.42,
        "last_updated": "2026-10-10T21:01:13Z"
      }
    },
    {
      "type": "Feature",
      "geometry": {
        "type": "Point",
        "coordinates": [
          4.6193,
          44.3287
        ]
      },
      "properties": {
        "temperature_2m": 16.1,
        "precipitation": 0.0,
        "cloud_cover": 0,
        "wind_speed_10m": 3.93,
        "last_updated": "2026-10-10T21:01:13Z"
      }
    },
    {
      "type": "Feature",
      "geometry": {
        "type": "Point",
        "coordinates": [
          4.8543,
          44.3381
        ]
      },
      "properties": {
        "temperature_2m": 15.9,
        "precipitation": 0.0,
        "cloud_cover": 0,
        "wind_speed_10m": 4.22,
        "last_updated": "2026-10-10T21:01:13Z"
      }
    },
    {
      "type": "Feature",
      "geometry": {
        "type": "Point",
        "coordinates": [
          5.109,
          44.3357
        ]
      },
      "properties": {
        "temperature_2m": 14.1,
        "precipitation": 0.0,
        "cloud_cover": 0,
        "wind_speed_10m": 0.92,
        "last_updated": "2026-10-10T21:01:13Z"
      }
    },
    {
      "type": "Feature",
      "geometry": {
        "type": "Point",
        "coordinates": [
          5.3427,
          44.3262
        ]
      },
      "properties": {
        "temperature_2m": 11.1,
        "precipitation": 0.0,
        "cloud_cover": 0,
        "wind_speed_10m": 1.39,
        "last_updated": "2026-10-10T21:01:13Z"
      }
    },
    {
      "type": "Feature",
      "geometry": {
        "type": "Point",
        "coordinates": [
          5.6167,
          44.3326
        ]
      },
      "properties": {
        "temperature_2m": 10.1,
        "precipitation": 0.0,
        "cloud_cover": 0,
        "wind_speed_10m": 3.4,
        "last_updated": "2026-10-10T21:01:13Z"
      }
    },
    {
      "type": "Feature",
      "geometry": {
        "type": "Point",
        "coordinates": [
          5.8714,
          44.3287
        ]
      },
      "properties": {
        "temperature_2m": 12.7,
        "precipitation": 0.0,
        "cloud_cover": 0,
        "wind_speed_10m": 2.06,
        "last_updated": "2026-10-10T21:01:13Z"
      }
    },
    {
      "type": "Feature",
      "geometry": {
        "type": "Point",
        "coordinates": [
          6.1226,
          44.3094
        ]
      },
      "properties": {
        "temperature_2m": 10.2,
        "precipitation": 0.0,
        "cloud_cover": 0,
        "wind_speed_10m": 1.78,
        "last_updated": "2026-10-10T21:01:13Z"
      }
    },
    {
      "type": "Feature",
      "geometry": {
        "type": "Point",
        "coordinates": [
          6.3614,
          44.331
        ]
      },
      "properties": {
        "temperature_2m": 7.6,
        "precipitation": 0.0,
        "cloud_cover": 0,
        "wind_speed_10m": 1.03,
        "last_updated": "2026-10-10T21:01:13Z"
      }
    },
    {
      "type": "Feature",
      "geometry": {
        "type": "Point",
        "coordinates": [
          6.6198,
          44.3617
        ]
      },
      "properties": {
        "temperature_2m": 7.1,
        "precipitation": 0.0,
        "cloud_cover": 40,
        "wind_speed_10m": 2.09,
        "last_updated": "2026-10-10T21:01:13Z"
      }
    },
    {
      "type": "Feature",
      "geometry": {
        "type": "Point",
        "coordinates": [
          6.8514,
          44.3315
        ]
      },
      "properties": {
        "temperature_2m": 4.5,
        "precipitation": 0.0,
        "cloud_cover": 0,
        "wind_speed_10m": 3.8,
        "last_updated": "2026-10-10T21:01:13Z"
      }
    },
    {
      "type": "Feature",
      "geometry": {
        "type": "Point",
        "coordinates": [
          7.1237,
          44.3167
        ]
      },
      "properties": {
        "temperature_2m": 7.1,
        "precipitation": 0.0,
        "cloud_cover": 0,
        "wind_speed_10m": 3.33,
        "last_updated": "2026-10-10T21:01:13Z"
      }
    },
    {
      "type": "Feature",
      "geometry": {
        "type": "Point",
        "coordinates": [
          7.3415,
          44.3301
        ]
      },
      "properties": {
        "temperature_2m": 10.6,
        "precipitation": 0.0,
        "cloud_cover": 0,
        "wind_speed_10m": 1.34,
        "last_updated": "2026-10-10T21:01:13Z"
      }
    },
    {
      "type": "Feature",
      "geometry": {
        "type": "Point",
        "coordinates": [
          7.6157,
          44.3322
        ]
      },
      "properties": {
        "temperature_2m": 12.8,
        "precipitation": 0.0,
        "cloud_cover": 0,
        "wind_speed_10m": 1.49,
        "last_updated": "2026-10-10T21:01:13Z"
      }
    },
    {
      "type": "Feature",
      "geometry": {
        "type": "Point",
        "coordinates": [
          7.8338,
          44.3448
        ]
      },
      "properties": {
        "temperature_2m": 10.9,
        "precipitation": 0.0,
        "cloud_cover": 0,
        "wind_speed_10m": 2.28,
        "last_updated": "2026-10-10T21:01:13Z"
      }
    },
    {
      "type": "Feature",
      "geometry": {
        "type": "Point",
        "coordinates": [
          8.1059,
          44.3279
        ]
      },
      "properties": {
        "temperature_2m": 12.0,
        "precipitation": 0.0,
        "cloud_cover": 0,
        "wind_speed_10m": 0.86,
        "last_updated": "2026-10-10T21:01:13Z"
      }
    },
    {
      "type": "Feature",
      "geometry": {
        "type": "Point",
        "coordinates": [
          8.363,
          44.3371
        ]
      },
      "properties": {
        "temperature_2m": 12.3,
        "precipitation": 0.0,
        "cloud_cover": 0,
        "wind_speed_10m": 2.16,
        "last_updated": "2026-10-10T21:01:13Z"
      }
    },
    {
      "type": "Feature",
      "geometry": {
        "type": "Point",
        "coordinates": [
          8.6179,
          44.3279
        ]
      },
      "properties": {
        "temperature_2m": 21.8,
        "precipitation": 0.0,
        "cloud_cover": 0,
        "wind_speed_10m": 1.94,
        "last_updated": "2026-10-10T21:01:13Z"
      }
    },
    {
      "type": "Feature",
      "geometry": {
        "type": "Point",
        "coordinates": [
          8.8532,
          44.33
        ]
      },
      "properties": {
        "temperature_2m": 22.2,
        "precipitation": 0.0,
        "cloud_cover": 83,
        "wind_speed_10m": 0.5,
        "last_updated": "2026-10-10T21:01:13Z"
      }
    },
    {
      "type": "Feature",
      "geometry": {
        "type": "Point",
        "coordinates": [
          9.1105,
          44.3377
        ]
      },
      "properties": {
        "temperature_2m": 20.1,
        "precipitation": 0.0,
        "cloud_cover": 26,
        "wind_speed_10m": 3.56,
        "last_updated": "2026-10-10T21:01:13Z"
      }
    },
    {
      "type": "Feature",
      "geometry": {
        "type": "Point",
        "coordinates": [
          9.3434,
          44.321
        ]
      },
      "properties": {
        "temperature_2m": 16.9,
        "precipitation": 0.0,
        "cloud_cover": 44,
        "wind_speed_10m": 2.37,
        "last_updated": "2026-10-10T21:01:13Z"
      }
    },
    {
      "type": "Feature",
      "geometry": {
        "type": "Point",
        "coordinates": [
          9.6008,
          44.3277
        ]
      },
      "properties": {
        "temperature_2m": 11.6,
        "precipitation": 0.0,
        "cloud_cover": 74,
        "wind_speed_10m": 0.14,
        "last_updated": "2026-10-10T21:01:13Z"
      }
    },
    {
      "type": "Feature",
      "geometry": {
        "type": "Point",
        "coordinates": [
          -5.14,
          44.58
        ]
      },
      "properties": {
        "temperature_2m": 18.6,
        "precipitation": 0.0,
        "cloud_cover": 100,
        "wind_speed_10m": 1.96,
        "last_updated": "2026-10-10T21:01:13Z"
      }
    },
    {
      "type": "Feature",
      "geometry": {
        "type": "Point",
        "coordinates": [
          -4.89,
          44.58
        ]
      },
      "properties": {
        "temperature_2m": 18.6,
        "precipitation": 0.0,
        "cloud_cover": 100,
        "wind_speed_10m": 1.89,
        "last_updated": "2026-10-10T21:01:13Z"
      }
    },
    {
      "type": "Feature",
      "geometry": {
        "type": "Point",
        "coordinates": [
          -4.64,
          44.58
        ]
      },
      "properties": {
        "temperature_2m": 18.6,
        "precipitation": 0.0,
        "cloud_cover": 100,
        "wind_speed_10m": 2.2,
        "last_updated": "2026-10-10T21:01:13Z"
      }
    },
    {
      "type": "Feature",
      "geometry": {
        "type": "Point",
        "coordinates": [
          -4.39,
          44.58
        ]
      },
      "properties": {
        "temperature_2m": 18.7,
        "precipitation": 0.0,
        "cloud_cover": 100,
        "wind_speed_10m": 2.31,
        "last_updated": "2026-10-10T21:01:13Z"
      }
    },
    {
      "type": "Feature",
      "geometry": {
        "type": "Point",
        "coordinates": [
          -4.14,
          44.58
        ]
      },
      "properties": {
        "temperature_2m": 18.5,
        "precipitation": 0.0,
        "cloud_cover": 100,
        "wind_speed_10m": 1.91,
        "last_updated": "2026-10-10T21:01:13Z"
      }
    },
    {
      "type": "Feature",
      "geometry": {
        "type": "Point",
        "coordinates": [
          -3.89,
          44.58
        ]
      },
      "properties": {
        "temperature_2m": 18.5,
        "precipitation": 0.0,
        "cloud_cover": 82,
        "wind_speed_10m": 2.11,
        "last_updated": "2026-10-10T21:01:13Z"
      }
    },
    {
      "type": "Feature",
      "geometry": {
        "type": "Point",
        "coordinates": [
          -3.64,
          44.58
        ]
      },
      "properties": {
        "temperature_2m": 18.5,
        "precipitation": 0.0,
        "cloud_cover": 71,
        "wind_speed_10m": 2.6,
        "last_updated": "2026-10-10T21:01:13Z"
      }
    },
    {
      "type": "Feature",
      "geometry": {
        "type": "Point",
        "coordinates": [
          -3.39,
          44.58
        ]
      },
      "properties": {
        "temperature_2m": 18.2,
        "precipitation": 0.0,
        "cloud_cover": 100,
        "wind_speed_10m": 3.08,
        "last_updated": "2026-10-10T21:01:13Z"
      }
    },
    {
      "type": "Feature",
      "geometry": {
        "type": "Point",
        "coordinates": [
          -3.14,
          44.58
        ]
      },
      "properties": {
        "temperature_2m": 17.9,
        "precipitation": 0.0,
        "cloud_cover": 100,
        "wind_speed_10m": 3.61,
        "last_updated": "2026-10-10T21:01:13Z"
      }
    },
    {
      "type": "Feature",
      "geometry": {
        "type": "Point",
        "coordinates": [
          -2.89,
          44.58
        ]
      },
      "properties": {
        "temperature_2m": 17.8,
        "precipitation": 0.0,
        "cloud_cover": 100,
        "wind_speed_10m": 2.86,
        "last_updated": "2026-10-10T21:01:13Z"
      }
    },
    {
      "type": "Feature",
      "geometry": {
        "type": "Point",
        "coordinates": [
          -2.64,
          44.58
        ]
      },
      "properties": {
        "temperature_2m": 17.8,
        "precipitation": 0.0,
        "cloud_cover": 100,
        "wind_speed_10m": 2.64,
        "last_updated": "2026-10-10T21:01:13Z"
      }
    },
    {
      "type": "Feature",
      "geometry": {
        "type": "Point",
        "coordinates": [
          -2.39,
          44.58
        ]
      },
      "properties": {
        "temperature_2m": 17.6,
        "precipitation": 0.0,
        "cloud_cover": 100,
        "wind_speed_10m": 3.7,
        "last_updated": "2026-10-10T21:01:13Z"
      }
    },
    {
      "type": "Feature",
      "geometry": {
        "type": "Point",
        "coordinates": [
          -2.14,
          44.58
        ]
      },
      "properties": {
        "temperature_2m": 17.5,
        "precipitation": 0.0,
        "cloud_cover": 100,
        "wind_speed_10m": 3.18,
        "last_updated": "2026-10-10T21:01:13Z"
      }
    },
    {
      "type": "Feature",
      "geometry": {
        "type": "Point",
        "coordinates": [
          -1.89,
          44.58
        ]
      },
      "properties": {
        "temperature_2m": 17.4,
        "precipitation": 0.0,
        "cloud_cover": 100,
        "wind_speed_10m": 3.71,
        "last_updated": "2026-10-10T21:01:13Z"
      }
    },
    {
      "type": "Feature",
      "geometry": {
        "type": "Point",
        "coordinates": [
          -1.64,
          44.58
        ]
      },
      "properties": {
        "temperature_2m": 17.2,
        "precipitation": 0.0,
        "cloud_cover": 100,
        "wind_speed_10m": 3.5,
        "last_updated": "2026-10-10T21:01:13Z"
      }
    },
    {
      "type": "Feature",
      "geometry": {
        "type": "Point",
        "coordinates": [
          -1.39,
          44.58
        ]
      },
      "properties": {
        "temperature_2m": 16.8,
        "precipitation": 0.0,
        "cloud_cover": 100,
        "wind_speed_10m": 4.13,
        "last_updated": "2026-10-10T21:01:13Z"
      }
    },
    {
      "type": "Feature",
      "geometry": {
        "type": "Point",
        "coordinates": [
          -1.14,
          44.58
        ]
      },
      "properties": {
        "temperature_2m": 13.3,
        "precipitation": 0.0,
        "cloud_cover": 100,
        "wind_speed_10m": 0.86,
        "last_updated": "2026-10-10T21:01:13Z"
      }
    },
    {
      "type": "Feature",
      "geometry": {
        "type": "Point",
        "coordinates": [
          -0.89,
          44.58
        ]
      },
      "properties": {
        "temperature_2m": 13.2,
        "precipitation": 0.0,
        "cloud_cover": 100,
        "wind_speed_10m": 0.51,
        "last_updated": "2026-10-10T21:01:13Z"
      }
    },
    {
      "type": "Feature",
      "geometry": {
        "type": "Point",
        "coordinates": [
          -0.64,
          44.58
        ]
      },
      "properties": {
        "temperature_2m": 12.8,
        "precipitation": 0.0,
        "cloud_cover": 100,
        "wind_speed_10m": 1.56,
        "last_updated": "2026-10-10T21:01:13Z"
      }
    },
    {
      "type": "Feature",
      "geometry": {
        "type": "Point",
        "coordinates": [
          -0.3782,
          44.587
        ]
      },
      "properties": {
        "temperature_2m": 11.1,
        "precipitation": 0.0,
        "cloud_cover": 100,
        "wind_speed_10m": 1.53,
        "last_updated": "2026-10-10T21:01:13Z"
      }
    },
    {
      "type": "Feature",
      "geometry": {
        "type": "Point",
        "coordinates": [
          -0.1429,
          44.5871
        ]
      },
      "properties": {
        "temperature_2m": 12.1,
        "precipitation": 0.0,
        "cloud_cover": 36,
        "wind_speed_10m": 1.28,
        "last_updated": "2026-10-10T21:01:13Z"
      }
    },
    {
      "type": "Feature",
      "geometry": {
        "type": "Point",
        "coordinates": [
          0.0924,
          44.5869
        ]
      },
      "properties": {
        "temperature_2m": 12.1,
        "precipitation": 0.0,
        "cloud_cover": 91,
        "wind_speed_10m": 1.63,
        "last_updated": "2026-10-10T21:01:13Z"
      }
    },
    {
      "type": "Feature",
      "geometry": {
        "type": "Point",
        "coordinates": [
          0.3669,
          44.5861
        ]
      },
      "properties": {
        "temperature_2m": 11.2,
        "precipitation": 0.0,
        "cloud_cover": 27,
        "wind_speed_10m": 0.82,
        "last_updated": "2026-10-10T21:01:13Z"
      }
    },
    {
      "type": "Feature",
      "geometry": {
        "type": "Point",
        "coordinates": [
          0.6022,
          44.585
        ]
      },
      "properties": {
        "temperature_2m": 11.3,
        "precipitation": 0.0,
        "cloud_cover": 32,
        "wind_speed_10m": 0.94,
        "last_updated": "2026-10-10T21:01:13Z"
      }
    },
    {
      "type": "Feature",
      "geometry": {
        "type": "Point",
        "coordinates": [
          0.8575,
          44.5909
        ]
      },
      "properties": {
        "temperature_2m": 10.9,
        "precipitation": 0.0,
        "cloud_cover": 48,
        "wind_speed_10m": 1.21,
        "last_updated": "2026-10-10T21:01:13Z"
      }
    },
    {
      "type": "Feature",
      "geometry": {
        "type": "Point",
        "coordinates": [
          1.112,
          44.5811
        ]
      },
      "properties": {
        "temperature_2m": 11.8,
        "precipitation": 0.0,
        "cloud_cover": 67,
        "wind_speed_10m": 1.35,
        "last_updated": "2026-10-10T21:01:13Z"
      }
    },
    {
      "type": "Feature",
      "geometry": {
        "type": "Point",
        "coordinates": [
          1.3673,
          44.586
        ]
      },
      "properties": {
        "temperature_2m": 12.2,
        "precipitation": 0.0,
        "cloud_cover": 57,
        "wind_speed_10m": 1.8,
        "last_updated": "2026-10-10T21:01:13Z"
      }
    },
    {
      "type": "Feature",
      "geometry": {
        "type": "Point",
        "coordinates": [
          1.6026,
          44.5831
        ]
      },
      "properties": {
        "temperature_2m": 12.2,
        "precipitation": 0.0,
        "cloud_cover": 53,
        "wind_speed_10m": 1.98,
        "last_updated": "2026-10-10T21:01:13Z"
      }
    },
    {
      "type": "Feature",
      "geometry": {
        "type": "Point",
        "coordinates": [
          1.8568,
          44.5719
        ]
      },
      "properties": {
        "temperature_2m": 12.9,
        "precipitation": 0.0,
        "cloud_cover": 87,
        "wind_speed_10m": 2.06,
        "last_updated": "2026-10-10T21:01:13Z"
      }
    },
    {
      "type": "Feature",
      "geometry": {
        "type": "Point",
        "coordinates": [
          2.1123,
          44.5753
        ]
      },
      "properties": {
        "temperature_2m": 13.3,
        "precipitation": 0.0,
        "cloud_cover": 96,
        "wind_speed_10m": 0.8,
        "last_updated": "2026-10-10T21:01:13Z"
      }
    },
    {
      "type": "Feature",
      "geometry": {
        "type": "Point",
        "coordinates": [
          2.3481,
          44.5891
        ]
      },
      "properties": {
        "temperature_2m": 12.1,
        "precipitation": 0.0,
        "cloud_cover": 86,
        "wind_speed_10m": 1.99,
        "last_updated": "2026-10-10T21:01:13Z"
      }
    },
    {
      "type": "Feature",
      "geometry": {
        "type": "Point",
        "coordinates": [
          2.5833,
          44.5845
        ]
      },
      "properties": {
        "temperature_2m": 11.0,
        "precipitation": 0.0,
        "cloud_cover": 69,
        "wind_speed_10m": 2.64,
        "last_updated": "2026-10-10T21:01:13Z"
      }
    },
    {
      "type": "Feature",
      "geometry": {
        "type": "Point",
        "coordinates": [
          2.8577,
          44.5785
        ]
      },
      "properties": {
        "temperature_2m": 9.9,
        "precipitation": 0.0,
        "cloud_cover": 63,
        "wind_speed_10m": 2.88,
        "last_updated": "2026-10-10T21:01:13Z"
      }
    },
    {
      "type": "Feature",
      "geometry": {
        "type": "Point",
        "coordinates": [
          3.1133,
          44.58
        ]
      },
      "properties": {
        "temperature_2m": 7.1,
        "precipitation": 0.0,
        "cloud_cover": 97,
        "wind_speed_10m": 5.86,
        "last_updated": "2026-10-10T21:01:13Z"
      }
    },
    {
      "type": "Feature",
      "geometry": {
        "type": "Point",
        "coordinates": [
          3.3484,
          44.574
        ]
      },
      "properties": {
        "temperature_2m": 10.0,
        "precipitation": 0.0,
        "cloud_cover": 62,
        "wind_speed_10m": 1.92,
        "last_updated": "2026-10-10T21:01:13Z"
      }
    },
    {
      "type": "Feature",
      "geometry": {
        "type": "Point",
        "coordinates": [
          3.6237,
          44.5845
        ]
      },
      "properties": {
        "temperature_2m": 7.7,
        "precipitation": 0.0,
        "cloud_cover": 31,
        "wind_speed_10m": 3.06,
        "last_updated": "2026-10-10T21:01:13Z"
      }
    },
    {
      "type": "Feature",
      "geometry": {
        "type": "Point",
        "coordinates": [
          3.8587,
          44.5775
        ]
      },
      "properties": {
        "temperature_2m": 8.0,
        "precipitation": 0.0,
        "cloud_cover": 37,
        "wind_speed_10m": 4.05,
        "last_updated": "2026-10-10T21:01:13Z"
      }
    },
    {
      "type": "Feature",
      "geometry": {
        "type": "Point",
        "coordinates": [
          4.1365,
          44.602
        ]
      },
      "properties": {
        "temperature_2m": 10.7,
        "precipitation": 0.0,
        "cloud_cover": 20,
        "wind_speed_10m": 3.92,
        "last_updated": "2026-10-10T21:01:13Z"
      }
    },
    {
      "type": "Feature",
      "geometry": {
        "type": "Point",
        "coordinates": [
          4.3508,
          44.5873
        ]
      },
      "properties": {
        "temperature_2m": 14.4,
        "precipitation": 0.0,
        "cloud_cover": 0,
        "wind_speed_10m": 1.92,
        "last_updated": "2026-10-10T21:01:13Z"
      }
    },
    {
      "type": "Feature",
      "geometry": {
        "type": "Point",
        "coordinates": [
          4.6067,
          44.5859
        ]
      },
      "properties": {
        "temperature_2m": 14.8,
        "precipitation": 0.0,
        "cloud_cover": 13,
        "wind_speed_10m": 4.59,
        "last_updated": "2026-10-10T21:01:13Z"
      }
    },
    {
      "type": "Feature",
      "geometry": {
        "type": "Point",
        "coordinates": [
          4.8598,
          44.5689
        ]
      },
      "properties": {
        "temperature_2m": 15.0,
        "precipitation": 0.0,
        "cloud_cover": 3,
        "wind_speed_10m": 3.06,
        "last_updated": "2026-10-10T21:01:13Z"
      }
    },
    {
      "type": "Feature",
      "geometry": {
        "type": "Point",
        "coordinates": [
          5.1171,
          44.5846
        ]
      },
      "properties": {
        "temperature_2m": 11.9,
        "precipitation": 0.0,
        "cloud_cover": 17,
        "wind_speed_10m": 4.52,
        "last_updated": "2026-10-10T21:01:13Z"
      }
    },
    {
      "type": "Feature",
      "geometry": {
        "type": "Point",
        "coordinates": [
          5.3731,
          44.5817
        ]
      },
      "properties": {
        "temperature_2m": 8.6,
        "precipitation": 0.0,
        "cloud_cover": 0,
        "wind_speed_10m": 4.88,
        "last_updated": "2026-10-10T21:01:13Z"
      }
    },
    {
      "type": "Feature",
      "geometry": {
        "type": "Point",
        "coordinates": [
          5.6307,
          44.5963
        ]
      },
      "properties": {
        "temperature_2m": 7.4,
        "precipitation": 0.0,
        "cloud_cover": 47,
        "wind_speed_10m": 3.45,
        "last_updated": "2026-10-10T21:01:13Z"
      }
    },
    {
      "type": "Feature",
      "geometry": {
        "type": "Point",
        "coordinates": [
          5.8443,
          44.5791
        ]
      },
      "properties": {
        "temperature_2m": 10.0,
        "precipitation": 0.0,
        "cloud_cover": 0,
        "wind_speed_10m": 1.97,
        "last_updated": "2026-10-10T21:01:13Z"
      }
    },
    {
      "type": "Feature",
      "geometry": {
        "type": "Point",
        "coordinates": [
          6.1003,
          44.5748
        ]
      },
      "properties": {
        "temperature_2m": 12.0,
        "precipitation": 0.0,
        "cloud_cover": 0,
        "wind_speed_10m": 0.64,
        "last_updated": "2026-10-10T21:01:13Z"
      }
    },
    {
      "type": "Feature",
      "geometry": {
        "type": "Point",
        "coordinates": [
          6.3582,
          44.588
        ]
      },
      "properties": {
        "temperature_2m": 7.3,
        "precipitation": 0.0,
        "cloud_cover": 0,
        "wind_speed_10m": 2.75,
        "last_updated": "2026-10-10T21:01:13Z"
      }
    },
    {
      "type": "Feature",
      "geometry": {
        "type": "Point",
        "coordinates": [
          6.6161,
          44.6006
        ]
      },
      "properties": {
        "temperature_2m": 4.3,
        "precipitation": 0.0,
        "cloud_cover": 0,
        "wind_speed_10m": 1.3,
        "last_updated": "2026-10-10T21:01:13Z"
      }
    },
    {
      "type": "Feature",
      "geometry": {
        "type": "Point",
        "coordinates": [
          6.8508,
          44.5883
        ]
      },
      "properties": {
        "temperature_2m": 2.7,
        "precipitation": 0.0,
        "cloud_cover": 0,
        "wind_speed_10m": 2.51,
        "last_updated": "2026-10-10T21:01:13Z"
      }
    },
    {
      "type": "Feature",
      "geometry": {
        "type": "Point",
        "coordinates": [
          7.1245,
          44.5734
        ]
      },
      "properties": {
        "temperature_2m": 11.1,
        "precipitation": 0.0,
        "cloud_cover": 0,
        "wind_speed_10m": 2.42,
        "last_updated": "2026-10-10T21:01:13Z"
      }
    },
    {
      "type": "Feature",
      "geometry": {
        "type": "Point",
        "coordinates": [
          7.361,
          44.5782
        ]
      },
      "properties": {
        "temperature_2m": 9.9,
        "precipitation": 0.0,
        "cloud_cover": 0,
        "wind_speed_10m": 2.3,
        "last_updated": "2026-10-10T21:01:13Z"
      }
    },
    {
      "type": "Feature",
      "geometry": {
        "type": "Point",
        "coordinates": [
          7.6172,
          44.5709
        ]
      },
      "properties": {
        "temperature_2m": 12.6,
        "precipitation": 0.0,
        "cloud_cover": 0,
        "wind_speed_10m": 1.79,
        "last_updated": "2026-10-10T21:01:13Z"
      }
    },
    {
      "type": "Feature",
      "geometry": {
        "type": "Point",
        "coordinates": [
          7.8537,
          44.5747
        ]
      },
      "properties": {
        "temperature_2m": 12.9,
        "precipitation": 0.0,
        "cloud_cover": 0,
        "wind_speed_10m": 1.49,
        "last_updated": "2026-10-10T21:01:13Z"
      }
    },
    {
      "type": "Feature",
      "geometry": {
        "type": "Point",
        "coordinates": [
          8.1121,
          44.5843
        ]
      },
      "properties": {
        "temperature_2m": 12.5,
        "precipitation": 0.0,
        "cloud_cover": 0,
        "wind_speed_10m": 1.26,
        "last_updated": "2026-10-10T21:01:13Z"
      }
    },
    {
      "type": "Feature",
      "geometry": {
        "type": "Point",
        "coordinates": [
          8.3683,
          44.5755
        ]
      },
      "properties": {
        "temperature_2m": 12.7,
        "precipitation": 0.0,
        "cloud_cover": 6,
        "wind_speed_10m": 0.51,
        "last_updated": "2026-10-10T21:01:13Z"
      }
    },
    {
      "type": "Feature",
      "geometry": {
        "type": "Point",
        "coordinates": [
          8.6048,
          44.578
        ]
      },
      "properties": {
        "temperature_2m": 10.8,
        "precipitation": 0.0,
        "cloud_cover": 58,
        "wind_speed_10m": 1.32,
        "last_updated": "2026-10-10T21:01:13Z"
      }
    },
    {
      "type": "Feature",
      "geometry": {
        "type": "Point",
        "coordinates": [
          8.8634,
          44.5861
        ]
      },
      "properties": {
        "temperature_2m": 12.8,
        "precipitation": 0.0,
        "cloud_cover": 0,
        "wind_speed_10m": 1.87,
        "last_updated": "2026-10-10T21:01:13Z"
      }
    },
    {
      "type": "Feature",
      "geometry": {
        "type": "Point",
        "coordinates": [
          9.1366,
          44.567
        ]
      },
      "properties": {
        "temperature_2m": 7.9,
        "precipitation": 0.0,
        "cloud_cover": 0,
        "wind_speed_10m": 0.2,
        "last_updated": "2026-10-10T21:01:13Z"
      }
    },
    {
      "type": "Feature",
      "geometry": {
        "type": "Point",
        "coordinates": [
          9.3563,
          44.5768
        ]
      },
      "properties": {
        "temperature_2m": 8.9,
        "precipitation": 0.0,
        "cloud_cover": 0,
        "wind_speed_10m": 1.06,
        "last_updated": "2026-10-10T21:01:13Z"
      }
    },
    {
      "type": "Feature",
      "geometry": {
        "type": "Point",
        "coordinates": [
          9.5761,
          44.5863
        ]
      },
      "properties": {
        "temperature_2m": 9.8,
        "precipitation": 0.0,
        "cloud_cover": 0,
        "wind_speed_10m": 2.12,
        "last_updated": "2026-10-10T21:01:13Z"
      }
    },
    {
      "type": "Feature",
      "geometry": {
        "type": "Point",
        "coordinates": [
          -5.14,
          44.83
        ]
      },
      "properties": {
        "temperature_2m": 18.3,
        "precipitation": 0.0,
        "cloud_cover": 100,
        "wind_speed_10m": 1.26,
        "last_updated": "2026-10-10T21:01:13Z"
      }
    },
    {
      "type": "Feature",
      "geometry": {
        "type": "Point",
        "coordinates": [
          -4.89,
          44.83
        ]
      },
      "properties": {
        "temperature_2m": 18.2,
        "precipitation": 0.0,
        "cloud_cover": 100,
        "wind_speed_10m": 1.39,
        "last_updated": "2026-10-10T21:01:13Z"
      }
    },
    {
      "type": "Feature",
      "geometry": {
        "type": "Point",
        "coordinates": [
          -4.64,
          44.83
        ]
      },
      "properties": {
        "temperature_2m": 18.3,
        "precipitation": 0.0,
        "cloud_cover": 100,
        "wind_speed_10m": 1.75,
        "last_updated": "2026-10-10T21:01:13Z"
      }
    },
    {
      "type": "Feature",
      "geometry": {
        "type": "Point",
        "coordinates": [
          -4.39,
          44.83
        ]
      },
      "properties": {
        "temperature_2m": 18.3,
        "precipitation": 0.0,
        "cloud_cover": 100,
        "wind_speed_10m": 2.56,
        "last_updated": "2026-10-10T21:01:13Z"
      }
    },
    {
      "type": "Feature",
      "geometry": {
        "type": "Point",
        "coordinates": [
          -4.14,
          44.83
        ]
      },
      "properties": {
        "temperature_2m": 18.4,
        "precipitation": 0.0,
        "cloud_cover": 100,
        "wind_speed_10m": 2.36,
        "last_updated": "2026-10-10T21:01:13Z"
      }
    },
    {
      "type": "Feature",
      "geometry": {
        "type": "Point",
        "coordinates": [
          -3.89,
          44.83
        ]
      },
      "properties": {
        "temperature_2m": 18.2,
        "precipitation": 0.0,
        "cloud_cover": 36,
        "wind_speed_10m": 1.08,
        "last_updated": "2026-10-10T21:01:13Z"
      }
    },
    {
      "type": "Feature",
      "geometry": {
        "type": "Point",
        "coordinates": [
          -3.64,
          44.83
        ]
      },
      "properties": {
        "temperature_2m": 18.0,
        "precipitation": 0.0,
        "cloud_cover": 91,
        "wind_speed_10m": 1.21,
        "last_updated": "2026-10-10T21:01:13Z"
      }
    },
    {
      "type": "Feature",
      "geometry": {
        "type": "Point",
        "coordinates": [
          -3.39,
          44.83
        ]
      },
      "properties": {
        "temperature_2m": 18.0,
        "precipitation": 0.0,
        "cloud_cover": 1,
        "wind_speed_10m": 1.7,
        "last_updated": "2026-10-10T21:01:13Z"
      }
    },
    {
      "type": "Feature",
      "geometry": {
        "type": "Point",
        "coordinates": [
          -3.14,
          44.83
        ]
      },
      "properties": {
        "temperature_2m": 17.7,
        "precipitation": 0.0,
        "cloud_cover": 55,
        "wind_speed_10m": 1.28,
        "last_updated": "2026-10-10T21:01:13Z"
      }
    },
    {
      "type": "Feature",
      "geometry": {
        "type": "Point",
        "coordinates": [
          -2.89,
          44.83
        ]
      },
      "properties": {
        "temperature_2m": 17.7,
        "precipitation": 0.0,
        "cloud_cover": 91,
        "wind_speed_10m": 2.06,
        "last_updated": "2026-10-10T21:01:13Z"
      }
    },
    {
      "type": "Feature",
      "geometry": {
        "type": "Point",
        "coordinates": [
          -2.64,
          44.83
        ]
      },
      "properties": {
        "temperature_2m": 17.4,
        "precipitation": 0.0,
        "cloud_cover": 100,
        "wind_speed_10m": 3.22,
        "last_updated": "2026-10-10T21:01:13Z"
      }
    },
    {
      "type": "Feature",
      "geometry": {
        "type": "Point",
        "coordinates": [
          -2.39,
          44.83
        ]
      },
      "properties": {
        "temperature_2m": 17.3,
        "precipitation": 0.0,
        "cloud_cover": 9,
        "wind_speed_10m": 2.97,
        "last_updated": "2026-10-10T21:01:13Z"
      }
    },
    {
      "type": "Feature",
      "geometry": {
        "type": "Point",
        "coordinates": [
          -2.14,
          44.83
        ]
      },
      "properties": {
        "temperature_2m": 17.2,
        "precipitation": 0.0,
        "cloud_cover": 99,
        "wind_speed_10m": 3.01,
        "last_updated": "2026-10-10T21:01:13Z"
      }
    },
    {
      "type": "Feature",
      "geometry": {
        "type": "Point",
        "coordinates": [
          -1.89,
          44.83
        ]
      },
      "properties": {
        "temperature_2m": 17.1,
        "precipitation": 0.0,
        "cloud_cover": 100,
        "wind_speed_10m": 3.18,
        "last_updated": "2026-10-10T21:01:13Z"
      }
    },
    {
      "type": "Feature",
      "geometry": {
        "type": "Point",
        "coordinates": [
          -1.64,
          44.83
        ]
      },
      "properties": {
        "temperature_2m": 16.9,
        "precipitation": 0.0,
        "cloud_cover": 100,
        "wind_speed_10m": 3.91,
        "last_updated": "2026-10-10T21:01:13Z"
      }
    },
    {
      "type": "Feature",
      "geometry": {
        "type": "Point",
        "coordinates": [
          -1.39,
          44.83
        ]
      },
      "properties": {
        "temperature_2m": 16.5,
        "precipitation": 0.0,
        "cloud_cover": 100,
        "wind_speed_10m": 4.83,
        "last_updated": "2026-10-10T21:01:13Z"
      }
    },
    {
      "type": "Feature",
      "geometry": {
        "type": "Point",
        "coordinates": [
          -1.14,
          44.83
        ]
      },
      "properties": {
        "temperature_2m": 12.8,
        "precipitation": 0.0,
        "cloud_cover": 100,
        "wind_speed_10m": 0.51,
        "last_updated": "2026-10-10T21:01:13Z"
      }
    },
    {
      "type": "Feature",
      "geometry": {
        "type": "Point",
        "coordinates": [
          -0.89,
          44.83
        ]
      },
      "properties": {
        "temperature_2m": 11.3,
        "precipitation": 0.0,
        "cloud_cover": 100,
        "wind_speed_10m": 0.91,
        "last_updated": "2026-10-10T21:01:13Z"
      }
    },
    {
      "type": "Feature",
      "geometry": {
        "type": "Point",
        "coordinates": [
          -0.5952,
          44.8172
        ]
      },
      "properties": {
        "temperature_2m": 12.2,
        "precipitation": 0.0,
        "cloud_cover": 100,
        "wind_speed_10m": 1.28,
        "last_updated": "2026-10-10T21:01:13Z"
      }
    },
    {
      "type": "Feature",
      "geometry": {
        "type": "Point",
        "coordinates": [
          -0.3784,
          44.8254
        ]
      },
      "properties": {
        "temperature_2m": 10.9,
        "precipitation": 0.0,
        "cloud_cover": 100,
        "wind_speed_10m": 1.3,
        "last_updated": "2026-10-10T21:01:13Z"
      }
    },
    {
      "type": "Feature",
      "geometry": {
        "type": "Point",
        "coordinates": [
          -0.1419,
          44.8256
        ]
      },
      "properties": {
        "temperature_2m": 10.8,
        "precipitation": 0.0,
        "cloud_cover": 27,
        "wind_speed_10m": 1.39,
        "last_updated": "2026-10-10T21:01:13Z"
      }
    },
    {
      "type": "Feature",
      "geometry": {
        "type": "Point",
        "coordinates": [
          0.0946,
          44.8254
        ]
      },
      "properties": {
        "temperature_2m": 9.9,
        "precipitation": 0.0,
        "cloud_cover": 84,
        "wind_speed_10m": 1.12,
        "last_updated": "2026-10-10T21:01:13Z"
      }
    },
    {
      "type": "Feature",
      "geometry": {
        "type": "Point",
        "coordinates": [
          0.3706,
          44.8246
        ]
      },
      "properties": {
        "temperature_2m": 9.6,
        "precipitation": 0.0,
        "cloud_cover": 32,
        "wind_speed_10m": 0.94,
        "last_updated": "2026-10-10T21:01:13Z"
      }
    },
    {
      "type": "Feature",
      "geometry": {
        "type": "Point",
        "coordinates": [
          0.6071,
          44.8234
        ]
      },
      "properties": {
        "temperature_2m": 11.1,
        "precipitation": 0.0,
        "cloud_cover": 15,
        "wind_speed_10m": 0.57,
        "last_updated": "2026-10-10T21:01:13Z"
      }
    },
    {
      "type": "Feature",
      "geometry": {
        "type": "Point",
        "coordinates": [
          0.8436,
          44.8218
        ]
      },
      "properties": {
        "temperature_2m": 11.0,
        "precipitation": 0.0,
        "cloud_cover": 43,
        "wind_speed_10m": 0.72,
        "last_updated": "2026-10-10T21:01:13Z"
      }
    },
    {
      "type": "Feature",
      "geometry": {
        "type": "Point",
        "coordinates": [
          1.1198,
          44.8375
        ]
      },
      "properties": {
        "temperature_2m": 10.9,
        "precipitation": 0.0,
        "cloud_cover": 61,
        "wind_speed_10m": 0.85,
        "last_updated": "2026-10-10T21:01:13Z"
      }
    },
    {
      "type": "Feature",
      "geometry": {
        "type": "Point",
        "coordinates": [
          1.3563,
          44.835
        ]
      },
      "properties": {
        "temperature_2m": 12.1,
        "precipitation": 0.0,
        "cloud_cover": 19,
        "wind_speed_10m": 1.0,
        "last_updated": "2026-10-10T21:01:13Z"
      }
    },
    {
      "type": "Feature",
      "geometry": {
        "type": "Point",
        "coordinates": [
          1.6131,
          44.8394
        ]
      },
      "properties": {
        "temperature_2m": 11.8,
        "precipitation": 0.0,
        "cloud_cover": 63,
        "wind_speed_10m": 1.2,
        "last_updated": "2026-10-10T21:01:13Z"
      }
    },
    {
      "type": "Feature",
      "geometry": {
        "type": "Point",
        "coordinates": [
          1.8686,
          44.8282
        ]
      },
      "properties": {
        "temperature_2m": 11.8,
        "precipitation": 0.0,
        "cloud_cover": 87,
        "wind_speed_10m": 1.53,
        "last_updated": "2026-10-10T21:01:13Z"
      }
    },
    {
      "type": "Feature",
      "geometry": {
        "type": "Point",
        "coordinates": [
          2.1051,
          44.8243
        ]
      },
      "properties": {
        "temperature_2m": 10.1,
        "precipitation": 0.0,
        "cloud_cover": 89,
        "wind_speed_10m": 2.19,
        "last_updated": "2026-10-10T21:01:13Z"
      }
    },
    {
      "type": "Feature",
      "geometry": {
        "type": "Point",
        "coordinates": [
          2.3619,
          44.8273
        ]
      },
      "properties": {
        "temperature_2m": 10.1,
        "precipitation": 0.0,
        "cloud_cover": 91,
        "wind_speed_10m": 0.94,
        "last_updated": "2026-10-10T21:01:13Z"
      }
    },
    {
      "type": "Feature",
      "geometry": {
        "type": "Point",
        "coordinates": [
          2.5983,
          44.8226
        ]
      },
      "properties": {
        "temperature_2m": 11.3,
        "precipitation": 0.0,
        "cloud_cover": 51,
        "wind_speed_10m": 0.54,
        "last_updated": "2026-10-10T21:01:13Z"
      }
    },
    {
      "type": "Feature",
      "geometry": {
        "type": "Point",
        "coordinates": [
          2.8749,
          44.8346
        ]
      },
      "properties": {
        "temperature_2m": 9.5,
        "precipitation": 0.0,
        "cloud_cover": 51,
        "wind_speed_10m": 1.87,
        "last_updated": "2026-10-10T21:01:13Z"
      }
    },
    {
      "type": "Feature",
      "geometry": {
        "type": "Point",
        "coordinates": [
          3.1113,
          44.829
        ]
      },
      "properties": {
        "temperature_2m": 8.7,
        "precipitation": 0.0,
        "cloud_cover": 61,
        "wind_speed_10m": 2.35,
        "last_updated": "2026-10-10T21:01:13Z"
      }
    },
    {
      "type": "Feature",
      "geometry": {
        "type": "Point",
        "coordinates": [
          3.3683,
          44.83
        ]
      },
      "properties": {
        "temperature_2m": 8.6,
        "precipitation": 0.0,
        "cloud_cover": 87,
        "wind_speed_10m": 1.08,
        "last_updated": "2026-10-10T21:01:13Z"
      }
    },
    {
      "type": "Feature",
      "geometry": {
        "type": "Point",
        "coordinates": [
          3.6046,
          44.8235
        ]
      },
      "properties": {
        "temperature_2m": 7.7,
        "precipitation": 0.0,
        "cloud_cover": 85,
        "wind_speed_10m": 1.94,
        "last_updated": "2026-10-10T21:01:13Z"
      }
    },
    {
      "type": "Feature",
      "geometry": {
        "type": "Point",
        "coordinates": [
          3.8629,
          44.8415
        ]
      },
      "properties": {
        "temperature_2m": 7.7,
        "precipitation": 0.0,
        "cloud_cover": 58,
        "wind_speed_10m": 2.97,
        "last_updated": "2026-10-10T21:01:13Z"
      }
    },
    {
      "type": "Feature",
      "geometry": {
        "type": "Point",
        "coordinates": [
          4.1176,
          44.8259
        ]
      },
      "properties": {
        "temperature_2m": 8.4,
        "precipitation": 0.0,
        "cloud_cover": 93,
        "wind_speed_10m": 3.89,
        "last_updated": "2026-10-10T21:01:13Z"
      }
    },
    {
      "type": "Feature",
      "geometry": {
        "type": "Point",
        "coordinates": [
          4.3748,
          44.825
        ]
      },
      "properties": {
        "temperature_2m": 9.6,
        "precipitation": 0.0,
        "cloud_cover": 76,
        "wind_speed_10m": 3.45,
        "last_updated": "2026-10-10T21:01:13Z"
      }
    },
    {
      "type": "Feature",
      "geometry": {
        "type": "Point",
        "coordinates": [
          4.6123,
          44.8346
        ]
      },
      "properties": {
        "temperature_2m": 13.1,
        "precipitation": 0.0,
        "cloud_cover": 8,
        "wind_speed_10m": 3.4,
        "last_updated": "2026-10-10T21:01:13Z"
      }
    },
    {
      "type": "Feature",
      "geometry": {
        "type": "Point",
        "coordinates": [
          4.8696,
          44.8327
        ]
      },
      "properties": {
        "temperature_2m": 16.0,
        "precipitation": 0.0,
        "cloud_cover": 79,
        "wind_speed_10m": 6.15,
        "last_updated": "2026-10-10T21:01:13Z"
      }
    },
    {
      "type": "Feature",
      "geometry": {
        "type": "Point",
        "coordinates": [
          5.1057,
          44.8235
        ]
      },
      "properties": {
        "temperature_2m": 10.4,
        "precipitation": 0.0,
        "cloud_cover": 35,
        "wind_speed_10m": 5.85,
        "last_updated": "2026-10-10T21:01:13Z"
      }
    },
    {
      "type": "Feature",
      "geometry": {
        "type": "Point",
        "coordinates": [
          5.3646,
          44.8386
        ]
      },
      "properties": {
        "temperature_2m": 6.9,
        "precipitation": 0.0,
        "cloud_cover": 62,
        "wind_speed_10m": 5.28,
        "last_updated": "2026-10-10T21:01:13Z"
      }
    },
    {
      "type": "Feature",
      "geometry": {
        "type": "Point",
        "coordinates": [
          5.6187,
          44.8201
        ]
      },
      "properties": {
        "temperature_2m": 9.9,
        "precipitation": 0.0,
        "cloud_cover": 57,
        "wind_speed_10m": 1.42,
        "last_updated": "2026-10-10T21:01:13Z"
      }
    },
    {
      "type": "Feature",
      "geometry": {
        "type": "Point",
        "coordinates": [
          5.8597,
          44.8426
        ]
      },
      "properties": {
        "temperature_2m": 10.8,
        "precipitation": 0.0,
        "cloud_cover": 73,
        "wind_speed_10m": 1.92,
        "last_updated": "2026-10-10T21:01:13Z"
      }
    },
    {
      "type": "Feature",
      "geometry": {
        "type": "Point",
        "coordinates": [
          6.0957,
          44.8316
        ]
      },
      "properties": {
        "temperature_2m": 5.2,
        "precipitation": 0.0,
        "cloud_cover": 0,
        "wind_speed_10m": 3.36,
        "last_updated": "2026-10-10T21:01:13Z"
      }
    },
    {
      "type": "Feature",
      "geometry": {
        "type": "Point",
        "coordinates": [
          6.3728,
          44.8362
        ]
      },
      "properties": {
        "temperature_2m": 4.3,
        "precipitation": 0.0,
        "cloud_cover": 0,
        "wind_speed_10m": 2.16,
        "last_updated": "2026-10-10T21:01:13Z"
      }
    },
    {
      "type": "Feature",
      "geometry": {
        "type": "Point",
        "coordinates": [
          6.6087,
          44.8243
        ]
      },
      "properties": {
        "temperature_2m": 6.4,
        "precipitation": 0.0,
        "cloud_cover": 0,
        "wind_speed_10m": 2.56,
        "last_updated": "2026-10-10T21:01:13Z"
      }
    },
    {
      "type": "Feature",
      "geometry": {
        "type": "Point",
        "coordinates": [
          6.8268,
          44.8205
        ]
      },
      "properties": {
        "temperature_2m": 0.9,
        "precipitation": 0.0,
        "cloud_cover": 0,
        "wind_speed_10m": 4.09,
        "last_updated": "2026-10-10T21:01:13Z"
      }
    },
    {
      "type": "Feature",
      "geometry": {
        "type": "Point",
        "coordinates": [
          7.1038,
          44.8235
        ]
      },
      "properties": {
        "temperature_2m": 10.6,
        "precipitation": 0.0,
        "cloud_cover": 0,
        "wind_speed_10m": 3.51,
        "last_updated": "2026-10-10T21:01:13Z"
      }
    },
    {
      "type": "Feature",
      "geometry": {
        "type": "Point",
        "coordinates": [
          7.3633,
          44.8346
        ]
      },
      "properties": {
        "temperature_2m": 12.0,
        "precipitation": 0.0,
        "cloud_cover": 23,
        "wind_speed_10m": 1.4,
        "last_updated": "2026-10-10T21:01:13Z"
      }
    },
    {
      "type": "Feature",
      "geometry": {
        "type": "Point",
        "coordinates": [
          7.6208,
          44.8273
        ]
      },
      "properties": {
        "temperature_2m": 13.5,
        "precipitation": 0.0,
        "cloud_cover": 0,
        "wind_speed_10m": 1.0,
        "last_updated": "2026-10-10T21:01:13Z"
      }
    },
    {
      "type": "Feature",
      "geometry": {
        "type": "Point",
        "coordinates": [
          7.8586,
          44.831
        ]
      },
      "properties": {
        "temperature_2m": 13.1,
        "precipitation": 0.0,
        "cloud_cover": 0,
        "wind_speed_10m": 1.22,
        "last_updated": "2026-10-10T21:01:13Z"
      }
    },
    {
      "type": "Feature",
      "geometry": {
        "type": "Point",
        "coordinates": [
          8.1161,
          44.8227
        ]
      },
      "properties": {
        "temperature_2m": 13.5,
        "precipitation": 0.0,
        "cloud_cover": 0,
        "wind_speed_10m": 0.78,
        "last_updated": "2026-10-10T21:01:13Z"
      }
    },
    {
      "type": "Feature",
      "geometry": {
        "type": "Point",
        "coordinates": [
          8.3539,
          44.8255
        ]
      },
      "properties": {
        "temperature_2m": 14.0,
        "precipitation": 0.0,
        "cloud_cover": 0,
        "wind_speed_10m": 1.17,
        "last_updated": "2026-10-10T21:01:13Z"
      }
    },
    {
      "type": "Feature",
      "geometry": {
        "type": "Point",
        "coordinates": [
          8.6138,
          44.834
        ]
      },
      "properties": {
        "temperature_2m": 13.4,
        "precipitation": 0.0,
        "cloud_cover": 21,
        "wind_speed_10m": 1.5,
        "last_updated": "2026-10-10T21:01:13Z"
      }
    },
    {
      "type": "Feature",
      "geometry": {
        "type": "Point",
        "coordinates": [
          8.8714,
          44.8241
        ]
      },
      "properties": {
        "temperature_2m": 14.3,
        "precipitation": 0.0,
        "cloud_cover": 0,
        "wind_speed_10m": 1.66,
        "last_updated": "2026-10-10T21:01:13Z"
      }
    },
    {
      "type": "Feature",
      "geometry": {
        "type": "Point",
        "coordinates": [
          9.1092,
          44.8255
        ]
      },
      "properties": {
        "temperature_2m": 10.8,
        "precipitation": 0.0,
        "cloud_cover": 0,
        "wind_speed_10m": 2.9,
        "last_updated": "2026-10-10T21:01:13Z"
      }
    },
    {
      "type": "Feature",
      "geometry": {
        "type": "Point",
        "coordinates": [
          9.3693,
          44.8325
        ]
      },
      "properties": {
        "temperature_2m": 11.7,
        "precipitation": 0.0,
        "cloud_cover": 0,
        "wind_speed_10m": 2.28,
        "last_updated": "2026-10-10T21:01:13Z"
      }
    },
    {
      "type": "Feature",
      "geometry": {
        "type": "Point",
        "coordinates": [
          9.6127,
          44.8479
        ]
      },
      "properties": {
        "temperature_2m": 12.6,
        "precipitation": 0.0,
        "cloud_cover": 0,
        "wind_speed_10m": 2.01,
        "last_updated": "2026-10-10T21:01:13Z"
      }
    },
    {
      "type": "Feature",
      "geometry": {
        "type": "Point",
        "coordinates": [
          -5.14,
          45.08
        ]
      },
      "properties": {
        "temperature_2m": 18.0,
        "precipitation": 0.0,
        "cloud_cover": 100,
        "wind_speed_10m": 1.28,
        "last_updated": "2026-10-10T21:01:13Z"
      }
    },
    {
      "type": "Feature",
      "geometry": {
        "type": "Point",
        "coordinates": [
          -4.89,
          45.08
        ]
      },
      "properties": {
        "temperature_2m": 18.0,
        "precipitation": 0.0,
        "cloud_cover": 100,
        "wind_speed_10m": 1.43,
        "last_updated": "2026-10-10T21:01:13Z"
      }
    },
    {
      "type": "Feature",
      "geometry": {
        "type": "Point",
        "coordinates": [
          -4.64,
          45.08
        ]
      },
      "properties": {
        "temperature_2m": 17.9,
        "precipitation": 0.0,
        "cloud_cover": 100,
        "wind_speed_10m": 2.6,
        "last_updated": "2026-10-10T21:01:13Z"
      }
    },
    {
      "type": "Feature",
      "geometry": {
        "type": "Point",
        "coordinates": [
          -4.39,
          45.08
        ]
      },
      "properties": {
        "temperature_2m": 17.9,
        "precipitation": 0.0,
        "cloud_cover": 100,
        "wind_speed_10m": 3.23,
        "last_updated": "2026-10-10T21:01:13Z"
      }
    },
    {
      "type": "Feature",
      "geometry": {
        "type": "Point",
        "coordinates": [
          -4.14,
          45.08
        ]
      },
      "properties": {
        "temperature_2m": 18.0,
        "precipitation": 0.0,
        "cloud_cover": 23,
        "wind_speed_10m": 2.15,
        "last_updated": "2026-10-10T21:01:13Z"
      }
    },
    {
      "type": "Feature",
      "geometry": {
        "type": "Point",
        "coordinates": [
          -3.89,
          45.08
        ]
      },
      "properties": {
        "temperature_2m": 18.0,
        "precipitation": 0.0,
        "cloud_cover": 89,
        "wind_speed_10m": 1.84,
        "last_updated": "2026-10-10T21:01:13Z"
      }
    },
    {
      "type": "Feature",
      "geometry": {
        "type": "Point",
        "coordinates": [
          -3.64,
          45.08
        ]
      },
      "properties": {
        "temperature_2m": 17.5,
        "precipitation": 0.0,
        "cloud_cover": 100,
        "wind_speed_10m": 2.12,
        "last_updated": "2026-10-10T21:01:13Z"
      }
    },
    {
      "type": "Feature",
      "geometry": {
        "type": "Point",
        "coordinates": [
          -3.39,
          45.08
        ]
      },
      "properties": {
        "temperature_2m": 17.5,
        "precipitation": 0.0,
        "cloud_cover": 100,
        "wind_speed_10m": 1.34,
        "last_updated": "2026-10-10T21:01:13Z"
      }
    },
    {
      "type": "Feature",
      "geometry": {
        "type": "Point",
        "coordinates": [
          -3.14,
          45.08
        ]
      },
      "properties": {
        "temperature_2m": 17.5,
        "precipitation": 0.0,
        "cloud_cover": 100,
        "wind_speed_10m": 2.34,
        "last_updated": "2026-10-10T21:01:13Z"
      }
    },
    {
      "type": "Feature",
      "geometry": {
        "type": "Point",
        "coordinates": [
          -2.89,
          45.08
        ]
      },
      "properties": {
        "temperature_2m": 17.2,
        "precipitation": 0.0,
        "cloud_cover": 93,
        "wind_speed_10m": 1.75,
        "last_updated": "2026-10-10T21:01:13Z"
      }
    },
    {
      "type": "Feature",
      "geometry": {
        "type": "Point",
        "coordinates": [
          -2.64,
          45.08
        ]
      },
      "properties": {
        "temperature_2m": 17.2,
        "precipitation": 0.0,
        "cloud_cover": 99,
        "wind_speed_10m": 2.25,
        "last_updated": "2026-10-10T21:01:13Z"
      }
    },
    {
      "type": "Feature",
      "geometry": {
        "type": "Point",
        "coordinates": [
          -2.39,
          45.08
        ]
      },
      "properties": {
        "temperature_2m": 17.0,
        "precipitation": 0.0,
        "cloud_cover": 100,
        "wind_speed_10m": 2.79,
        "last_updated": "2026-10-10T21:01:13Z"
      }
    },
    {
      "type": "Feature",
      "geometry": {
        "type": "Point",
        "coordinates": [
          -2.14,
          45.08
        ]
      },
      "properties": {
        "temperature_2m": 16.9,
        "precipitation": 0.0,
        "cloud_cover": 100,
        "wind_speed_10m": 3.0,
        "last_updated": "2026-10-10T21:01:13Z"
      }
    },
    {
      "type": "Feature",
      "geometry": {
        "type": "Point",
        "coordinates": [
          -1.89,
          45.08
        ]
      },
      "properties": {
        "temperature_2m": 16.7,
        "precipitation": 0.0,
        "cloud_cover": 100,
        "wind_speed_10m": 4.1,
        "last_updated": "2026-10-10T21:01:13Z"
      }
    },
    {
      "type": "Feature",
      "geometry": {
        "type": "Point",
        "coordinates": [
          -1.64,
          45.08
        ]
      },
      "properties": {
        "temperature_2m": 16.5,
        "precipitation": 0.0,
        "cloud_cover": 96,
        "wind_speed_10m": 4.5,
        "last_updated": "2026-10-10T21:01:13Z"
      }
    },
    {
      "type": "Feature",
      "geometry": {
        "type": "Point",
        "coordinates": [
          -1.39,
          45.08
        ]
      },
      "properties": {
        "temperature_2m": 16.2,
        "precipitation": 0.0,
        "cloud_cover": 100,
        "wind_speed_10m": 5.41,
        "last_updated": "2026-10-10T21:01:13Z"
      }
    },
    {
      "type": "Feature",
      "geometry": {
        "type": "Point",
        "coordinates": [
          -1.14,
          45.07
        ]
      },
      "properties": {
        "temperature_2m": 13.7,
        "precipitation": 0.0,
        "cloud_cover": 100,
        "wind_speed_10m": 2.0,
        "last_updated": "2026-10-10T21:01:13Z"
      }
    },
    {
      "type": "Feature",
      "geometry": {
        "type": "Point",
        "coordinates": [
          -0.89,
          45.08
        ]
      },
      "properties": {
        "temperature_2m": 10.6,
        "precipitation": 0.0,
        "cloud_cover": 100,
        "wind_speed_10m": 0.95,
        "last_updated": "2026-10-10T21:01:13Z"
      }
    },
    {
      "type": "Feature",
      "geometry": {
        "type": "Point",
        "coordinates": [
          -0.6362,
          45.0734
        ]
      },
      "properties": {
        "temperature_2m": 13.3,
        "precipitation": 0.0,
        "cloud_cover": 100,
        "wind_speed_10m": 1.72,
        "last_updated": "2026-10-10T21:01:13Z"
      }
    },
    {
      "type": "Feature",
      "geometry": {
        "type": "Point",
        "coordinates": [
          -0.3786,
          45.0817
        ]
      },
      "properties": {
        "temperature_2m": 10.8,
        "precipitation": 0.0,
        "cloud_cover": 88,
        "wind_speed_10m": 1.0,
        "last_updated": "2026-10-10T21:01:13Z"
      }
    },
    {
      "type": "Feature",
      "geometry": {
        "type": "Point",
        "coordinates": [
          -0.1408,
          45.0819
        ]
      },
      "properties": {
        "temperature_2m": 10.7,
        "precipitation": 0.0,
        "cloud_cover": 79,
        "wind_speed_10m": 1.7,
        "last_updated": "2026-10-10T21:01:13Z"
      }
    },
    {
      "type": "Feature",
      "geometry": {
        "type": "Point",
        "coordinates": [
          0.1166,
          45.074
        ]
      },
      "properties": {
        "temperature_2m": 10.6,
        "precipitation": 0.0,
        "cloud_cover": 98,
        "wind_speed_10m": 0.92,
        "last_updated": "2026-10-10T21:01:13Z"
      }
    },
    {
      "type": "Feature",
      "geometry": {
        "type": "Point",
        "coordinates": [
          0.3544,
          45.0733
        ]
      },
      "properties": {
        "temperature_2m": 11.2,
        "precipitation": 0.0,
        "cloud_cover": 91,
        "wind_speed_10m": 1.24,
        "last_updated": "2026-10-10T21:01:13Z"
      }
    },
    {
      "type": "Feature",
      "geometry": {
        "type": "Point",
        "coordinates": [
          0.6122,
          45.0797
        ]
      },
      "properties": {
        "temperature_2m": 10.8,
        "precipitation": 0.0,
        "cloud_cover": 75,
        "wind_speed_10m": 0.28,
        "last_updated": "2026-10-10T21:01:13Z"
      }
    },
    {
      "type": "Feature",
      "geometry": {
        "type": "Point",
        "coordinates": [
          0.85,
          45.0781
        ]
      },
      "properties": {
        "temperature_2m": 10.1,
        "precipitation": 0.0,
        "cloud_cover": 64,
        "wind_speed_10m": 1.02,
        "last_updated": "2026-10-10T21:01:13Z"
      }
    },
    {
      "type": "Feature",
      "geometry": {
        "type": "Point",
        "coordinates": [
          1.1071,
          45.0683
        ]
      },
      "properties": {
        "temperature_2m": 9.3,
        "precipitation": 0.0,
        "cloud_cover": 64,
        "wind_speed_10m": 1.5,
        "last_updated": "2026-10-10T21:01:13Z"
      }
    },
    {
      "type": "Feature",
      "geometry": {
        "type": "Point",
        "coordinates": [
          1.3651,
          45.0732
        ]
      },
      "properties": {
        "temperature_2m": 9.9,
        "precipitation": 0.0,
        "cloud_cover": 38,
        "wind_speed_10m": 1.25,
        "last_updated": "2026-10-10T21:01:13Z"
      }
    },
    {
      "type": "Feature",
      "geometry": {
        "type": "Point",
        "coordinates": [
          1.6033,
          45.0882
        ]
      },
      "properties": {
        "temperature_2m": 10.5,
        "precipitation": 0.0,
        "cloud_cover": 81,
        "wind_speed_10m": 1.53,
        "last_updated": "2026-10-10T21:01:13Z"
      }
    },
    {
      "type": "Feature",
      "geometry": {
        "type": "Point",
        "coordinates": [
          1.8615,
          45.0922
        ]
      },
      "properties": {
        "temperature_2m": 10.9,
        "precipitation": 0.0,
        "cloud_cover": 73,
        "wind_speed_10m": 2.06,
        "last_updated": "2026-10-10T21:01:13Z"
      }
    },
    {
      "type": "Feature",
      "geometry": {
        "type": "Point",
        "coordinates": [
          2.1183,
          45.0804
        ]
      },
      "properties": {
        "temperature_2m": 9.6,
        "precipitation": 0.0,
        "cloud_cover": 91,
        "wind_speed_10m": 0.95,
        "last_updated": "2026-10-10T21:01:13Z"
      }
    },
    {
      "type": "Feature",
      "geometry": {
        "type": "Point",
        "coordinates": [
          2.356,
          45.0761
        ]
      },
      "properties": {
        "temperature_2m": 9.4,
        "precipitation": 0.0,
        "cloud_cover": 81,
        "wind_speed_10m": 0.78,
        "last_updated": "2026-10-10T21:01:13Z"
      }
    },
    {
      "type": "Feature",
      "geometry": {
        "type": "Point",
        "coordinates": [
          2.6143,
          45.0786
        ]
      },
      "properties": {
        "temperature_2m": 6.6,
        "precipitation": 0.0,
        "cloud_cover": 76,
        "wind_speed_10m": 2.06,
        "last_updated": "2026-10-10T21:01:13Z"
      }
    },
    {
      "type": "Feature",
      "geometry": {
        "type": "Point",
        "coordinates": [
          2.8527,
          45.0914
        ]
      },
      "properties": {
        "temperature_2m": 5.9,
        "precipitation": 0.0,
        "cloud_cover": 50,
        "wind_speed_10m": 1.0,
        "last_updated": "2026-10-10T21:01:13Z"
      }
    },
    {
      "type": "Feature",
      "geometry": {
        "type": "Point",
        "coordinates": [
          3.1112,
          45.0929
        ]
      },
      "properties": {
        "temperature_2m": 8.1,
        "precipitation": 0.0,
        "cloud_cover": 0,
        "wind_speed_10m": 2.31,
        "last_updated": "2026-10-10T21:01:13Z"
      }
    },
    {
      "type": "Feature",
      "geometry": {
        "type": "Point",
        "coordinates": [
          3.3676,
          45.0787
        ]
      },
      "properties": {
        "temperature_2m": 9.3,
        "precipitation": 0.0,
        "cloud_cover": 77,
        "wind_speed_10m": 0.92,
        "last_updated": "2026-10-10T21:01:13Z"
      }
    },
    {
      "type": "Feature",
      "geometry": {
        "type": "Point",
        "coordinates": [
          3.6051,
          45.0722
        ]
      },
      "properties": {
        "temperature_2m": 9.2,
        "precipitation": 0.0,
        "cloud_cover": 82,
        "wind_speed_10m": 1.7,
        "last_updated": "2026-10-10T21:01:13Z"
      }
    },
    {
      "type": "Feature",
      "geometry": {
        "type": "Point",
        "coordinates": [
          3.8636,
          45.0722
        ]
      },
      "properties": {
        "temperature_2m": 10.8,
        "precipitation": 0.0,
        "cloud_cover": 84,
        "wind_speed_10m": 1.43,
        "last_updated": "2026-10-10T21:01:13Z"
      }
    },
    {
      "type": "Feature",
      "geometry": {
        "type": "Point",
        "coordinates": [
          4.1022,
          45.0827
        ]
      },
      "properties": {
        "temperature_2m": 7.6,
        "precipitation": 0.0,
        "cloud_cover": 100,
        "wind_speed_10m": 1.82,
        "last_updated": "2026-10-10T21:01:13Z"
      }
    },
    {
      "type": "Feature",
      "geometry": {
        "type": "Point",
        "coordinates": [
          4.3608,
          45.0818
        ]
      },
      "properties": {
        "temperature_2m": 8.1,
        "precipitation": 0.0,
        "cloud_cover": 100,
        "wind_speed_10m": 3.04,
        "last_updated": "2026-10-10T21:01:13Z"
      }
    },
    {
      "type": "Feature",
      "geometry": {
        "type": "Point",
        "coordinates": [
          4.6379,
          45.0721
        ]
      },
      "properties": {
        "temperature_2m": 12.0,
        "precipitation": 0.0,
        "cloud_cover": 67,
        "wind_speed_10m": 1.08,
        "last_updated": "2026-10-10T21:01:13Z"
      }
    },
    {
      "type": "Feature",
      "geometry": {
        "type": "Point",
        "coordinates": [
          4.8583,
          45.0895
        ]
      },
      "properties": {
        "temperature_2m": 14.6,
        "precipitation": 0.0,
        "cloud_cover": 82,
        "wind_speed_10m": 4.2,
        "last_updated": "2026-10-10T21:01:13Z"
      }
    },
    {
      "type": "Feature",
      "geometry": {
        "type": "Point",
        "coordinates": [
          5.114,
          45.0719
        ]
      },
      "properties": {
        "temperature_2m": 15.2,
        "precipitation": 0.0,
        "cloud_cover": 90,
        "wind_speed_10m": 5.41,
        "last_updated": "2026-10-10T21:01:13Z"
      }
    },
    {
      "type": "Feature",
      "geometry": {
        "type": "Point",
        "coordinates": [
          5.3559,
          45.0953
        ]
      },
      "properties": {
        "temperature_2m": 12.1,
        "precipitation": 0.0,
        "cloud_cover": 84,
        "wind_speed_10m": 2.98,
        "last_updated": "2026-10-10T21:01:13Z"
      }
    },
    {
      "type": "Feature",
      "geometry": {
        "type": "Point",
        "coordinates": [
          5.6115,
          45.0768
        ]
      },
      "properties": {
        "temperature_2m": 4.8,
        "precipitation": 0.0,
        "cloud_cover": 85,
        "wind_speed_10m": 1.81,
        "last_updated": "2026-10-10T21:01:13Z"
      }
    },
    {
      "type": "Feature",
      "geometry": {
        "type": "Point",
        "coordinates": [
          5.8718,
          45.0908
        ]
      },
      "properties": {
        "temperature_2m": 6.6,
        "precipitation": 0.0,
        "cloud_cover": 40,
        "wind_speed_10m": 1.92,
        "last_updated": "2026-10-10T21:01:13Z"
      }
    },
    {
      "type": "Feature",
      "geometry": {
        "type": "Point",
        "coordinates": [
          6.1091,
          45.0797
        ]
      },
      "properties": {
        "temperature_2m": 4.4,
        "precipitation": 0.0,
        "cloud_cover": 0,
        "wind_speed_10m": 1.22,
        "last_updated": "2026-10-10T21:01:13Z"
      }
    },
    {
      "type": "Feature",
      "geometry": {
        "type": "Point",
        "coordinates": [
          6.4074,
          45.0729
        ]
      },
      "properties": {
        "temperature_2m": 0.8,
        "precipitation": 0.0,
        "cloud_cover": 75,
        "wind_speed_10m": 2.0,
        "last_updated": "2026-10-10T21:01:13Z"
      }
    },
    {
      "type": "Feature",
      "geometry": {
        "type": "Point",
        "coordinates": [
          6.6068,
          45.0808
        ]
      },
      "properties": {
        "temperature_2m": 4.2,
        "precipitation": 0.0,
        "cloud_cover": 0,
        "wind_speed_10m": 3.06,
        "last_updated": "2026-10-10T21:01:13Z"
      }
    },
    {
      "type": "Feature",
      "geometry": {
        "type": "Point",
        "coordinates": [
          6.8439,
          45.0684
        ]
      },
      "properties": {
        "temperature_2m": 6.7,
        "precipitation": 0.0,
        "cloud_cover": 0,
        "wind_speed_10m": 2.11,
        "last_updated": "2026-10-10T21:01:13Z"
      }
    },
    {
      "type": "Feature",
      "geometry": {
        "type": "Point",
        "coordinates": [
          7.1047,
          45.0799
        ]
      },
      "properties": {
        "temperature_2m": 5.7,
        "precipitation": 0.0,
        "cloud_cover": 0,
        "wind_speed_10m": 2.69,
        "last_updated": "2026-10-10T21:01:13Z"
      }
    },
    {
      "type": "Feature",
      "geometry": {
        "type": "Point",
        "coordinates": [
          7.3635,
          45.073
        ]
      },
      "properties": {
        "temperature_2m": 13.6,
        "precipitation": 0.0,
        "cloud_cover": 0,
        "wind_speed_10m": 1.2,
        "last_updated": "2026-10-10T21:01:13Z"
      }
    },
    {
      "type": "Feature",
      "geometry": {
        "type": "Point",
        "coordinates": [
          7.6026,
          45.0771
        ]
      },
      "properties": {
        "temperature_2m": 15.8,
        "precipitation": 0.0,
        "cloud_cover": 0,
        "wind_speed_10m": 0.5,
        "last_updated": "2026-10-10T21:01:13Z"
      }
    },
    {
      "type": "Feature",
      "geometry": {
        "type": "Point",
        "coordinates": [
          7.8636,
          45.0871
        ]
      },
      "properties": {
        "temperature_2m": 13.2,
        "precipitation": 0.0,
        "cloud_cover": 0,
        "wind_speed_10m": 0.82,
        "last_updated": "2026-10-10T21:01:13Z"
      }
    },
    {
      "type": "Feature",
      "geometry": {
        "type": "Point",
        "coordinates": [
          8.1226,
          45.0787
        ]
      },
      "properties": {
        "temperature_2m": 13.9,
        "precipitation": 0.0,
        "cloud_cover": 0,
        "wind_speed_10m": 0.67,
        "last_updated": "2026-10-10T21:01:13Z"
      }
    },
    {
      "type": "Feature",
      "geometry": {
        "type": "Point",
        "coordinates": [
          8.3617,
          45.0814
        ]
      },
      "properties": {
        "temperature_2m": 14.5,
        "precipitation": 0.0,
        "cloud_cover": 0,
        "wind_speed_10m": 0.92,
        "last_updated": "2026-10-10T21:01:13Z"
      }
    },
    {
      "type": "Feature",
      "geometry": {
        "type": "Point",
        "coordinates": [
          8.6206,
          45.072
        ]
      },
      "properties": {
        "temperature_2m": 13.5,
        "precipitation": 0.0,
        "cloud_cover": 0,
        "wind_speed_10m": 0.78,
        "last_updated": "2026-10-10T21:01:13Z"
      }
    },
    {
      "type": "Feature",
      "geometry": {
        "type": "Point",
        "coordinates": [
          8.8597,
          45.0737
        ]
      },
      "properties": {
        "temperature_2m": 14.1,
        "precipitation": 0.0,
        "cloud_cover": 0,
        "wind_speed_10m": 1.24,
        "last_updated": "2026-10-10T21:01:13Z"
      }
    },
    {
      "type": "Feature",
      "geometry": {
        "type": "Point",
        "coordinates": [
          9.1211,
          45.0811
        ]
      },
      "properties": {
        "temperature_2m": 14.3,
        "precipitation": 0.0,
        "cloud_cover": 7,
        "wind_speed_10m": 1.22,
        "last_updated": "2026-10-10T21:01:13Z"
      }
    },
    {
      "type": "Feature",
      "geometry": {
        "type": "Point",
        "coordinates": [
          9.3406,
          45.0731
        ]
      },
      "properties": {
        "temperature_2m": 14.2,
        "precipitation": 0.0,
        "cloud_cover": 0,
        "wind_speed_10m": 1.5,
        "last_updated": "2026-10-10T21:01:13Z"
      }
    },
    {
      "type": "Feature",
      "geometry": {
        "type": "Point",
        "coordinates": [
          9.6022,
          45.0795
        ]
      },
      "properties": {
        "temperature_2m": 14.4,
        "precipitation": 0.0,
        "cloud_cover": 0,
        "wind_speed_10m": 1.25,
        "last_updated": "2026-10-10T21:01:13Z"
      }
    },
    {
      "type": "Feature",
      "geometry": {
        "type": "Point",
        "coordinates": [
          -5.14,
          45.33
        ]
      },
      "properties": {
        "temperature_2m": 17.9,
        "precipitation": 0.0,
        "cloud_cover": 100,
        "wind_speed_10m": 1.14,
        "last_updated": "2026-10-10T21:01:13Z"
      }
    },
    {
      "type": "Feature",
      "geometry": {
        "type": "Point",
        "coordinates": [
          -4.89,
          45.33
        ]
      },
      "properties": {
        "temperature_2m": 17.7,
        "precipitation": 0.0,
        "cloud_cover": 100,
        "wind_speed_10m": 1.32,
        "last_updated": "2026-10-10T21:01:13Z"
      }
    },
    {
      "type": "Feature",
      "geometry": {
        "type": "Point",
        "coordinates": [
          -4.64,
          45.33
        ]
      },
      "properties": {
        "temperature_2m": 17.5,
        "precipitation": 0.0,
        "cloud_cover": 100,
        "wind_speed_10m": 0.67,
        "last_updated": "2026-10-10T21:01:13Z"
      }
    },
    {
      "type": "Feature",
      "geometry": {
        "type": "Point",
        "coordinates": [
          -4.39,
          45.33
        ]
      },
      "properties": {
        "temperature_2m": 17.4,
        "precipitation": 0.0,
        "cloud_cover": 100,
        "wind_speed_10m": 1.97,
        "last_updated": "2026-10-10T21:01:13Z"
      }
    },
    {
      "type": "Feature",
      "geometry": {
        "type": "Point",
        "coordinates": [
          -4.14,
          45.33
        ]
      },
      "properties": {
        "temperature_2m": 17.4,
        "precipitation": 0.0,
        "cloud_cover": 100,
        "wind_speed_10m": 1.79,
        "last_updated": "2026-10-10T21:01:13Z"
      }
    },
    {
      "type": "Feature",
      "geometry": {
        "type": "Point",
        "coordinates": [
          -3.89,
          45.33
        ]
      },
      "properties": {
        "temperature_2m": 17.1,
        "precipitation": 0.1,
        "cloud_cover": 100,
        "wind_speed_10m": 2.16,
        "last_updated": "2026-10-10T21:01:13Z"
      }
    },
    {
      "type": "Feature",
      "geometry": {
        "type": "Point",
        "coordinates": [
          -3.64,
          45.33
        ]
      },
      "properties": {
        "temperature_2m": 17.2,
        "precipitation": 0.0,
        "cloud_cover": 100,
        "wind_speed_10m": 2.37,
        "last_updated": "2026-10-10T21:01:13Z"
      }
    },
    {
      "type": "Feature",
      "geometry": {
        "type": "Point",
        "coordinates": [
          -3.39,
          45.33
        ]
      },
      "properties": {
        "temperature_2m": 17.1,
        "precipitation": 0.0,
        "cloud_cover": 100,
        "wind_speed_10m": 1.88,
        "last_updated": "2026-10-10T21:01:13Z"
      }
    },
    {
      "type": "Feature",
      "geometry": {
        "type": "Point",
        "coordinates": [
          -3.14,
          45.33
        ]
      },
      "properties": {
        "temperature_2m": 17.0,
        "precipitation": 0.0,
        "cloud_cover": 100,
        "wind_speed_10m": 1.66,
        "last_updated": "2026-10-10T21:01:13Z"
      }
    },
    {
      "type": "Feature",
      "geometry": {
        "type": "Point",
        "coordinates": [
          -2.89,
          45.33
        ]
      },
      "properties": {
        "temperature_2m": 16.8,
        "precipitation": 0.0,
        "cloud_cover": 100,
        "wind_speed_10m": 1.48,
        "last_updated": "2026-10-10T21:01:13Z"
      }
    },
    {
      "type": "Feature",
      "geometry": {
        "type": "Point",
        "coordinates": [
          -2.64,
          45.33
        ]
      },
      "properties": {
        "temperature_2m": 16.7,
        "precipitation": 0.0,
        "cloud_cover": 87,
        "wind_speed_10m": 1.86,
        "last_updated": "2026-10-10T21:01:13Z"
      }
    },
    {
      "type": "Feature",
      "geometry": {
        "type": "Point",
        "coordinates": [
          -2.39,
          45.33
        ]
      },
      "properties": {
        "temperature_2m": 16.7,
        "precipitation": 0.0,
        "cloud_cover": 91,
        "wind_speed_10m": 2.5,
        "last_updated": "2026-10-10T21:01:13Z"
      }
    },
    {
      "type": "Feature",
      "geometry": {
        "type": "Point",
        "coordinates": [
          -2.14,
          45.33
        ]
      },
      "properties": {
        "temperature_2m": 16.7,
        "precipitation": 0.0,
        "cloud_cover": 95,
        "wind_speed_10m": 3.96,
        "last_updated": "2026-10-10T21:01:13Z"
      }
    },
    {
      "type": "Feature",
      "geometry": {
        "type": "Point",
        "coordinates": [
          -1.89,
          45.33
        ]
      },
      "properties": {
        "temperature_2m": 16.6,
        "precipitation": 0.0,
        "cloud_cover": 95,
        "wind_speed_10m": 4.3,
        "last_updated": "2026-10-10T21:01:13Z"
      }
    },
    {
      "type": "Feature",
      "geometry": {
        "type": "Point",
        "coordinates": [
          -1.64,
          45.33
        ]
      },
      "properties": {
        "temperature_2m": 16.4,
        "precipitation": 0.0,
        "cloud_cover": 100,
        "wind_speed_10m": 4.64,
        "last_updated": "2026-10-10T21:01:13Z"
      }
    },
    {
      "type": "Feature",
      "geometry": {
        "type": "Point",
        "coordinates": [
          -1.39,
          45.33
        ]
      },
      "properties": {
        "temperature_2m": 16.0,
        "precipitation": 0.0,
        "cloud_cover": 100,
        "wind_speed_10m": 5.03,
        "last_updated": "2026-10-10T21:01:13Z"
      }
    },
    {
      "type": "Feature",
      "geometry": {
        "type": "Point",
        "coordinates": [
          -1.14,
          45.33
        ]
      },
      "properties": {
        "temperature_2m": 14.2,
        "precipitation": 0.0,
        "cloud_cover": 100,
        "wind_speed_10m": 2.69,
        "last_updated": "2026-10-10T21:01:13Z"
      }
    },
    {
      "type": "Feature",
      "geometry": {
        "type": "Point",
        "coordinates": [
          -0.89,
          45.33
        ]
      },
      "properties": {
        "temperature_2m": 9.7,
        "precipitation": 0.0,
        "cloud_cover": 100,
        "wind_speed_10m": 2.02,
        "last_updated": "2026-10-10T21:01:13Z"
      }
    },
    {
      "type": "Feature",
      "geometry": {
        "type": "Point",
        "coordinates": [
          -0.6379,
          45.3294
        ]
      },
      "properties": {
        "temperature_2m": 12.1,
        "precipitation": 0.0,
        "cloud_cover": 100,
        "wind_speed_10m": 1.2,
        "last_updated": "2026-10-10T21:01:13Z"
      }
    },
    {
      "type": "Feature",
      "geometry": {
        "type": "Point",
        "coordinates": [
          -0.3988,
          45.3301
        ]
      },
      "properties": {
        "temperature_2m": 11.4,
        "precipitation": 0.0,
        "cloud_cover": 70,
        "wind_speed_10m": 1.28,
        "last_updated": "2026-10-10T21:01:13Z"
      }
    },
    {
      "type": "Feature",
      "geometry": {
        "type": "Point",
        "coordinates": [
          -0.1398,
          45.338
        ]
      },
      "properties": {
        "temperature_2m": 11.9,
        "precipitation": 0.0,
        "cloud_cover": 89,
        "wind_speed_10m": 1.08,
        "last_updated": "2026-10-10T21:01:13Z"
      }
    },
    {
      "type": "Feature",
      "geometry": {
        "type": "Point",
        "coordinates": [
          0.1191,
          45.33
        ]
      },
      "properties": {
        "temperature_2m": 11.5,
        "precipitation": 0.0,
        "cloud_cover": 100,
        "wind_speed_10m": 0.5,
        "last_updated": "2026-10-10T21:01:13Z"
      }
    },
    {
      "type": "Feature",
      "geometry": {
        "type": "Point",
        "coordinates": [
          0.3581,
          45.3293
        ]
      },
      "properties": {
        "temperature_2m": 12.1,
        "precipitation": 0.0,
        "cloud_cover": 88,
        "wind_speed_10m": 0.36,
        "last_updated": "2026-10-10T21:01:13Z"
      }
    },
    {
      "type": "Feature",
      "geometry": {
        "type": "Point",
        "coordinates": [
          0.6174,
          45.3358
        ]
      },
      "properties": {
        "temperature_2m": 9.7,
        "precipitation": 0.0,
        "cloud_cover": 93,
        "wind_speed_10m": 0.5,
        "last_updated": "2026-10-10T21:01:13Z"
      }
    },
    {
      "type": "Feature",
      "geometry": {
        "type": "Point",
        "coordinates": [
          0.8564,
          45.3342
        ]
      },
      "properties": {
        "temperature_2m": 9.6,
        "precipitation": 0.0,
        "cloud_cover": 83,
        "wind_speed_10m": 1.14,
        "last_updated": "2026-10-10T21:01:13Z"
      }
    },
    {
      "type": "Feature",
      "geometry": {
        "type": "Point",
        "coordinates": [
          1.115,
          45.3243
        ]
      },
      "properties": {
        "temperature_2m": 8.9,
        "precipitation": 0.0,
        "cloud_cover": 74,
        "wind_speed_10m": 1.8,
        "last_updated": "2026-10-10T21:01:13Z"
      }
    },
    {
      "type": "Feature",
      "geometry": {
        "type": "Point",
        "coordinates": [
          1.3539,
          45.3218
        ]
      },
      "properties": {
        "temperature_2m": 9.7,
        "precipitation": 0.0,
        "cloud_cover": 96,
        "wind_speed_10m": 2.33,
        "last_updated": "2026-10-10T21:01:13Z"
      }
    },
    {
      "type": "Feature",
      "geometry": {
        "type": "Point",
        "coordinates": [
          1.6134,
          45.3262
        ]
      },
      "properties": {
        "temperature_2m": 9.2,
        "precipitation": 0.0,
        "cloud_cover": 84,
        "wind_speed_10m": 1.12,
        "last_updated": "2026-10-10T21:01:13Z"
      }
    },
    {
      "type": "Feature",
      "geometry": {
        "type": "Point",
        "coordinates": [
          1.8523,
          45.3229
        ]
      },
      "properties": {
        "temperature_2m": 8.9,
        "precipitation": 0.0,
        "cloud_cover": 64,
        "wind_speed_10m": 1.25,
        "last_updated": "2026-10-10T21:01:13Z"
      }
    },
    {
      "type": "Feature",
      "geometry": {
        "type": "Point",
        "coordinates": [
          2.1125,
          45.3443
        ]
      },
      "properties": {
        "temperature_2m": 8.9,
        "precipitation": 0.0,
        "cloud_cover": 92,
        "wind_speed_10m": 1.14,
        "last_updated": "2026-10-10T21:01:13Z"
      }
    },
    {
      "type": "Feature",
      "geometry": {
        "type": "Point",
        "coordinates": [
          2.3707,
          45.3319
        ]
      },
      "properties": {
        "temperature_2m": 9.7,
        "precipitation": 0.0,
        "cloud_cover": 89,
        "wind_speed_10m": 1.0,
        "last_updated": "2026-10-10T21:01:13Z"
      }
    },
    {
      "type": "Feature",
      "geometry": {
        "type": "Point",
        "coordinates": [
          2.6096,
          45.3272
        ]
      },
      "properties": {
        "temperature_2m": 9.0,
        "precipitation": 0.0,
        "cloud_cover": 85,
        "wind_speed_10m": 1.22,
        "last_updated": "2026-10-10T21:01:13Z"
      }
    },
    {
      "type": "Feature",
      "geometry": {
        "type": "Point",
        "coordinates": [
          2.8693,
          45.3292
        ]
      },
      "properties": {
        "temperature_2m": 7.3,
        "precipitation": 0.0,
        "cloud_cover": 91,
        "wind_speed_10m": 2.61,
        "last_updated": "2026-10-10T21:01:13Z"
      }
    },
    {
      "type": "Feature",
      "geometry": {
        "type": "Point",
        "coordinates": [
          3.1082,
          45.3235
        ]
      },
      "properties": {
        "temperature_2m": 9.0,
        "precipitation": 0.0,
        "cloud_cover": 100,
        "wind_speed_10m": 0.28,
        "last_updated": "2026-10-10T21:01:13Z"
      }
    },
    {
      "type": "Feature",
      "geometry": {
        "type": "Point",
        "coordinates": [
          3.348,
          45.3353
        ]
      },
      "properties": {
        "temperature_2m": 12.0,
        "precipitation": 0.0,
        "cloud_cover": 96,
        "wind_speed_10m": 1.44,
        "last_updated": "2026-10-10T21:01:13Z"
      }
    },
    {
      "type": "Feature",
      "geometry": {
        "type": "Point",
        "coordinates": [
          3.6079,
          45.3359
        ]
      },
      "properties": {
        "temperature_2m": 7.6,
        "precipitation": 0.0,
        "cloud_cover": 94,
        "wind_speed_10m": 0.98,
        "last_updated": "2026-10-10T21:01:13Z"
      }
    },
    {
      "type": "Feature",
      "geometry": {
        "type": "Point",
        "coordinates": [
          3.8467,
          45.3289
        ]
      },
      "properties": {
        "temperature_2m": 8.7,
        "precipitation": 0.0,
        "cloud_cover": 89,
        "wind_speed_10m": 2.73,
        "last_updated": "2026-10-10T21:01:13Z"
      }
    },
    {
      "type": "Feature",
      "geometry": {
        "type": "Point",
        "coordinates": [
          4.1265,
          45.3381
        ]
      },
      "properties": {
        "temperature_2m": 11.3,
        "precipitation": 0.0,
        "cloud_cover": 83,
        "wind_speed_10m": 0.81,
        "last_updated": "2026-10-10T21:01:13Z"
      }
    },
    {
      "type": "Feature",
      "geometry": {
        "type": "Point",
        "coordinates": [
          4.3653,
          45.3302
        ]
      },
      "properties": {
        "temperature_2m": 8.6,
        "precipitation": 0.0,
        "cloud_cover": 97,
        "wind_speed_10m": 3.11,
        "last_updated": "2026-10-10T21:01:13Z"
      }
    },
    {
      "type": "Feature",
      "geometry": {
        "type": "Point",
        "coordinates": [
          4.604,
          45.3218
        ]
      },
      "properties": {
        "temperature_2m": 10.0,
        "precipitation": 0.0,
        "cloud_cover": 0,
        "wind_speed_10m": 1.84,
        "last_updated": "2026-10-10T21:01:13Z"
      }
    },
    {
      "type": "Feature",
      "geometry": {
        "type": "Point",
        "coordinates": [
          4.8653,
          45.3378
        ]
      },
      "properties": {
        "temperature_2m": 14.1,
        "precipitation": 0.0,
        "cloud_cover": 72,
        "wind_speed_10m": 3.61,
        "last_updated": "2026-10-10T21:01:13Z"
      }
    },
    {
      "type": "Feature",
      "geometry": {
        "type": "Point",
        "coordinates": [
          5.104,
          45.3285
        ]
      },
      "properties": {
        "temperature_2m": 13.4,
        "precipitation": 0.0,
        "cloud_cover": 91,
        "wind_speed_10m": 2.02,
        "last_updated": "2026-10-10T21:01:13Z"
      }
    },
    {
      "type": "Feature",
      "geometry": {
        "type": "Point",
        "coordinates": [
          5.3641,
          45.3256
        ]
      },
      "properties": {
        "temperature_2m": 11.9,
        "precipitation": 0.0,
        "cloud_cover": 87,
        "wind_speed_10m": 1.14,
        "last_updated": "2026-10-10T21:01:13Z"
      }
    },
    {
      "type": "Feature",
      "geometry": {
        "type": "Point",
        "coordinates": [
          5.6042,
          45.3333
        ]
      },
      "properties": {
        "temperature_2m": 14.4,
        "precipitation": 0.0,
        "cloud_cover": 100,
        "wind_speed_10m": 0.81,
        "last_updated": "2026-10-10T21:01:13Z"
      }
    },
    {
      "type": "Feature",
      "geometry": {
        "type": "Point",
        "coordinates": [
          5.8427,
          45.3226
        ]
      },
      "properties": {
        "temperature_2m": 7.0,
        "precipitation": 0.0,
        "cloud_cover": 81,
        "wind_speed_10m": 1.04,
        "last_updated": "2026-10-10T21:01:13Z"
      }
    },
    {
      "type": "Feature",
      "geometry": {
        "type": "Point",
        "coordinates": [
          6.1029,
          45.3182
        ]
      },
      "properties": {
        "temperature_2m": 6.3,
        "precipitation": 0.0,
        "cloud_cover": 68,
        "wind_speed_10m": 1.0,
        "last_updated": "2026-10-10T21:01:13Z"
      }
    },
    {
      "type": "Feature",
      "geometry": {
        "type": "Point",
        "coordinates": [
          6.3486,
          45.3576
        ]
      },
      "properties": {
        "temperature_2m": 7.6,
        "precipitation": 0.0,
        "cloud_cover": 65,
        "wind_speed_10m": 0.78,
        "last_updated": "2026-10-10T21:01:13Z"
      }
    },
    {
      "type": "Feature",
      "geometry": {
        "type": "Point",
        "coordinates": [
          6.6211,
          45.3106
        ]
      },
      "properties": {
        "temperature_2m": -1.2,
        "precipitation": 0.0,
        "cloud_cover": 79,
        "wind_speed_10m": 1.17,
        "last_updated": "2026-10-10T21:01:13Z"
      }
    },
    {
      "type": "Feature",
      "geometry": {
        "type": "Point",
        "coordinates": [
          6.8653,
          45.3311
        ]
      },
      "properties": {
        "temperature_2m": -1.3,
        "precipitation": 0.0,
        "cloud_cover": 0,
        "wind_speed_10m": 2.06,
        "last_updated": "2026-10-10T21:01:13Z"
      }
    },
    {
      "type": "Feature",
      "geometry": {
        "type": "Point",
        "coordinates": [
          7.1056,
          45.3361
        ]
      },
      "properties": {
        "temperature_2m": -3.5,
        "precipitation": 0.0,
        "cloud_cover": 0,
        "wind_speed_10m": 4.99,
        "last_updated": "2026-10-10T21:01:13Z"
      }
    },
    {
      "type": "Feature",
      "geometry": {
        "type": "Point",
        "coordinates": [
          7.3439,
          45.3227
        ]
      },
      "properties": {
        "temperature_2m": 12.1,
        "precipitation": 0.0,
        "cloud_cover": 0,
        "wind_speed_10m": 4.02,
        "last_updated": "2026-10-10T21:01:13Z"
      }
    },
    {
      "type": "Feature",
      "geometry": {
        "type": "Point",
        "coordinates": [
          7.5886,
          45.3418
        ]
      },
      "properties": {
        "temperature_2m": 13.9,
        "precipitation": 0.0,
        "cloud_cover": 0,
        "wind_speed_10m": 1.86,
        "last_updated": "2026-10-10T21:01:13Z"
      }
    },
    {
      "type": "Feature",
      "geometry": {
        "type": "Point",
        "coordinates": [
          7.8666,
          45.3252
        ]
      },
      "properties": {
        "temperature_2m": 14.1,
        "precipitation": 0.0,
        "cloud_cover": 0,
        "wind_speed_10m": 1.22,
        "last_updated": "2026-10-10T21:01:13Z"
      }
    },
    {
      "type": "Feature",
      "geometry": {
        "type": "Point",
        "coordinates": [
          8.1069,
          45.3283
        ]
      },
      "properties": {
        "temperature_2m": 12.9,
        "precipitation": 0.0,
        "cloud_cover": 0,
        "wind_speed_10m": 1.14,
        "last_updated": "2026-10-10T21:01:13Z"
      }
    },
    {
      "type": "Feature",
      "geometry": {
        "type": "Point",
        "coordinates": [
          8.3695,
          45.3371
        ]
      },
      "properties": {
        "temperature_2m": 13.8,
        "precipitation": 0.0,
        "cloud_cover": 0,
        "wind_speed_10m": 0.9,
        "last_updated": "2026-10-10T21:01:13Z"
      }
    },
    {
      "type": "Feature",
      "geometry": {
        "type": "Point",
        "coordinates": [
          8.6076,
          45.3215
        ]
      },
      "properties": {
        "temperature_2m": 14.4,
        "precipitation": 0.0,
        "cloud_cover": 0,
        "wind_speed_10m": 0.63,
        "last_updated": "2026-10-10T21:01:13Z"
      }
    },
    {
      "type": "Feature",
      "geometry": {
        "type": "Point",
        "coordinates": [
          8.8703,
          45.3293
        ]
      },
      "properties": {
        "temperature_2m": 15.0,
        "precipitation": 0.0,
        "cloud_cover": 13,
        "wind_speed_10m": 1.0,
        "last_updated": "2026-10-10T21:01:13Z"
      }
    },
    {
      "type": "Feature",
      "geometry": {
        "type": "Point",
        "coordinates": [
          9.0935,
          45.3394
        ]
      },
      "properties": {
        "temperature_2m": 14.6,
        "precipitation": 0.0,
        "cloud_cover": 0,
        "wind_speed_10m": 1.3,
        "last_updated": "2026-10-10T21:01:13Z"
      }
    },
    {
      "type": "Feature",
      "geometry": {
        "type": "Point",
        "coordinates": [
          9.3539,
          45.3284
        ]
      },
      "properties": {
        "temperature_2m": 14.2,
        "precipitation": 0.0,
        "cloud_cover": 0,
        "wind_speed_10m": 1.5,
        "last_updated": "2026-10-10T21:01:13Z"
      }
    },
    {
      "type": "Feature",
      "geometry": {
        "type": "Point",
        "coordinates": [
          9.6169,
          45.3347
        ]
      },
      "properties": {
        "temperature_2m": 14.1,
        "precipitation": 0.0,
        "cloud_cover": 0,
        "wind_speed_10m": 1.36,
        "last_updated": "2026-10-10T21:01:13Z"
      }
    },
    {
      "type": "Feature",
      "geometry": {
        "type": "Point",
        "coordinates": [
          -5.14,
          45.58
        ]
      },
      "properties": {
        "temperature_2m": 17.7,
        "precipitation": 0.0,
        "cloud_cover": 100,
        "wind_speed_10m": 0.36,
        "last_updated": "2026-10-10T21:01:13Z"
      }
    },
    {
      "type": "Feature",
      "geometry": {
        "type": "Point",
        "coordinates": [
          -4.89,
          45.58
        ]
      },
      "properties": {
        "temperature_2m": 17.6,
        "precipitation": 0.0,
        "cloud_cover": 100,
        "wind_speed_10m": 1.14,
        "last_updated": "2026-10-10T21:01:13Z"
      }
    },
    {
      "type": "Feature",
      "geometry": {
        "type": "Point",
        "coordinates": [
          -4.64,
          45.58
        ]
      },
      "properties": {
        "temperature_2m": 17.2,
        "precipitation": 0.0,
        "cloud_cover": 100,
        "wind_speed_10m": 1.39,
        "last_updated": "2026-10-10T21:01:13Z"
      }
    },
    {
      "type": "Feature",
      "geometry": {
        "type": "Point",
        "coordinates": [
          -4.39,
          45.58
        ]
      },
      "properties": {
        "temperature_2m": 17.3,
        "precipitation": 0.0,
        "cloud_cover": 100,
        "wind_speed_10m": 0.67,
        "last_updated": "2026-10-10T21:01:13Z"
      }
    },
    {
      "type": "Feature",
      "geometry": {
        "type": "Point",
        "coordinates": [
          -4.14,
          45.58
        ]
      },
      "properties": {
        "temperature_2m": 17.1,
        "precipitation": 0.0,
        "cloud_cover": 100,
        "wind_speed_10m": 0.73,
        "last_updated": "2026-10-10T21:01:13Z"
      }
    },
    {
      "type": "Feature",
      "geometry": {
        "type": "Point",
        "coordinates": [
          -3.89,
          45.58
        ]
      },
      "properties": {
        "temperature_2m": 17.0,
        "precipitation": 0.0,
        "cloud_cover": 100,
        "wind_speed_10m": 1.58,
        "last_updated": "2026-10-10T21:01:13Z"
      }
    },
    {
      "type": "Feature",
      "geometry": {
        "type": "Point",
        "coordinates": [
          -3.64,
          45.58
        ]
      },
      "properties": {
        "temperature_2m": 16.9,
        "precipitation": 0.0,
        "cloud_cover": 97,
        "wind_speed_10m": 1.41,
        "last_updated": "2026-10-10T21:01:13Z"
      }
    },
    {
      "type": "Feature",
      "geometry": {
        "type": "Point",
        "coordinates": [
          -3.39,
          45.58
        ]
      },
      "properties": {
        "temperature_2m": 16.8,
        "precipitation": 0.0,
        "cloud_cover": 100,
        "wind_speed_10m": 1.27,
        "last_updated": "2026-10-10T21:01:13Z"
      }
    },
    {
      "type": "Feature",
      "geometry": {
        "type": "Point",
        "coordinates": [
          -3.14,
          45.58
        ]
      },
      "properties": {
        "temperature_2m": 16.7,
        "precipitation": 0.0,
        "cloud_cover": 44,
        "wind_speed_10m": 1.25,
        "last_updated": "2026-10-10T21:01:13Z"
      }
    },
    {
      "type": "Feature",
      "geometry": {
        "type": "Point",
        "coordinates": [
          -2.89,
          45.58
        ]
      },
      "properties": {
        "temperature_2m": 16.5,
        "precipitation": 0.0,
        "cloud_cover": 99,
        "wind_speed_10m": 1.61,
        "last_updated": "2026-10-10T21:01:13Z"
      }
    },
    {
      "type": "Feature",
      "geometry": {
        "type": "Point",
        "coordinates": [
          -2.64,
          45.58
        ]
      },
      "properties": {
        "temperature_2m": 16.4,
        "precipitation": 0.0,
        "cloud_cover": 100,
        "wind_speed_10m": 2.53,
        "last_updated": "2026-10-10T21:01:13Z"
      }
    },
    {
      "type": "Feature",
      "geometry": {
        "type": "Point",
        "coordinates": [
          -2.39,
          45.58
        ]
      },
      "properties": {
        "temperature_2m": 16.4,
        "precipitation": 0.0,
        "cloud_cover": 98,
        "wind_speed_10m": 3.16,
        "last_updated": "2026-10-10T21:01:13Z"
      }
    },
    {
      "type": "Feature",
      "geometry": {
        "type": "Point",
        "coordinates": [
          -2.14,
          45.58
        ]
      },
      "properties": {
        "temperature_2m": 16.4,
        "precipitation": 0.0,
        "cloud_cover": 50,
        "wind_speed_10m": 3.8,
        "last_updated": "2026-10-10T21:01:13Z"
      }
    },
    {
      "type": "Feature",
      "geometry": {
        "type": "Point",
        "coordinates": [
          -1.89,
          45.58
        ]
      },
      "properties": {
        "temperature_2m": 16.3,
        "precipitation": 0.0,
        "cloud_cover": 95,
        "wind_speed_10m": 4.3,
        "last_updated": "2026-10-10T21:01:13Z"
      }
    },
    {
      "type": "Feature",
      "geometry": {
        "type": "Point",
        "coordinates": [
          -1.64,
          45.58
        ]
      },
      "properties": {
        "temperature_2m": 16.1,
        "precipitation": 0.0,
        "cloud_cover": 99,
        "wind_speed_10m": 4.44,
        "last_updated": "2026-10-10T21:01:13Z"
      }
    },
    {
      "type": "Feature",
      "geometry": {
        "type": "Point",
        "coordinates": [
          -1.39,
          45.58
        ]
      },
      "properties": {
        "temperature_2m": 15.9,
        "precipitation": 0.0,
        "cloud_cover": 100,
        "wind_speed_10m": 5.11,
        "last_updated": "2026-10-10T21:01:13Z"
      }
    },
    {
      "type": "Feature",
      "geometry": {
        "type": "Point",
        "coordinates": [
          -1.14,
          45.58
        ]
      },
      "properties": {
        "temperature_2m": 15.5,
        "precipitation": 0.0,
        "cloud_cover": 100,
        "wind_speed_10m": 4.0,
        "last_updated": "2026-10-10T21:01:13Z"
      }
    },
    {
      "type": "Feature",
      "geometry": {
        "type": "Point",
        "coordinates": [
          -0.89,
          45.58
        ]
      },
      "properties": {
        "temperature_2m": 11.5,
        "precipitation": 0.0,
        "cloud_cover": 99,
        "wind_speed_10m": 2.36,
        "last_updated": "2026-10-10T21:01:13Z"
      }
    },
    {
      "type": "Feature",
      "geometry": {
        "type": "Point",
        "coordinates": [
          -0.6396,
          45.5853
        ]
      },
      "properties": {
        "temperature_2m": 11.2,
        "precipitation": 0.0,
        "cloud_cover": 75,
        "wind_speed_10m": 1.5,
        "last_updated": "2026-10-10T21:01:13Z"
      }
    },
    {
      "type": "Feature",
      "geometry": {
        "type": "Point",
        "coordinates": [
          -0.3992,
          45.586
        ]
      },
      "properties": {
        "temperature_2m": 12.6,
        "precipitation": 0.0,
        "cloud_cover": 67,
        "wind_speed_10m": 1.43,
        "last_updated": "2026-10-10T21:01:13Z"
      }
    },
    {
      "type": "Feature",
      "geometry": {
        "type": "Point",
        "coordinates": [
          -0.1387,
          45.5939
        ]
      },
      "properties": {
        "temperature_2m": 12.5,
        "precipitation": 0.0,
        "cloud_cover": 85,
        "wind_speed_10m": 1.08,
        "last_updated": "2026-10-10T21:01:13Z"
      }
    },
    {
      "type": "Feature",
      "geometry": {
        "type": "Point",
        "coordinates": [
          0.1215,
          45.5859
        ]
      },
      "properties": {
        "temperature_2m": 11.7,
        "precipitation": 0.0,
        "cloud_cover": 85,
        "wind_speed_10m": 0.61,
        "last_updated": "2026-10-10T21:01:13Z"
      }
    },
    {
      "type": "Feature",
      "geometry": {
        "type": "Point",
        "coordinates": [
          0.3619,
          45.5852
        ]
      },
      "properties": {
        "temperature_2m": 11.0,
        "precipitation": 0.0,
        "cloud_cover": 100,
        "wind_speed_10m": 0.92,
        "last_updated": "2026-10-10T21:01:13Z"
      }
    },
    {
      "type": "Feature",
      "geometry": {
        "type": "Point",
        "coordinates": [
          0.6022,
          45.5841
        ]
      },
      "properties": {
        "temperature_2m": 9.6,
        "precipitation": 0.0,
        "cloud_cover": 97,
        "wind_speed_10m": 0.85,
        "last_updated": "2026-10-10T21:01:13Z"
      }
    },
    {
      "type": "Feature",
      "geometry": {
        "type": "Point",
        "coordinates": [
          0.863,
          45.59
        ]
      },
      "properties": {
        "temperature_2m": 8.3,
        "precipitation": 0.0,
        "cloud_cover": 95,
        "wind_speed_10m": 1.14,
        "last_updated": "2026-10-10T21:01:13Z"
      }
    },
    {
      "type": "Feature",
      "geometry": {
        "type": "Point",
        "coordinates": [
          1.1229,
          45.5801
        ]
      },
      "properties": {
        "temperature_2m": 7.6,
        "precipitation": 0.0,
        "cloud_cover": 81,
        "wind_speed_10m": 1.36,
        "last_updated": "2026-10-10T21:01:13Z"
      }
    },
    {
      "type": "Feature",
      "geometry": {
        "type": "Point",
        "coordinates": [
          1.3632,
          45.5776
        ]
      },
      "properties": {
        "temperature_2m": 8.2,
        "precipitation": 0.0,
        "cloud_cover": 100,
        "wind_speed_10m": 1.57,
        "last_updated": "2026-10-10T21:01:13Z"
      }
    },
    {
      "type": "Feature",
      "geometry": {
        "type": "Point",
        "coordinates": [
          1.6035,
          45.5746
        ]
      },
      "properties": {
        "temperature_2m": 7.8,
        "precipitation": 0.0,
        "cloud_cover": 89,
        "wind_speed_10m": 1.7,
        "last_updated": "2026-10-10T21:01:13Z"
      }
    },
    {
      "type": "Feature",
      "geometry": {
        "type": "Point",
        "coordinates": [
          1.8643,
          45.5786
        ]
      },
      "properties": {
        "temperature_2m": 6.2,
        "precipitation": 0.0,
        "cloud_cover": 63,
        "wind_speed_10m": 1.4,
        "last_updated": "2026-10-10T21:01:13Z"
      }
    },
    {
      "type": "Feature",
      "geometry": {
        "type": "Point",
        "coordinates": [
          2.1046,
          45.5747
        ]
      },
      "properties": {
        "temperature_2m": 5.6,
        "precipitation": 0.0,
        "cloud_cover": 57,
        "wind_speed_10m": 1.41,
        "last_updated": "2026-10-10T21:01:13Z"
      }
    },
    {
      "type": "Feature",
      "geometry": {
        "type": "Point",
        "coordinates": [
          2.3455,
          45.5883
        ]
      },
      "properties": {
        "temperature_2m": 6.6,
        "precipitation": 0.0,
        "cloud_cover": 74,
        "wind_speed_10m": 1.72,
        "last_updated": "2026-10-10T21:01:13Z"
      }
    },
    {
      "type": "Feature",
      "geometry": {
        "type": "Point",
        "coordinates": [
          2.6066,
          45.5908
        ]
      },
      "properties": {
        "temperature_2m": 7.5,
        "precipitation": 0.0,
        "cloud_cover": 74,
        "wind_speed_10m": 1.06,
        "last_updated": "2026-10-10T21:01:13Z"
      }
    },
    {
      "type": "Feature",
      "geometry": {
        "type": "Point",
        "coordinates": [
          2.866,
          45.5775
        ]
      },
      "properties": {
        "temperature_2m": 5.8,
        "precipitation": 0.0,
        "cloud_cover": 76,
        "wind_speed_10m": 2.5,
        "last_updated": "2026-10-10T21:01:13Z"
      }
    },
    {
      "type": "Feature",
      "geometry": {
        "type": "Point",
        "coordinates": [
          3.1061,
          45.5718
        ]
      },
      "properties": {
        "temperature_2m": 10.9,
        "precipitation": 0.0,
        "cloud_cover": 100,
        "wind_speed_10m": 1.35,
        "last_updated": "2026-10-10T21:01:13Z"
      }
    },
    {
      "type": "Feature",
      "geometry": {
        "type": "Point",
        "coordinates": [
          3.3673,
          45.5729
        ]
      },
      "properties": {
        "temperature_2m": 11.0,
        "precipitation": 0.0,
        "cloud_cover": 94,
        "wind_speed_10m": 1.43,
        "last_updated": "2026-10-10T21:01:13Z"
      }
    },
    {
      "type": "Feature",
      "geometry": {
        "type": "Point",
        "coordinates": [
          3.6084,
          45.5842
        ]
      },
      "properties": {
        "temperature_2m": 8.9,
        "precipitation": 0.0,
        "cloud_cover": 97,
        "wind_speed_10m": 2.15,
        "last_updated": "2026-10-10T21:01:13Z"
      }
    },
    {
      "type": "Feature",
      "geometry": {
        "type": "Point",
        "coordinates": [
          3.8697,
          45.5842
        ]
      },
      "properties": {
        "temperature_2m": 5.4,
        "precipitation": 0.0,
        "cloud_cover": 61,
        "wind_speed_10m": 3.16,
        "last_updated": "2026-10-10T21:01:13Z"
      }
    },
    {
      "type": "Feature",
      "geometry": {
        "type": "Point",
        "coordinates": [
          4.1098,
          45.5767
        ]
      },
      "properties": {
        "temperature_2m": 11.5,
        "precipitation": 0.0,
        "cloud_cover": 79,
        "wind_speed_10m": 0.85,
        "last_updated": "2026-10-10T21:01:13Z"
      }
    },
    {
      "type": "Feature",
      "geometry": {
        "type": "Point",
        "coordinates": [
          4.3511,
          45.5866
        ]
      },
      "properties": {
        "temperature_2m": 10.4,
        "precipitation": 0.0,
        "cloud_cover": 62,
        "wind_speed_10m": 1.51,
        "last_updated": "2026-10-10T21:01:13Z"
      }
    },
    {
      "type": "Feature",
      "geometry": {
        "type": "Point",
        "coordinates": [
          4.6125,
          45.5851
        ]
      },
      "properties": {
        "temperature_2m": 11.2,
        "precipitation": 0.0,
        "cloud_cover": 67,
        "wind_speed_10m": 0.2,
        "last_updated": "2026-10-10T21:01:13Z"
      }
    },
    {
      "type": "Feature",
      "geometry": {
        "type": "Point",
        "coordinates": [
          4.8526,
          45.5763
        ]
      },
      "properties": {
        "temperature_2m": 12.8,
        "precipitation": 0.0,
        "cloud_cover": 73,
        "wind_speed_10m": 2.38,
        "last_updated": "2026-10-10T21:01:13Z"
      }
    },
    {
      "type": "Feature",
      "geometry": {
        "type": "Point",
        "coordinates": [
          5.0939,
          45.5849
        ]
      },
      "properties": {
        "temperature_2m": 12.3,
        "precipitation": 0.0,
        "cloud_cover": 69,
        "wind_speed_10m": 2.52,
        "last_updated": "2026-10-10T21:01:13Z"
      }
    },
    {
      "type": "Feature",
      "geometry": {
        "type": "Point",
        "coordinates": [
          5.3554,
          45.5819
        ]
      },
      "properties": {
        "temperature_2m": 11.7,
        "precipitation": 0.0,
        "cloud_cover": 91,
        "wind_speed_10m": 2.69,
        "last_updated": "2026-10-10T21:01:13Z"
      }
    },
    {
      "type": "Feature",
      "geometry": {
        "type": "Point",
        "coordinates": [
          5.5953,
          45.5717
        ]
      },
      "properties": {
        "temperature_2m": 13.3,
        "precipitation": 0.0,
        "cloud_cover": 97,
        "wind_speed_10m": 1.58,
        "last_updated": "2026-10-10T21:01:13Z"
      }
    },
    {
      "type": "Feature",
      "geometry": {
        "type": "Point",
        "coordinates": [
          5.8585,
          45.5856
        ]
      },
      "properties": {
        "temperature_2m": 12.5,
        "precipitation": 0.0,
        "cloud_cover": 83,
        "wind_speed_10m": 2.02,
        "last_updated": "2026-10-10T21:01:13Z"
      }
    },
    {
      "type": "Feature",
      "geometry": {
        "type": "Point",
        "coordinates": [
          6.0983,
          45.5745
        ]
      },
      "properties": {
        "temperature_2m": 8.0,
        "precipitation": 0.0,
        "cloud_cover": 81,
        "wind_speed_10m": 2.22,
        "last_updated": "2026-10-10T21:01:13Z"
      }
    },
    {
      "type": "Feature",
      "geometry": {
        "type": "Point",
        "coordinates": [
          6.338,
          45.5629
        ]
      },
      "properties": {
        "temperature_2m": 6.0,
        "precipitation": 0.0,
        "cloud_cover": 76,
        "wind_speed_10m": 0.32,
        "last_updated": "2026-10-10T21:01:13Z"
      }
    },
    {
      "type": "Feature",
      "geometry": {
        "type": "Point",
        "coordinates": [
          6.6252,
          45.5997
        ]
      },
      "properties": {
        "temperature_2m": 2.4,
        "precipitation": 0.0,
        "cloud_cover": 23,
        "wind_speed_10m": 2.28,
        "last_updated": "2026-10-10T21:01:13Z"
      }
    },
    {
      "type": "Feature",
      "geometry": {
        "type": "Point",
        "coordinates": [
          6.881,
          45.5607
        ]
      },
      "properties": {
        "temperature_2m": 4.9,
        "precipitation": 0.0,
        "cloud_cover": 58,
        "wind_speed_10m": 0.73,
        "last_updated": "2026-10-10T21:01:13Z"
      }
    },
    {
      "type": "Feature",
      "geometry": {
        "type": "Point",
        "coordinates": [
          7.1047,
          45.5742
        ]
      },
      "properties": {
        "temperature_2m": 2.1,
        "precipitation": 0.0,
        "cloud_cover": 0,
        "wind_speed_10m": 3.13,
        "last_updated": "2026-10-10T21:01:13Z"
      }
    },
    {
      "type": "Feature",
      "geometry": {
        "type": "Point",
        "coordinates": [
          7.3442,
          45.5608
        ]
      },
      "properties": {
        "temperature_2m": 0.6,
        "precipitation": 0.0,
        "cloud_cover": 0,
        "wind_speed_10m": 1.0,
        "last_updated": "2026-10-10T21:01:13Z"
      }
    },
    {
      "type": "Feature",
      "geometry": {
        "type": "Point",
        "coordinates": [
          7.6101,
          45.5889
        ]
      },
      "properties": {
        "temperature_2m": 4.6,
        "precipitation": 0.0,
        "cloud_cover": 0,
        "wind_speed_10m": 0.63,
        "last_updated": "2026-10-10T21:01:13Z"
      }
    },
    {
      "type": "Feature",
      "geometry": {
        "type": "Point",
        "coordinates": [
          7.8872,
          45.5544
        ]
      },
      "properties": {
        "temperature_2m": 11.1,
        "precipitation": 0.0,
        "cloud_cover": 0,
        "wind_speed_10m": 3.61,
        "last_updated": "2026-10-10T21:01:13Z"
      }
    },
    {
      "type": "Feature",
      "geometry": {
        "type": "Point",
        "coordinates": [
          8.1135,
          45.5839
        ]
      },
      "properties": {
        "temperature_2m": 13.5,
        "precipitation": 0.0,
        "cloud_cover": 0,
        "wind_speed_10m": 2.1,
        "last_updated": "2026-10-10T21:01:13Z"
      }
    },
    {
      "type": "Feature",
      "geometry": {
        "type": "Point",
        "coordinates": [
          8.3752,
          45.5749
        ]
      },
      "properties": {
        "temperature_2m": 12.0,
        "precipitation": 0.0,
        "cloud_cover": 61,
        "wind_speed_10m": 1.22,
        "last_updated": "2026-10-10T21:01:13Z"
      }
    },
    {
      "type": "Feature",
      "geometry": {
        "type": "Point",
        "coordinates": [
          8.6169,
          45.5769
        ]
      },
      "properties": {
        "temperature_2m": 13.4,
        "precipitation": 0.0,
        "cloud_cover": 31,
        "wind_speed_10m": 1.28,
        "last_updated": "2026-10-10T21:01:13Z"
      }
    },
    {
      "type": "Feature",
      "geometry": {
        "type": "Point",
        "coordinates": [
          8.8637,
          45.5935
        ]
      },
      "properties": {
        "temperature_2m": 14.9,
        "precipitation": 0.0,
        "cloud_cover": 0,
        "wind_speed_10m": 1.21,
        "last_updated": "2026-10-10T21:01:13Z"
      }
    },
    {
      "type": "Feature",
      "geometry": {
        "type": "Point",
        "coordinates": [
          9.103,
          45.5769
        ]
      },
      "properties": {
        "temperature_2m": 14.5,
        "precipitation": 0.0,
        "cloud_cover": 0,
        "wind_speed_10m": 1.52,
        "last_updated": "2026-10-10T21:01:13Z"
      }
    },
    {
      "type": "Feature",
      "geometry": {
        "type": "Point",
        "coordinates": [
          9.3673,
          45.5836
        ]
      },
      "properties": {
        "temperature_2m": 14.9,
        "precipitation": 0.0,
        "cloud_cover": 0,
        "wind_speed_10m": 1.12,
        "last_updated": "2026-10-10T21:01:13Z"
      }
    },
    {
      "type": "Feature",
      "geometry": {
        "type": "Point",
        "coordinates": [
          9.6091,
          45.5837
        ]
      },
      "properties": {
        "temperature_2m": 14.9,
        "precipitation": 0.0,
        "cloud_cover": 0,
        "wind_speed_10m": 0.85,
        "last_updated": "2026-10-10T21:01:13Z"
      }
    },
    {
      "type": "Feature",
      "geometry": {
        "type": "Point",
        "coordinates": [
          -5.14,
          45.83
        ]
      },
      "properties": {
        "temperature_2m": 17.6,
        "precipitation": 0.0,
        "cloud_cover": 100,
        "wind_speed_10m": 0.28,
        "last_updated": "2026-10-10T21:01:13Z"
      }
    },
    {
      "type": "Feature",
      "geometry": {
        "type": "Point",
        "coordinates": [
          -4.89,
          45.83
        ]
      },
      "properties": {
        "temperature_2m": 17.5,
        "precipitation": 0.0,
        "cloud_cover": 100,
        "wind_speed_10m": 0.14,
        "last_updated": "2026-10-10T21:01:13Z"
      }
    },
    {
      "type": "Feature",
      "geometry": {
        "type": "Point",
        "coordinates": [
          -4.64,
          45.83
        ]
      },
      "properties": {
        "temperature_2m": 17.5,
        "precipitation": 0.0,
        "cloud_cover": 100,
        "wind_speed_10m": 0.91,
        "last_updated": "2026-10-10T21:01:13Z"
      }
    },
    {
      "type": "Feature",
      "geometry": {
        "type": "Point",
        "coordinates": [
          -4.39,
          45.83
        ]
      },
      "properties": {
        "temperature_2m": 17.2,
        "precipitation": 0.0,
        "cloud_cover": 100,
        "wind_speed_10m": 1.22,
        "last_updated": "2026-10-10T21:01:13Z"
      }
    },
    {
      "type": "Feature",
      "geometry": {
        "type": "Point",
        "coordinates": [
          -4.14,
          45.83
        ]
      },
      "properties": {
        "temperature_2m": 17.0,
        "precipitation": 0.0,
        "cloud_cover": 100,
        "wind_speed_10m": 1.22,
        "last_updated": "2026-10-10T21:01:13Z"
      }
    },
    {
      "type": "Feature",
      "geometry": {
        "type": "Point",
        "coordinates": [
          -3.89,
          45.83
        ]
      },
      "properties": {
        "temperature_2m": 16.9,
        "precipitation": 0.0,
        "cloud_cover": 100,
        "wind_speed_10m": 1.41,
        "last_updated": "2026-10-10T21:01:13Z"
      }
    },
    {
      "type": "Feature",
      "geometry": {
        "type": "Point",
        "coordinates": [
          -3.64,
          45.83
        ]
      },
      "properties": {
        "temperature_2m": 16.8,
        "precipitation": 0.0,
        "cloud_cover": 100,
        "wind_speed_10m": 1.36,
        "last_updated": "2026-10-10T21:01:13Z"
      }
    },
    {
      "type": "Feature",
      "geometry": {
        "type": "Point",
        "coordinates": [
          -3.39,
          45.83
        ]
      },
      "properties": {
        "temperature_2m": 16.7,
        "precipitation": 0.0,
        "cloud_cover": 79,
        "wind_speed_10m": 1.46,
        "last_updated": "2026-10-10T21:01:13Z"
      }
    },
    {
      "type": "Feature",
      "geometry": {
        "type": "Point",
        "coordinates": [
          -3.14,
          45.83
        ]
      },
      "properties": {
        "temperature_2m": 16.4,
        "precipitation": 0.0,
        "cloud_cover": 100,
        "wind_speed_10m": 0.64,
        "last_updated": "2026-10-10T21:01:13Z"
      }
    },
    {
      "type": "Feature",
      "geometry": {
        "type": "Point",
        "coordinates": [
          -2.89,
          45.83
        ]
      },
      "properties": {
        "temperature_2m": 16.2,
        "precipitation": 0.0,
        "cloud_cover": 99,
        "wind_speed_10m": 0.22,
        "last_updated": "2026-10-10T21:01:13Z"
      }
    },
    {
      "type": "Feature",
      "geometry": {
        "type": "Point",
        "coordinates": [
          -2.64,
          45.83
        ]
      },
      "properties": {
        "temperature_2m": 16.2,
        "precipitation": 0.0,
        "cloud_cover": 100,
        "wind_speed_10m": 0.92,
        "last_updated": "2026-10-10T21:01:13Z"
      }
    },
    {
      "type": "Feature",
      "geometry": {
        "type": "Point",
        "coordinates": [
          -2.39,
          45.83
        ]
      },
      "properties": {
        "temperature_2m": 16.1,
        "precipitation": 0.0,
        "cloud_cover": 88,
        "wind_speed_10m": 1.8,
        "last_updated": "2026-10-10T21:01:13Z"
      }
    },
    {
      "type": "Feature",
      "geometry": {
        "type": "Point",
        "coordinates": [
          -2.14,
          45.83
        ]
      },
      "properties": {
        "temperature_2m": 16.1,
        "precipitation": 0.0,
        "cloud_cover": 34,
        "wind_speed_10m": 3.2,
        "last_updated": "2026-10-10T21:01:13Z"
      }
    },
    {
      "type": "Feature",
      "geometry": {
        "type": "Point",
        "coordinates": [
          -1.89,
          45.83
        ]
      },
      "properties": {
        "temperature_2m": 16.0,
        "precipitation": 0.0,
        "cloud_cover": 100,
        "wind_speed_10m": 3.8,
        "last_updated": "2026-10-10T21:01:13Z"
      }
    },
    {
      "type": "Feature",
      "geometry": {
        "type": "Point",
        "coordinates": [
          -1.64,
          45.83
        ]
      },
      "properties": {
        "temperature_2m": 15.9,
        "precipitation": 0.0,
        "cloud_cover": 97,
        "wind_speed_10m": 4.63,
        "last_updated": "2026-10-10T21:01:13Z"
      }
    },
    {
      "type": "Feature",
      "geometry": {
        "type": "Point",
        "coordinates": [
          -1.39,
          45.83
        ]
      },
      "properties": {
        "temperature_2m": 15.8,
        "precipitation": 0.0,
        "cloud_cover": 78,
        "wind_speed_10m": 4.85,
        "last_updated": "2026-10-10T21:01:13Z"
      }
    },
    {
      "type": "Feature",
      "geometry": {
        "type": "Point",
        "coordinates": [
          -1.14,
          45.83
        ]
      },
      "properties": {
        "temperature_2m": 13.0,
        "precipitation": 0.0,
        "cloud_cover": 100,
        "wind_speed_10m": 3.28,
        "last_updated": "2026-10-10T21:01:13Z"
      }
    },
    {
      "type": "Feature",
      "geometry": {
        "type": "Point",
        "coordinates": [
          -0.89,
          45.83
        ]
      },
      "properties": {
        "temperature_2m": 10.5,
        "precipitation": 0.0,
        "cloud_cover": 95,
        "wind_speed_10m": 1.3,
        "last_updated": "2026-10-10T21:01:13Z"
      }
    },
    {
      "type": "Feature",
      "geometry": {
        "type": "Point",
        "coordinates": [
          -0.6412,
          45.8231
        ]
      },
      "properties": {
        "temperature_2m": 11.5,
        "precipitation": 0.0,
        "cloud_cover": 51,
        "wind_speed_10m": 1.21,
        "last_updated": "2026-10-10T21:01:13Z"
      }
    },
    {
      "type": "Feature",
      "geometry": {
        "type": "Point",
        "coordinates": [
          -0.3996,
          45.8238
        ]
      },
      "properties": {
        "temperature_2m": 11.2,
        "precipitation": 0.0,
        "cloud_cover": 73,
        "wind_speed_10m": 1.75,
        "last_updated": "2026-10-10T21:01:13Z"
      }
    },
    {
      "type": "Feature",
      "geometry": {
        "type": "Point",
        "coordinates": [
          -0.1379,
          45.8163
        ]
      },
      "properties": {
        "temperature_2m": 13.0,
        "precipitation": 0.0,
        "cloud_cover": 78,
        "wind_speed_10m": 0.51,
        "last_updated": "2026-10-10T21:01:13Z"
      }
    },
    {
      "type": "Feature",
      "geometry": {
        "type": "Point",
        "coordinates": [
          0.1239,
          45.8237
        ]
      },
      "properties": {
        "temperature_2m": 12.2,
        "precipitation": 0.0,
        "cloud_cover": 92,
        "wind_speed_10m": 0.2,
        "last_updated": "2026-10-10T21:01:13Z"
      }
    },
    {
      "type": "Feature",
      "geometry": {
        "type": "Point",
        "coordinates": [
          0.3656,
          45.823
        ]
      },
      "properties": {
        "temperature_2m": 12.1,
        "precipitation": 0.0,
        "cloud_cover": 100,
        "wind_speed_10m": 0.0,
        "last_updated": "2026-10-10T21:01:13Z"
      }
    },
    {
      "type": "Feature",
      "geometry": {
        "type": "Point",
        "coordinates": [
          0.6072,
          45.8219
        ]
      },
      "properties": {
        "temperature_2m": 10.7,
        "precipitation": 0.0,
        "cloud_cover": 99,
        "wind_speed_10m": 0.98,
        "last_updated": "2026-10-10T21:01:13Z"
      }
    },
    {
      "type": "Feature",
      "geometry": {
        "type": "Point",
        "coordinates": [
          0.849,
          45.8381
        ]
      },
      "properties": {
        "temperature_2m": 9.7,
        "precipitation": 0.0,
        "cloud_cover": 100,
        "wind_speed_10m": 0.81,
        "last_updated": "2026-10-10T21:01:13Z"
      }
    },
    {
      "type": "Feature",
      "geometry": {
        "type": "Point",
        "coordinates": [
          1.1113,
          45.8436
        ]
      },
      "properties": {
        "temperature_2m": 9.3,
        "precipitation": 0.0,
        "cloud_cover": 82,
        "wind_speed_10m": 0.61,
        "last_updated": "2026-10-10T21:01:13Z"
      }
    },
    {
      "type": "Feature",
      "geometry": {
        "type": "Point",
        "coordinates": [
          1.3726,
          45.8332
        ]
      },
      "properties": {
        "temperature_2m": 9.7,
        "precipitation": 0.0,
        "cloud_cover": 99,
        "wind_speed_10m": 0.67,
        "last_updated": "2026-10-10T21:01:13Z"
      }
    },
    {
      "type": "Feature",
      "geometry": {
        "type": "Point",
        "coordinates": [
          1.6141,
          45.8302
        ]
      },
      "properties": {
        "temperature_2m": 9.1,
        "precipitation": 0.0,
        "cloud_cover": 91,
        "wind_speed_10m": 0.73,
        "last_updated": "2026-10-10T21:01:13Z"
      }
    },
    {
      "type": "Feature",
      "geometry": {
        "type": "Point",
        "coordinates": [
          1.8557,
          45.8268
        ]
      },
      "properties": {
        "temperature_2m": 7.8,
        "precipitation": 0.0,
        "cloud_cover": 90,
        "wind_speed_10m": 0.8,
        "last_updated": "2026-10-10T21:01:13Z"
      }
    },
    {
      "type": "Feature",
      "geometry": {
        "type": "Point",
        "coordinates": [
          2.1181,
          45.8302
        ]
      },
      "properties": {
        "temperature_2m": 6.9,
        "precipitation": 0.0,
        "cloud_cover": 70,
        "wind_speed_10m": 1.1,
        "last_updated": "2026-10-10T21:01:13Z"
      }
    },
    {
      "type": "Feature",
      "geometry": {
        "type": "Point",
        "coordinates": [
          2.3596,
          45.8259
        ]
      },
      "properties": {
        "temperature_2m": 7.1,
        "precipitation": 0.0,
        "cloud_cover": 59,
        "wind_speed_10m": 0.54,
        "last_updated": "2026-10-10T21:01:13Z"
      }
    },
    {
      "type": "Feature",
      "geometry": {
        "type": "Point",
        "coordinates": [
          2.6019,
          45.839
        ]
      },
      "properties": {
        "temperature_2m": 7.1,
        "precipitation": 0.0,
        "cloud_cover": 69,
        "wind_speed_10m": 1.02,
        "last_updated": "2026-10-10T21:01:13Z"
      }
    },
    {
      "type": "Feature",
      "geometry": {
        "type": "Point",
        "coordinates": [
          2.8645,
          45.841
        ]
      },
      "properties": {
        "temperature_2m": 7.9,
        "precipitation": 0.0,
        "cloud_cover": 62,
        "wind_speed_10m": 0.54,
        "last_updated": "2026-10-10T21:01:13Z"
      }
    },
    {
      "type": "Feature",
      "geometry": {
        "type": "Point",
        "coordinates": [
          3.106,
          45.8353
        ]
      },
      "properties": {
        "temperature_2m": 10.3,
        "precipitation": 0.0,
        "cloud_cover": 87,
        "wind_speed_10m": 1.91,
        "last_updated": "2026-10-10T21:01:13Z"
      }
    },
    {
      "type": "Feature",
      "geometry": {
        "type": "Point",
        "coordinates": [
          3.3475,
          45.8291
        ]
      },
      "properties": {
        "temperature_2m": 11.6,
        "precipitation": 0.0,
        "cloud_cover": 73,
        "wind_speed_10m": 1.36,
        "last_updated": "2026-10-10T21:01:13Z"
      }
    },
    {
      "type": "Feature",
      "geometry": {
        "type": "Point",
        "coordinates": [
          3.59,
          45.8404
        ]
      },
      "properties": {
        "temperature_2m": 8.6,
        "precipitation": 0.0,
        "cloud_cover": 78,
        "wind_speed_10m": 1.43,
        "last_updated": "2026-10-10T21:01:13Z"
      }
    },
    {
      "type": "Feature",
      "geometry": {
        "type": "Point",
        "coordinates": [
          3.8717,
          45.8322
        ]
      },
      "properties": {
        "temperature_2m": 8.4,
        "precipitation": 0.0,
        "cloud_cover": 55,
        "wind_speed_10m": 1.56,
        "last_updated": "2026-10-10T21:01:13Z"
      }
    },
    {
      "type": "Feature",
      "geometry": {
        "type": "Point",
        "coordinates": [
          4.113,
          45.8246
        ]
      },
      "properties": {
        "temperature_2m": 10.3,
        "precipitation": 0.0,
        "cloud_cover": 77,
        "wind_speed_10m": 1.06,
        "last_updated": "2026-10-10T21:01:13Z"
      }
    },
    {
      "type": "Feature",
      "geometry": {
        "type": "Point",
        "coordinates": [
          4.3758,
          45.8236
        ]
      },
      "properties": {
        "temperature_2m": 9.1,
        "precipitation": 0.0,
        "cloud_cover": 64,
        "wind_speed_10m": 2.61,
        "last_updated": "2026-10-10T21:01:13Z"
      }
    },
    {
      "type": "Feature",
      "geometry": {
        "type": "Point",
        "coordinates": [
          4.6184,
          45.833
        ]
      },
      "properties": {
        "temperature_2m": 10.4,
        "precipitation": 0.0,
        "cloud_cover": 5,
        "wind_speed_10m": 0.82,
        "last_updated": "2026-10-10T21:01:13Z"
      }
    },
    {
      "type": "Feature",
      "geometry": {
        "type": "Point",
        "coordinates": [
          4.8597,
          45.8241
        ]
      },
      "properties": {
        "temperature_2m": 12.4,
        "precipitation": 0.0,
        "cloud_cover": 64,
        "wind_speed_10m": 0.71,
        "last_updated": "2026-10-10T21:01:13Z"
      }
    },
    {
      "type": "Feature",
      "geometry": {
        "type": "Point",
        "coordinates": [
          5.1225,
          45.8216
        ]
      },
      "properties": {
        "temperature_2m": 12.9,
        "precipitation": 0.0,
        "cloud_cover": 95,
        "wind_speed_10m": 1.97,
        "last_updated": "2026-10-10T21:01:13Z"
      }
    },
    {
      "type": "Feature",
      "geometry": {
        "type": "Point",
        "coordinates": [
          5.3652,
          45.8296
        ]
      },
      "properties": {
        "temperature_2m": 12.5,
        "precipitation": 0.0,
        "cloud_cover": 76,
        "wind_speed_10m": 3.26,
        "last_updated": "2026-10-10T21:01:13Z"
      }
    },
    {
      "type": "Feature",
      "geometry": {
        "type": "Point",
        "coordinates": [
          5.6064,
          45.8193
        ]
      },
      "properties": {
        "temperature_2m": 10.7,
        "precipitation": 0.0,
        "cloud_cover": 38,
        "wind_speed_10m": 3.5,
        "last_updated": "2026-10-10T21:01:13Z"
      }
    },
    {
      "type": "Feature",
      "geometry": {
        "type": "Point",
        "coordinates": [
          5.8693,
          45.8154
        ]
      },
      "properties": {
        "temperature_2m": 10.6,
        "precipitation": 0.0,
        "cloud_cover": 82,
        "wind_speed_10m": 0.89,
        "last_updated": "2026-10-10T21:01:13Z"
      }
    },
    {
      "type": "Feature",
      "geometry": {
        "type": "Point",
        "coordinates": [
          6.112,
          45.822
        ]
      },
      "properties": {
        "temperature_2m": 7.9,
        "precipitation": 0.0,
        "cloud_cover": 97,
        "wind_speed_10m": 1.63,
        "last_updated": "2026-10-10T21:01:13Z"
      }
    },
    {
      "type": "Feature",
      "geometry": {
        "type": "Point",
        "coordinates": [
          6.3768,
          45.8347
        ]
      },
      "properties": {
        "temperature_2m": 6.8,
        "precipitation": 0.0,
        "cloud_cover": 100,
        "wind_speed_10m": 0.73,
        "last_updated": "2026-10-10T21:01:13Z"
      }
    },
    {
      "type": "Feature",
      "geometry": {
        "type": "Point",
        "coordinates": [
          6.6178,
          45.8226
        ]
      },
      "properties": {
        "temperature_2m": 5.1,
        "precipitation": 0.0,
        "cloud_cover": 51,
        "wind_speed_10m": 1.7,
        "last_updated": "2026-10-10T21:01:13Z"
      }
    },
    {
      "type": "Feature",
      "geometry": {
        "type": "Point",
        "coordinates": [
          6.8647,
          45.843
        ]
      },
      "properties": {
        "temperature_2m": -10.7,
        "precipitation": 0.0,
        "cloud_cover": 0,
        "wind_speed_10m": 5.59,
        "last_updated": "2026-10-10T21:01:13Z"
      }
    },
    {
      "type": "Feature",
      "geometry": {
        "type": "Point",
        "coordinates": [
          7.1057,
          45.83
        ]
      },
      "properties": {
        "temperature_2m": 1.3,
        "precipitation": 0.0,
        "cloud_cover": 0,
        "wind_speed_10m": 2.62,
        "last_updated": "2026-10-10T21:01:13Z"
      }
    },
    {
      "type": "Feature",
      "geometry": {
        "type": "Point",
        "coordinates": [
          7.3486,
          45.8343
        ]
      },
      "properties": {
        "temperature_2m": 8.9,
        "precipitation": 0.0,
        "cloud_cover": 0,
        "wind_speed_10m": 1.34,
        "last_updated": "2026-10-10T21:01:13Z"
      }
    },
    {
      "type": "Feature",
      "geometry": {
        "type": "Point",
        "coordinates": [
          7.5895,
          45.8204
        ]
      },
      "properties": {
        "temperature_2m": 6.9,
        "precipitation": 0.0,
        "cloud_cover": 0,
        "wind_speed_10m": 3.2,
        "last_updated": "2026-10-10T21:01:13Z"
      }
    },
    {
      "type": "Feature",
      "geometry": {
        "type": "Point",
        "coordinates": [
          7.8547,
          45.8301
        ]
      },
      "properties": {
        "temperature_2m": 2.6,
        "precipitation": 0.0,
        "cloud_cover": 0,
        "wind_speed_10m": 0.58,
        "last_updated": "2026-10-10T21:01:13Z"
      }
    },
    {
      "type": "Feature",
      "geometry": {
        "type": "Point",
        "coordinates": [
          8.1355,
          45.8128
        ]
      },
      "properties": {
        "temperature_2m": 9.6,
        "precipitation": 0.0,
        "cloud_cover": 5,
        "wind_speed_10m": 1.22,
        "last_updated": "2026-10-10T21:01:13Z"
      }
    },
    {
      "type": "Feature",
      "geometry": {
        "type": "Point",
        "coordinates": [
          8.3608,
          45.824
        ]
      },
      "properties": {
        "temperature_2m": 13.5,
        "precipitation": 0.0,
        "cloud_cover": 10,
        "wind_speed_10m": 2.57,
        "last_updated": "2026-10-10T21:01:13Z"
      }
    },
    {
      "type": "Feature",
      "geometry": {
        "type": "Point",
        "coordinates": [
          8.6264,
          45.8322
        ]
      },
      "properties": {
        "temperature_2m": 13.1,
        "precipitation": 0.0,
        "cloud_cover": 15,
        "wind_speed_10m": 1.03,
        "last_updated": "2026-10-10T21:01:13Z"
      }
    },
    {
      "type": "Feature",
      "geometry": {
        "type": "Point",
        "coordinates": [
          8.8495,
          45.8248
        ]
      },
      "properties": {
        "temperature_2m": 11.4,
        "precipitation": 0.0,
        "cloud_cover": 0,
        "wind_speed_10m": 1.02,
        "last_updated": "2026-10-10T21:01:13Z"
      }
    },
    {
      "type": "Feature",
      "geometry": {
        "type": "Point",
        "coordinates": [
          9.1152,
          45.8319
        ]
      },
      "properties": {
        "temperature_2m": 12.9,
        "precipitation": 0.0,
        "cloud_cover": 0,
        "wind_speed_10m": 1.63,
        "last_updated": "2026-10-10T21:01:13Z"
      }
    },
    {
      "type": "Feature",
      "geometry": {
        "type": "Point",
        "coordinates": [
          9.3582,
          45.8324
        ]
      },
      "properties": {
        "temperature_2m": 13.2,
        "precipitation": 0.0,
        "cloud_cover": 0,
        "wind_speed_10m": 1.5,
        "last_updated": "2026-10-10T21:01:13Z"
      }
    },
    {
      "type": "Feature",
      "geometry": {
        "type": "Point",
        "coordinates": [
          9.6214,
          45.8208
        ]
      },
      "properties": {
        "temperature_2m": 11.6,
        "precipitation": 0.0,
        "cloud_cover": 0,
        "wind_speed_10m": 2.02,
        "last_updated": "2026-10-10T21:01:13Z"
      }
    },
    {
      "type": "Feature",
      "geometry": {
        "type": "Point",
        "coordinates": [
          -5.14,
          46.08
        ]
      },
      "properties": {
        "temperature_2m": 17.6,
        "precipitation": 0.0,
        "cloud_cover": 100,
        "wind_speed_10m": 1.5,
        "last_updated": "2026-10-10T21:01:13Z"
      }
    },
    {
      "type": "Feature",
      "geometry": {
        "type": "Point",
        "coordinates": [
          -4.89,
          46.08
        ]
      },
      "properties": {
        "temperature_2m": 17.3,
        "precipitation": 0.0,
        "cloud_cover": 100,
        "wind_speed_10m": 1.32,
        "last_updated": "2026-10-10T21:01:13Z"
      }
    },
    {
      "type": "Feature",
      "geometry": {
        "type": "Point",
        "coordinates": [
          -4.64,
          46.08
        ]
      },
      "properties": {
        "temperature_2m": 17.4,
        "precipitation": 0.0,
        "cloud_cover": 100,
        "wind_speed_10m": 1.26,
        "last_updated": "2026-10-10T21:01:13Z"
      }
    },
    {
      "type": "Feature",
      "geometry": {
        "type": "Point",
        "coordinates": [
          -4.39,
          46.08
        ]
      },
      "properties": {
        "temperature_2m": 17.0,
        "precipitation": 0.0,
        "cloud_cover": 100,
        "wind_speed_10m": 2.83,
        "last_updated": "2026-10-10T21:01:13Z"
      }
    },
    {
      "type": "Feature",
      "geometry": {
        "type": "Point",
        "coordinates": [
          -4.14,
          46.08
        ]
      },
      "properties": {
        "temperature_2m": 16.3,
        "precipitation": 0.0,
        "cloud_cover": 100,
        "wind_speed_10m": 2.4,
        "last_updated": "2026-10-10T21:01:13Z"
      }
    },
    {
      "type": "Feature",
      "geometry": {
        "type": "Point",
        "coordinates": [
          -3.89,
          46.08
        ]
      },
      "properties": {
        "temperature_2m": 16.2,
        "precipitation": 0.0,
        "cloud_cover": 100,
        "wind_speed_10m": 3.48,
        "last_updated": "2026-10-10T21:01:13Z"
      }
    },
    {
      "type": "Feature",
      "geometry": {
        "type": "Point",
        "coordinates": [
          -3.64,
          46.08
        ]
      },
      "properties": {
        "temperature_2m": 16.0,
        "precipitation": 0.0,
        "cloud_cover": 100,
        "wind_speed_10m": 5.43,
        "last_updated": "2026-10-10T21:01:13Z"
      }
    },
    {
      "type": "Feature",
      "geometry": {
        "type": "Point",
        "coordinates": [
          -3.39,
          46.08
        ]
      },
      "properties": {
        "temperature_2m": 16.6,
        "precipitation": 0.0,
        "cloud_cover": 97,
        "wind_speed_10m": 2.02,
        "last_updated": "2026-10-10T21:01:13Z"
      }
    },
    {
      "type": "Feature",
      "geometry": {
        "type": "Point",
        "coordinates": [
          -3.14,
          46.08
        ]
      },
      "properties": {
        "temperature_2m": 16.3,
        "precipitation": 0.0,
        "cloud_cover": 100,
        "wind_speed_10m": 1.63,
        "last_updated": "2026-10-10T21:01:13Z"
      }
    },
    {
      "type": "Feature",
      "geometry": {
        "type": "Point",
        "coordinates": [
          -2.89,
          46.08
        ]
      },
      "properties": {
        "temperature_2m": 16.2,
        "precipitation": 0.0,
        "cloud_cover": 100,
        "wind_speed_10m": 1.41,
        "last_updated": "2026-10-10T21:01:13Z"
      }
    },
    {
      "type": "Feature",
      "geometry": {
        "type": "Point",
        "coordinates": [
          -2.64,
          46.08
        ]
      },
      "properties": {
        "temperature_2m": 15.9,
        "precipitation": 0.0,
        "cloud_cover": 100,
        "wind_speed_10m": 1.81,
        "last_updated": "2026-10-10T21:01:13Z"
      }
    },
    {
      "type": "Feature",
      "geometry": {
        "type": "Point",
        "coordinates": [
          -2.39,
          46.08
        ]
      },
      "properties": {
        "temperature_2m": 16.0,
        "precipitation": 0.0,
        "cloud_cover": 100,
        "wind_speed_10m": 2.6,
        "last_updated": "2026-10-10T21:01:13Z"
      }
    },
    {
      "type": "Feature",
      "geometry": {
        "type": "Point",
        "coordinates": [
          -2.14,
          46.08
        ]
      },
      "properties": {
        "temperature_2m": 15.9,
        "precipitation": 0.0,
        "cloud_cover": 100,
        "wind_speed_10m": 2.69,
        "last_updated": "2026-10-10T21:01:13Z"
      }
    },
    {
      "type": "Feature",
      "geometry": {
        "type": "Point",
        "coordinates": [
          -1.89,
          46.08
        ]
      },
      "properties": {
        "temperature_2m": 15.8,
        "precipitation": 0.0,
        "cloud_cover": 100,
        "wind_speed_10m": 3.48,
        "last_updated": "2026-10-10T21:01:13Z"
      }
    },
    {
      "type": "Feature",
      "geometry": {
        "type": "Point",
        "coordinates": [
          -1.64,
          46.08
        ]
      },
      "properties": {
        "temperature_2m": 15.6,
        "precipitation": 0.0,
        "cloud_cover": 100,
        "wind_speed_10m": 4.24,
        "last_updated": "2026-10-10T21:01:13Z"
      }
    },
    {
      "type": "Feature",
      "geometry": {
        "type": "Point",
        "coordinates": [
          -1.39,
          46.08
        ]
      },
      "properties": {
        "temperature_2m": 15.7,
        "precipitation": 0.0,
        "cloud_cover": 99,
        "wind_speed_10m": 5.33,
        "last_updated": "2026-10-10T21:01:13Z"
      }
    },
    {
      "type": "Feature",
      "geometry": {
        "type": "Point",
        "coordinates": [
          -1.14,
          46.08
        ]
      },
      "properties": {
        "temperature_2m": 15.5,
        "precipitation": 0.0,
        "cloud_cover": 100,
        "wind_speed_10m": 4.74,
        "last_updated": "2026-10-10T21:01:13Z"
      }
    },
    {
      "type": "Feature",
      "geometry": {
        "type": "Point",
        "coordinates": [
          -0.886,
          46.0775
        ]
      },
      "properties": {
        "temperature_2m": 12.4,
        "precipitation": 0.0,
        "cloud_cover": 86,
        "wind_speed_10m": 1.56,
        "last_updated": "2026-10-10T21:01:13Z"
      }
    },
    {
      "type": "Feature",
      "geometry": {
        "type": "Point",
        "coordinates": [
          -0.643,
          46.0786
        ]
      },
      "properties": {
        "temperature_2m": 12.4,
        "precipitation": 0.0,
        "cloud_cover": 42,
        "wind_speed_10m": 1.27,
        "last_updated": "2026-10-10T21:01:13Z"
      }
    },
    {
      "type": "Feature",
      "geometry": {
        "type": "Point",
        "coordinates": [
          -0.4,
          46.0793
        ]
      },
      "properties": {
        "temperature_2m": 11.8,
        "precipitation": 0.0,
        "cloud_cover": 62,
        "wind_speed_10m": 0.82,
        "last_updated": "2026-10-10T21:01:13Z"
      }
    },
    {
      "type": "Feature",
      "geometry": {
        "type": "Point",
        "coordinates": [
          -0.1369,
          46.0718
        ]
      },
      "properties": {
        "temperature_2m": 11.4,
        "precipitation": 0.0,
        "cloud_cover": 76,
        "wind_speed_10m": 0.5,
        "last_updated": "2026-10-10T21:01:13Z"
      }
    },
    {
      "type": "Feature",
      "geometry": {
        "type": "Point",
        "coordinates": [
          0.106,
          46.0716
        ]
      },
      "properties": {
        "temperature_2m": 10.7,
        "precipitation": 0.0,
        "cloud_cover": 100,
        "wind_speed_10m": 1.12,
        "last_updated": "2026-10-10T21:01:13Z"
      }
    },
    {
      "type": "Feature",
      "geometry": {
        "type": "Point",
        "coordinates": [
          0.3694,
          46.0785
        ]
      },
      "properties": {
        "temperature_2m": 11.7,
        "precipitation": 0.0,
        "cloud_cover": 100,
        "wind_speed_10m": 0.71,
        "last_updated": "2026-10-10T21:01:13Z"
      }
    },
    {
      "type": "Feature",
      "geometry": {
        "type": "Point",
        "coordinates": [
          0.6124,
          46.0774
        ]
      },
      "properties": {
        "temperature_2m": 11.4,
        "precipitation": 0.0,
        "cloud_cover": 100,
        "wind_speed_10m": 0.8,
        "last_updated": "2026-10-10T21:01:13Z"
      }
    },
    {
      "type": "Feature",
      "geometry": {
        "type": "Point",
        "coordinates": [
          0.8553,
          46.0758
        ]
      },
      "properties": {
        "temperature_2m": 10.3,
        "precipitation": 0.0,
        "cloud_cover": 100,
        "wind_speed_10m": 0.54,
        "last_updated": "2026-10-10T21:01:13Z"
      }
    },
    {
      "type": "Feature",
      "geometry": {
        "type": "Point",
        "coordinates": [
          1.0982,
          46.0737
        ]
      },
      "properties": {
        "temperature_2m": 10.2,
        "precipitation": 0.0,
        "cloud_cover": 99,
        "wind_speed_10m": 0.73,
        "last_updated": "2026-10-10T21:01:13Z"
      }
    },
    {
      "type": "Feature",
      "geometry": {
        "type": "Point",
        "coordinates": [
          1.3415,
          46.089
        ]
      },
      "properties": {
        "temperature_2m": 9.1,
        "precipitation": 0.0,
        "cloud_cover": 99,
        "wind_speed_10m": 1.22,
        "last_updated": "2026-10-10T21:01:13Z"
      }
    },
    {
      "type": "Feature",
      "geometry": {
        "type": "Point",
        "coordinates": [
          1.625,
          46.0855
        ]
      },
      "properties": {
        "temperature_2m": 8.6,
        "precipitation": 0.0,
        "cloud_cover": 100,
        "wind_speed_10m": 0.61,
        "last_updated": "2026-10-10T21:01:13Z"
      }
    },
    {
      "type": "Feature",
      "geometry": {
        "type": "Point",
        "coordinates": [
          1.8679,
          46.0821
        ]
      },
      "properties": {
        "temperature_2m": 8.9,
        "precipitation": 0.0,
        "cloud_cover": 98,
        "wind_speed_10m": 0.67,
        "last_updated": "2026-10-10T21:01:13Z"
      }
    },
    {
      "type": "Feature",
      "geometry": {
        "type": "Point",
        "coordinates": [
          2.1107,
          46.0782
        ]
      },
      "properties": {
        "temperature_2m": 7.7,
        "precipitation": 0.0,
        "cloud_cover": 61,
        "wind_speed_10m": 0.72,
        "last_updated": "2026-10-10T21:01:13Z"
      }
    },
    {
      "type": "Feature",
      "geometry": {
        "type": "Point",
        "coordinates": [
          2.3536,
          46.0738
        ]
      },
      "properties": {
        "temperature_2m": 8.1,
        "precipitation": 0.0,
        "cloud_cover": 52,
        "wind_speed_10m": 1.02,
        "last_updated": "2026-10-10T21:01:13Z"
      }
    },
    {
      "type": "Feature",
      "geometry": {
        "type": "Point",
        "coordinates": [
          2.6175,
          46.0763
        ]
      },
      "properties": {
        "temperature_2m": 7.6,
        "precipitation": 0.0,
        "cloud_cover": 60,
        "wind_speed_10m": 1.3,
        "last_updated": "2026-10-10T21:01:13Z"
      }
    },
    {
      "type": "Feature",
      "geometry": {
        "type": "Point",
        "coordinates": [
          2.8611,
          46.0889
        ]
      },
      "properties": {
        "temperature_2m": 7.2,
        "precipitation": 0.0,
        "cloud_cover": 55,
        "wind_speed_10m": 2.2,
        "last_updated": "2026-10-10T21:01:13Z"
      }
    },
    {
      "type": "Feature",
      "geometry": {
        "type": "Point",
        "coordinates": [
          3.1039,
          46.0832
        ]
      },
      "properties": {
        "temperature_2m": 8.0,
        "precipitation": 0.0,
        "cloud_cover": 50,
        "wind_speed_10m": 1.2,
        "last_updated": "2026-10-10T21:01:13Z"
      }
    },
    {
      "type": "Feature",
      "geometry": {
        "type": "Point",
        "coordinates": [
          3.368,
          46.0842
        ]
      },
      "properties": {
        "temperature_2m": 9.3,
        "precipitation": 0.0,
        "cloud_cover": 53,
        "wind_speed_10m": 1.7,
        "last_updated": "2026-10-10T21:01:13Z"
      }
    },
    {
      "type": "Feature",
      "geometry": {
        "type": "Point",
        "coordinates": [
          3.6108,
          46.0775
        ]
      },
      "properties": {
        "temperature_2m": 8.9,
        "precipitation": 0.0,
        "cloud_cover": 53,
        "wind_speed_10m": 0.92,
        "last_updated": "2026-10-10T21:01:13Z"
      }
    },
    {
      "type": "Feature",
      "geometry": {
        "type": "Point",
        "coordinates": [
          3.8546,
          46.0882
        ]
      },
      "properties": {
        "temperature_2m": 7.9,
        "precipitation": 0.0,
        "cloud_cover": 63,
        "wind_speed_10m": 2.15,
        "last_updated": "2026-10-10T21:01:13Z"
      }
    },
    {
      "type": "Feature",
      "geometry": {
        "type": "Point",
        "coordinates": [
          4.0974,
          46.0807
        ]
      },
      "properties": {
        "temperature_2m": 9.9,
        "precipitation": 0.0,
        "cloud_cover": 67,
        "wind_speed_10m": 0.78,
        "last_updated": "2026-10-10T21:01:13Z"
      }
    },
    {
      "type": "Feature",
      "geometry": {
        "type": "Point",
        "coordinates": [
          4.3616,
          46.0797
        ]
      },
      "properties": {
        "temperature_2m": 7.3,
        "precipitation": 0.0,
        "cloud_cover": 48,
        "wind_speed_10m": 1.92,
        "last_updated": "2026-10-10T21:01:13Z"
      }
    },
    {
      "type": "Feature",
      "geometry": {
        "type": "Point",
        "coordinates": [
          4.6056,
          46.089
        ]
      },
      "properties": {
        "temperature_2m": 8.7,
        "precipitation": 0.0,
        "cloud_cover": 0,
        "wind_speed_10m": 2.06,
        "last_updated": "2026-10-10T21:01:13Z"
      }
    },
    {
      "type": "Feature",
      "geometry": {
        "type": "Point",
        "coordinates": [
          4.8482,
          46.0801
        ]
      },
      "properties": {
        "temperature_2m": 9.8,
        "precipitation": 0.0,
        "cloud_cover": 0,
        "wind_speed_10m": 0.92,
        "last_updated": "2026-10-10T21:01:13Z"
      }
    },
    {
      "type": "Feature",
      "geometry": {
        "type": "Point",
        "coordinates": [
          5.1125,
          46.0776
        ]
      },
      "properties": {
        "temperature_2m": 10.6,
        "precipitation": 0.0,
        "cloud_cover": 4,
        "wind_speed_10m": 2.11,
        "last_updated": "2026-10-10T21:01:13Z"
      }
    },
    {
      "type": "Feature",
      "geometry": {
        "type": "Point",
        "coordinates": [
          5.3566,
          46.0855
        ]
      },
      "properties": {
        "temperature_2m": 10.8,
        "precipitation": 0.0,
        "cloud_cover": 40,
        "wind_speed_10m": 1.14,
        "last_updated": "2026-10-10T21:01:13Z"
      }
    },
    {
      "type": "Feature",
      "geometry": {
        "type": "Point",
        "coordinates": [
          5.621,
          46.082
        ]
      },
      "properties": {
        "temperature_2m": 8.0,
        "precipitation": 0.0,
        "cloud_cover": 43,
        "wind_speed_10m": 1.53,
        "last_updated": "2026-10-10T21:01:13Z"
      }
    },
    {
      "type": "Feature",
      "geometry": {
        "type": "Point",
        "coordinates": [
          5.8634,
          46.0713
        ]
      },
      "properties": {
        "temperature_2m": 10.3,
        "precipitation": 0.0,
        "cloud_cover": 31,
        "wind_speed_10m": 1.58,
        "last_updated": "2026-10-10T21:01:13Z"
      }
    },
    {
      "type": "Feature",
      "geometry": {
        "type": "Point",
        "coordinates": [
          6.1075,
          46.0778
        ]
      },
      "properties": {
        "temperature_2m": 9.2,
        "precipitation": 0.0,
        "cloud_cover": 48,
        "wind_speed_10m": 2.25,
        "last_updated": "2026-10-10T21:01:13Z"
      }
    },
    {
      "type": "Feature",
      "geometry": {
        "type": "Point",
        "coordinates": [
          6.372,
          46.0728
        ]
      },
      "properties": {
        "temperature_2m": 11.8,
        "precipitation": 0.0,
        "cloud_cover": 98,
        "wind_speed_10m": 0.9,
        "last_updated": "2026-10-10T21:01:13Z"
      }
    },
    {
      "type": "Feature",
      "geometry": {
        "type": "Point",
        "coordinates": [
          6.6162,
          46.0783
        ]
      },
      "properties": {
        "temperature_2m": 8.7,
        "precipitation": 0.0,
        "cloud_cover": 89,
        "wind_speed_10m": 0.0,
        "last_updated": "2026-10-10T21:01:13Z"
      }
    },
    {
      "type": "Feature",
      "geometry": {
        "type": "Point",
        "coordinates": [
          6.8584,
          46.0657
        ]
      },
      "properties": {
        "temperature_2m": 4.2,
        "precipitation": 0.0,
        "cloud_cover": 52,
        "wind_speed_10m": 0.73,
        "last_updated": "2026-10-10T21:01:13Z"
      }
    },
    {
      "type": "Feature",
      "geometry": {
        "type": "Point",
        "coordinates": [
          7.0664,
          46.0878
        ]
      },
      "properties": {
        "temperature_2m": 10.6,
        "precipitation": 0.0,
        "cloud_cover": 54,
        "wind_speed_10m": 1.56,
        "last_updated": "2026-10-10T21:01:13Z"
      }
    },
    {
      "type": "Feature",
      "geometry": {
        "type": "Point",
        "coordinates": [
          7.349,
          46.0721
        ]
      },
      "properties": {
        "temperature_2m": -2.2,
        "precipitation": 0.0,
        "cloud_cover": 64,
        "wind_speed_10m": 1.91,
        "last_updated": "2026-10-10T21:01:13Z"
      }
    },
    {
      "type": "Feature",
      "geometry": {
        "type": "Point",
        "coordinates": [
          7.609,
          46.0493
        ]
      },
      "properties": {
        "temperature_2m": -4.3,
        "precipitation": 0.0,
        "cloud_cover": 0,
        "wind_speed_10m": 2.0,
        "last_updated": "2026-10-10T21:01:13Z"
      }
    },
    {
      "type": "Feature",
      "geometry": {
        "type": "Point",
        "coordinates": [
          7.86,
          46.0855
        ]
      },
      "properties": {
        "temperature_2m": -8.7,
        "precipitation": 0.0,
        "cloud_cover": 0,
        "wind_speed_10m": 6.73,
        "last_updated": "2026-10-10T21:01:13Z"
      }
    },
    {
      "type": "Feature",
      "geometry": {
        "type": "Point",
        "coordinates": [
          8.1246,
          46.0769
        ]
      },
      "properties": {
        "temperature_2m": 7.6,
        "precipitation": 0.0,
        "cloud_cover": 0,
        "wind_speed_10m": 2.1,
        "last_updated": "2026-10-10T21:01:13Z"
      }
    },
    {
      "type": "Feature",
      "geometry": {
        "type": "Point",
        "coordinates": [
          8.369,
          46.0792
        ]
      },
      "properties": {
        "temperature_2m": 6.7,
        "precipitation": 0.0,
        "cloud_cover": 0,
        "wind_speed_10m": 2.77,
        "last_updated": "2026-10-10T21:01:13Z"
      }
    },
    {
      "type": "Feature",
      "geometry": {
        "type": "Point",
        "coordinates": [
          8.636,
          46.0872
        ]
      },
      "properties": {
        "temperature_2m": 11.3,
        "precipitation": 0.0,
        "cloud_cover": 0,
        "wind_speed_10m": 2.8,
        "last_updated": "2026-10-10T21:01:13Z"
      }
    },
    {
      "type": "Feature",
      "geometry": {
        "type": "Point",
        "coordinates": [
          8.8603,
          46.0798
        ]
      },
      "properties": {
        "temperature_2m": 6.6,
        "precipitation": 0.0,
        "cloud_cover": 0,
        "wind_speed_10m": 2.94,
        "last_updated": "2026-10-10T21:01:13Z"
      }
    },
    {
      "type": "Feature",
      "geometry": {
        "type": "Point",
        "coordinates": [
          9.1047,
          46.0807
        ]
      },
      "properties": {
        "temperature_2m": 9.1,
        "precipitation": 0.0,
        "cloud_cover": 0,
        "wind_speed_10m": 3.19,
        "last_updated": "2026-10-10T21:01:13Z"
      }
    },
    {
      "type": "Feature",
      "geometry": {
        "type": "Point",
        "coordinates": [
          9.3546,
          46.0962
        ]
      },
      "properties": {
        "temperature_2m": 11.5,
        "precipitation": 0.0,
        "cloud_cover": 0,
        "wind_speed_10m": 1.97,
        "last_updated": "2026-10-10T21:01:13Z"
      }
    },
    {
      "type": "Feature",
      "geometry": {
        "type": "Point",
        "coordinates": [
          9.5963,
          46.0785
        ]
      },
      "properties": {
        "temperature_2m": 8.4,
        "precipitation": 0.0,
        "cloud_cover": 0,
        "wind_speed_10m": 2.06,
        "last_updated": "2026-10-10T21:01:13Z"
      }
    },
    {
      "type": "Feature",
      "geometry": {
        "type": "Point",
        "coordinates": [
          -5.14,
          46.33
        ]
      },
      "properties": {
        "temperature_2m": 17.2,
        "precipitation": 0.0,
        "cloud_cover": 100,
        "wind_speed_10m": 1.08,
        "last_updated": "2026-10-10T21:01:13Z"
      }
    },
    {
      "type": "Feature",
      "geometry": {
        "type": "Point",
        "coordinates": [
          -4.89,
          46.33
        ]
      },
      "properties": {
        "temperature_2m": 17.1,
        "precipitation": 0.0,
        "cloud_cover": 100,
        "wind_speed_10m": 1.46,
        "last_updated": "2026-10-10T21:01:13Z"
      }
    },
    {
      "type": "Feature",
      "geometry": {
        "type": "Point",
        "coordinates": [
          -4.64,
          46.33
        ]
      },
      "properties": {
        "temperature_2m": 16.6,
        "precipitation": 0.0,
        "cloud_cover": 100,
        "wind_speed_10m": 2.46,
        "last_updated": "2026-10-10T21:01:13Z"
      }
    },
    {
      "type": "Feature",
      "geometry": {
        "type": "Point",
        "coordinates": [
          -4.39,
          46.33
        ]
      },
      "properties": {
        "temperature_2m": 16.7,
        "precipitation": 0.0,
        "cloud_cover": 100,
        "wind_speed_10m": 2.42,
        "last_updated": "2026-10-10T21:01:13Z"
      }
    },
    {
      "type": "Feature",
      "geometry": {
        "type": "Point",
        "coordinates": [
          -4.14,
          46.33
        ]
      },
      "properties": {
        "temperature_2m": 16.2,
        "precipitation": 0.0,
        "cloud_cover": 100,
        "wind_speed_10m": 2.33,
        "last_updated": "2026-10-10T21:01:13Z"
      }
    },
    {
      "type": "Feature",
      "geometry": {
        "type": "Point",
        "coordinates": [
          -3.89,
          46.33
        ]
      },
      "properties": {
        "temperature_2m": 16.1,
        "precipitation": 0.0,
        "cloud_cover": 100,
        "wind_speed_10m": 3.47,
        "last_updated": "2026-10-10T21:01:13Z"
      }
    },
    {
      "type": "Feature",
      "geometry": {
        "type": "Point",
        "coordinates": [
          -3.64,
          46.33
        ]
      },
      "properties": {
        "temperature_2m": 16.1,
        "precipitation": 0.0,
        "cloud_cover": 100,
        "wind_speed_10m": 3.13,
        "last_updated": "2026-10-10T21:01:13Z"
      }
    },
    {
      "type": "Feature",
      "geometry": {
        "type": "Point",
        "coordinates": [
          -3.39,
          46.33
        ]
      },
      "properties": {
        "temperature_2m": 15.8,
        "precipitation": 0.0,
        "cloud_cover": 100,
        "wind_speed_10m": 2.69,
        "last_updated": "2026-10-10T21:01:13Z"
      }
    },
    {
      "type": "Feature",
      "geometry": {
        "type": "Point",
        "coordinates": [
          -3.14,
          46.33
        ]
      },
      "properties": {
        "temperature_2m": 15.6,
        "precipitation": 0.0,
        "cloud_cover": 100,
        "wind_speed_10m": 2.33,
        "last_updated": "2026-10-10T21:01:13Z"
      }
    },
    {
      "type": "Feature",
      "geometry": {
        "type": "Point",
        "coordinates": [
          -2.89,
          46.33
        ]
      },
      "properties": {
        "temperature_2m": 15.5,
        "precipitation": 0.0,
        "cloud_cover": 100,
        "wind_speed_10m": 1.2,
        "last_updated": "2026-10-10T21:01:13Z"
      }
    },
    {
      "type": "Feature",
      "geometry": {
        "type": "Point",
        "coordinates": [
          -2.64,
          46.33
        ]
      },
      "properties": {
        "temperature_2m": 15.4,
        "precipitation": 0.0,
        "cloud_cover": 100,
        "wind_speed_10m": 2.4,
        "last_updated": "2026-10-10T21:01:13Z"
      }
    },
    {
      "type": "Feature",
      "geometry": {
        "type": "Point",
        "coordinates": [
          -2.39,
          46.33
        ]
      },
      "properties": {
        "temperature_2m": 15.7,
        "precipitation": 0.0,
        "cloud_cover": 100,
        "wind_speed_10m": 3.11,
        "last_updated": "2026-10-10T21:01:13Z"
      }
    },
    {
      "type": "Feature",
      "geometry": {
        "type": "Point",
        "coordinates": [
          -2.14,
          46.33
        ]
      },
      "properties": {
        "temperature_2m": 15.6,
        "precipitation": 0.0,
        "cloud_cover": 100,
        "wind_speed_10m": 3.28,
        "last_updated": "2026-10-10T21:01:13Z"
      }
    },
    {
      "type": "Feature",
      "geometry": {
        "type": "Point",
        "coordinates": [
          -1.89,
          46.33
        ]
      },
      "properties": {
        "temperature_2m": 15.3,
        "precipitation": 0.0,
        "cloud_cover": 77,
        "wind_speed_10m": 3.75,
        "last_updated": "2026-10-10T21:01:13Z"
      }
    },
    {
      "type": "Feature",
      "geometry": {
        "type": "Point",
        "coordinates": [
          -1.64,
          46.33
        ]
      },
      "properties": {
        "temperature_2m": 15.2,
        "precipitation": 0.0,
        "cloud_cover": 61,
        "wind_speed_10m": 4.05,
        "last_updated": "2026-10-10T21:01:13Z"
      }
    },
    {
      "type": "Feature",
      "geometry": {
        "type": "Point",
        "coordinates": [
          -1.39,
          46.33
        ]
      },
      "properties": {
        "temperature_2m": 14.0,
        "precipitation": 0.0,
        "cloud_cover": 85,
        "wind_speed_10m": 2.76,
        "last_updated": "2026-10-10T21:01:13Z"
      }
    },
    {
      "type": "Feature",
      "geometry": {
        "type": "Point",
        "coordinates": [
          -1.14,
          46.33
        ]
      },
      "properties": {
        "temperature_2m": 9.0,
        "precipitation": 0.0,
        "cloud_cover": 59,
        "wind_speed_10m": 1.75,
        "last_updated": "2026-10-10T21:01:13Z"
      }
    },
    {
      "type": "Feature",
      "geometry": {
        "type": "Point",
        "coordinates": [
          -0.8891,
          46.3328
        ]
      },
      "properties": {
        "temperature_2m": 11.7,
        "precipitation": 0.0,
        "cloud_cover": 75,
        "wind_speed_10m": 1.92,
        "last_updated": "2026-10-10T21:01:13Z"
      }
    },
    {
      "type": "Feature",
      "geometry": {
        "type": "Point",
        "coordinates": [
          -0.6448,
          46.3339
        ]
      },
      "properties": {
        "temperature_2m": 11.2,
        "precipitation": 0.0,
        "cloud_cover": 68,
        "wind_speed_10m": 2.06,
        "last_updated": "2026-10-10T21:01:13Z"
      }
    },
    {
      "type": "Feature",
      "geometry": {
        "type": "Point",
        "coordinates": [
          -0.3801,
          46.3269
        ]
      },
      "properties": {
        "temperature_2m": 12.3,
        "precipitation": 0.0,
        "cloud_cover": 92,
        "wind_speed_10m": 0.98,
        "last_updated": "2026-10-10T21:01:13Z"
      }
    },
    {
      "type": "Feature",
      "geometry": {
        "type": "Point",
        "coordinates": [
          -0.1359,
          46.3271
        ]
      },
      "properties": {
        "temperature_2m": 11.4,
        "precipitation": 0.0,
        "cloud_cover": 100,
        "wind_speed_10m": 1.3,
        "last_updated": "2026-10-10T21:01:13Z"
      }
    },
    {
      "type": "Feature",
      "geometry": {
        "type": "Point",
        "coordinates": [
          0.1084,
          46.3268
        ]
      },
      "properties": {
        "temperature_2m": 9.7,
        "precipitation": 0.0,
        "cloud_cover": 100,
        "wind_speed_10m": 0.5,
        "last_updated": "2026-10-10T21:01:13Z"
      }
    },
    {
      "type": "Feature",
      "geometry": {
        "type": "Point",
        "coordinates": [
          0.3527,
          46.3262
        ]
      },
      "properties": {
        "temperature_2m": 11.1,
        "precipitation": 0.0,
        "cloud_cover": 100,
        "wind_speed_10m": 1.14,
        "last_updated": "2026-10-10T21:01:13Z"
      }
    },
    {
      "type": "Feature",
      "geometry": {
        "type": "Point",
        "coordinates": [
          0.6176,
          46.3326
        ]
      },
      "properties": {
        "temperature_2m": 12.5,
        "precipitation": 0.0,
        "cloud_cover": 100,
        "wind_speed_10m": 0.92,
        "last_updated": "2026-10-10T21:01:13Z"
      }
    },
    {
      "type": "Feature",
      "geometry": {
        "type": "Point",
        "coordinates": [
          0.8619,
          46.331
        ]
      },
      "properties": {
        "temperature_2m": 12.0,
        "precipitation": 0.0,
        "cloud_cover": 100,
        "wind_speed_10m": 1.04,
        "last_updated": "2026-10-10T21:01:13Z"
      }
    },
    {
      "type": "Feature",
      "geometry": {
        "type": "Point",
        "coordinates": [
          1.1062,
          46.3289
        ]
      },
      "properties": {
        "temperature_2m": 11.4,
        "precipitation": 0.0,
        "cloud_cover": 100,
        "wind_speed_10m": 1.26,
        "last_updated": "2026-10-10T21:01:13Z"
      }
    },
    {
      "type": "Feature",
      "geometry": {
        "type": "Point",
        "coordinates": [
          1.3505,
          46.3264
        ]
      },
      "properties": {
        "temperature_2m": 10.3,
        "precipitation": 0.0,
        "cloud_cover": 100,
        "wind_speed_10m": 0.64,
        "last_updated": "2026-10-10T21:01:13Z"
      }
    },
    {
      "type": "Feature",
      "geometry": {
        "type": "Point",
        "coordinates": [
          1.5947,
          46.3235
        ]
      },
      "properties": {
        "temperature_2m": 9.2,
        "precipitation": 0.0,
        "cloud_cover": 100,
        "wind_speed_10m": 1.0,
        "last_updated": "2026-10-10T21:01:13Z"
      }
    },
    {
      "type": "Feature",
      "geometry": {
        "type": "Point",
        "coordinates": [
          1.8605,
          46.3452
        ]
      },
      "properties": {
        "temperature_2m": 8.3,
        "precipitation": 0.0,
        "cloud_cover": 92,
        "wind_speed_10m": 0.86,
        "last_updated": "2026-10-10T21:01:13Z"
      }
    },
    {
      "type": "Feature",
      "geometry": {
        "type": "Point",
        "coordinates": [
          2.1244,
          46.3333
        ]
      },
      "properties": {
        "temperature_2m": 8.4,
        "precipitation": 0.0,
        "cloud_cover": 67,
        "wind_speed_10m": 0.63,
        "last_updated": "2026-10-10T21:01:13Z"
      }
    },
    {
      "type": "Feature",
      "geometry": {
        "type": "Point",
        "coordinates": [
          2.3686,
          46.3289
        ]
      },
      "properties": {
        "temperature_2m": 8.8,
        "precipitation": 0.0,
        "cloud_cover": 72,
        "wind_speed_10m": 1.4,
        "last_updated": "2026-10-10T21:01:13Z"
      }
    },
    {
      "type": "Feature",
      "geometry": {
        "type": "Point",
        "coordinates": [
          2.6128,
          46.324
        ]
      },
      "properties": {
        "temperature_2m": 8.5,
        "precipitation": 0.0,
        "cloud_cover": 92,
        "wind_speed_10m": 1.84,
        "last_updated": "2026-10-10T21:01:13Z"
      }
    },
    {
      "type": "Feature",
      "geometry": {
        "type": "Point",
        "coordinates": [
          2.8569,
          46.3188
        ]
      },
      "properties": {
        "temperature_2m": 9.4,
        "precipitation": 0.0,
        "cloud_cover": 37,
        "wind_speed_10m": 2.01,
        "last_updated": "2026-10-10T21:01:13Z"
      }
    },
    {
      "type": "Feature",
      "geometry": {
        "type": "Point",
        "coordinates": [
          3.1232,
          46.338
        ]
      },
      "properties": {
        "temperature_2m": 8.9,
        "precipitation": 0.0,
        "cloud_cover": 15,
        "wind_speed_10m": 1.91,
        "last_updated": "2026-10-10T21:01:13Z"
      }
    },
    {
      "type": "Feature",
      "geometry": {
        "type": "Point",
        "coordinates": [
          3.3673,
          46.3318
        ]
      },
      "properties": {
        "temperature_2m": 9.0,
        "precipitation": 0.0,
        "cloud_cover": 0,
        "wind_speed_10m": 0.89,
        "last_updated": "2026-10-10T21:01:13Z"
      }
    },
    {
      "type": "Feature",
      "geometry": {
        "type": "Point",
        "coordinates": [
          3.6114,
          46.3251
        ]
      },
      "properties": {
        "temperature_2m": 9.1,
        "precipitation": 0.0,
        "cloud_cover": 73,
        "wind_speed_10m": 1.02,
        "last_updated": "2026-10-10T21:01:13Z"
      }
    },
    {
      "type": "Feature",
      "geometry": {
        "type": "Point",
        "coordinates": [
          3.8554,
          46.318
        ]
      },
      "properties": {
        "temperature_2m": 9.8,
        "precipitation": 0.0,
        "cloud_cover": 48,
        "wind_speed_10m": 1.8,
        "last_updated": "2026-10-10T21:01:13Z"
      }
    },
    {
      "type": "Feature",
      "geometry": {
        "type": "Point",
        "coordinates": [
          4.1222,
          46.3352
        ]
      },
      "properties": {
        "temperature_2m": 9.4,
        "precipitation": 0.0,
        "cloud_cover": 45,
        "wind_speed_10m": 1.17,
        "last_updated": "2026-10-10T21:01:13Z"
      }
    },
    {
      "type": "Feature",
      "geometry": {
        "type": "Point",
        "coordinates": [
          4.3662,
          46.3272
        ]
      },
      "properties": {
        "temperature_2m": 9.0,
        "precipitation": 0.0,
        "cloud_cover": 0,
        "wind_speed_10m": 1.52,
        "last_updated": "2026-10-10T21:01:13Z"
      }
    },
    {
      "type": "Feature",
      "geometry": {
        "type": "Point",
        "coordinates": [
          4.6101,
          46.3187
        ]
      },
      "properties": {
        "temperature_2m": 9.7,
        "precipitation": 0.0,
        "cloud_cover": 0,
        "wind_speed_10m": 0.71,
        "last_updated": "2026-10-10T21:01:13Z"
      }
    },
    {
      "type": "Feature",
      "geometry": {
        "type": "Point",
        "coordinates": [
          4.8772,
          46.3344
        ]
      },
      "properties": {
        "temperature_2m": 8.5,
        "precipitation": 0.0,
        "cloud_cover": 49,
        "wind_speed_10m": 0.91,
        "last_updated": "2026-10-10T21:01:13Z"
      }
    },
    {
      "type": "Feature",
      "geometry": {
        "type": "Point",
        "coordinates": [
          5.1024,
          46.3334
        ]
      },
      "properties": {
        "temperature_2m": 8.8,
        "precipitation": 0.0,
        "cloud_cover": 0,
        "wind_speed_10m": 1.4,
        "last_updated": "2026-10-10T21:01:13Z"
      }
    },
    {
      "type": "Feature",
      "geometry": {
        "type": "Point",
        "coordinates": [
          5.3463,
          46.3236
        ]
      },
      "properties": {
        "temperature_2m": 10.3,
        "precipitation": 0.0,
        "cloud_cover": 49,
        "wind_speed_10m": 0.36,
        "last_updated": "2026-10-10T21:01:13Z"
      }
    },
    {
      "type": "Feature",
      "geometry": {
        "type": "Point",
        "coordinates": [
          5.6137,
          46.3378
        ]
      },
      "properties": {
        "temperature_2m": 10.1,
        "precipitation": 0.0,
        "cloud_cover": 22,
        "wind_speed_10m": 1.36,
        "last_updated": "2026-10-10T21:01:13Z"
      }
    },
    {
      "type": "Feature",
      "geometry": {
        "type": "Point",
        "coordinates": [
          5.8576,
          46.327
        ]
      },
      "properties": {
        "temperature_2m": 6.4,
        "precipitation": 0.0,
        "cloud_cover": 93,
        "wind_speed_10m": 1.58,
        "last_updated": "2026-10-10T21:01:13Z"
      }
    },
    {
      "type": "Feature",
      "geometry": {
        "type": "Point",
        "coordinates": [
          6.103,
          46.3334
        ]
      },
      "properties": {
        "temperature_2m": 10.5,
        "precipitation": 0.0,
        "cloud_cover": 0,
        "wind_speed_10m": 2.51,
        "last_updated": "2026-10-10T21:01:13Z"
      }
    },
    {
      "type": "Feature",
      "geometry": {
        "type": "Point",
        "coordinates": [
          6.369,
          46.3284
        ]
      },
      "properties": {
        "temperature_2m": 11.2,
        "precipitation": 0.0,
        "cloud_cover": 20,
        "wind_speed_10m": 1.99,
        "last_updated": "2026-10-10T21:01:13Z"
      }
    },
    {
      "type": "Feature",
      "geometry": {
        "type": "Point",
        "coordinates": [
          6.6145,
          46.3338
        ]
      },
      "properties": {
        "temperature_2m": 8.4,
        "precipitation": 0.0,
        "cloud_cover": 53,
        "wind_speed_10m": 1.2,
        "last_updated": "2026-10-10T21:01:13Z"
      }
    },
    {
      "type": "Feature",
      "geometry": {
        "type": "Point",
        "coordinates": [
          6.8643,
          46.3541
        ]
      },
      "properties": {
        "temperature_2m": 10.5,
        "precipitation": 0.0,
        "cloud_cover": 83,
        "wind_speed_10m": 0.41,
        "last_updated": "2026-10-10T21:01:13Z"
      }
    },
    {
      "type": "Feature",
      "geometry": {
        "type": "Point",
        "coordinates": [
          7.0855,
          46.3345
        ]
      },
      "properties": {
        "temperature_2m": 4.9,
        "precipitation": 0.0,
        "cloud_cover": 93,
        "wind_speed_10m": 1.44,
        "last_updated": "2026-10-10T21:01:13Z"
      }
    },
    {
      "type": "Feature",
      "geometry": {
        "type": "Point",
        "coordinates": [
          7.3536,
          46.3451
        ]
      },
      "properties": {
        "temperature_2m": -0.5,
        "precipitation": 0.0,
        "cloud_cover": 64,
        "wind_speed_10m": 2.73,
        "last_updated": "2026-10-10T21:01:13Z"
      }
    },
    {
      "type": "Feature",
      "geometry": {
        "type": "Point",
        "coordinates": [
          7.5972,
          46.3311
        ]
      },
      "properties": {
        "temperature_2m": 8.7,
        "precipitation": 0.0,
        "cloud_cover": 83,
        "wind_speed_10m": 2.08,
        "last_updated": "2026-10-10T21:01:13Z"
      }
    },
    {
      "type": "Feature",
      "geometry": {
        "type": "Point",
        "coordinates": [
          7.8654,
          46.3406
        ]
      },
      "properties": {
        "temperature_2m": 4.9,
        "precipitation": 0.0,
        "cloud_cover": 52,
        "wind_speed_10m": 1.25,
        "last_updated": "2026-10-10T21:01:13Z"
      }
    },
    {
      "type": "Feature",
      "geometry": {
        "type": "Point",
        "coordinates": [
          8.1088,
          46.3256
        ]
      },
      "properties": {
        "temperature_2m": 0.8,
        "precipitation": 0.0,
        "cloud_cover": 71,
        "wind_speed_10m": 7.7,
        "last_updated": "2026-10-10T21:01:13Z"
      }
    },
    {
      "type": "Feature",
      "geometry": {
        "type": "Point",
        "coordinates": [
          8.3595,
          46.343
        ]
      },
      "properties": {
        "temperature_2m": 4.1,
        "precipitation": 0.0,
        "cloud_cover": 3,
        "wind_speed_10m": 3.3,
        "last_updated": "2026-10-10T21:01:13Z"
      }
    },
    {
      "type": "Feature",
      "geometry": {
        "type": "Point",
        "coordinates": [
          8.6052,
          46.3447
        ]
      },
      "properties": {
        "temperature_2m": 11.5,
        "precipitation": 0.0,
        "cloud_cover": 0,
        "wind_speed_10m": 1.12,
        "last_updated": "2026-10-10T21:01:13Z"
      }
    },
    {
      "type": "Feature",
      "geometry": {
        "type": "Point",
        "coordinates": [
          8.8714,
          46.3346
        ]
      },
      "properties": {
        "temperature_2m": 4.8,
        "precipitation": 0.0,
        "cloud_cover": 0,
        "wind_speed_10m": 1.08,
        "last_updated": "2026-10-10T21:01:13Z"
      }
    },
    {
      "type": "Feature",
      "geometry": {
        "type": "Point",
        "coordinates": [
          9.1171,
          46.3353
        ]
      },
      "properties": {
        "temperature_2m": 7.0,
        "precipitation": 0.0,
        "cloud_cover": 0,
        "wind_speed_10m": 1.7,
        "last_updated": "2026-10-10T21:01:13Z"
      }
    },
    {
      "type": "Feature",
      "geometry": {
        "type": "Point",
        "coordinates": [
          9.3602,
          46.318
        ]
      },
      "properties": {
        "temperature_2m": 13.1,
        "precipitation": 0.0,
        "cloud_cover": 0,
        "wind_speed_10m": 4.03,
        "last_updated": "2026-10-10T21:01:13Z"
      }
    },
    {
      "type": "Feature",
      "geometry": {
        "type": "Point",
        "coordinates": [
          9.6115,
          46.3329
        ]
      },
      "properties": {
        "temperature_2m": 4.6,
        "precipitation": 0.0,
        "cloud_cover": 43,
        "wind_speed_10m": 3.4,
        "last_updated": "2026-10-10T21:01:13Z"
      }
    },
    {
      "type": "Feature",
      "geometry": {
        "type": "Point",
        "coordinates": [
          -5.14,
          46.58
        ]
      },
      "properties": {
        "temperature_2m": 17.0,
        "precipitation": 0.0,
        "cloud_cover": 100,
        "wind_speed_10m": 2.72,
        "last_updated": "2026-10-10T21:01:13Z"
      }
    },
    {
      "type": "Feature",
      "geometry": {
        "type": "Point",
        "coordinates": [
          -4.89,
          46.58
        ]
      },
      "properties": {
        "temperature_2m": 17.0,
        "precipitation": 0.0,
        "cloud_cover": 100,
        "wind_speed_10m": 1.08,
        "last_updated": "2026-10-10T21:01:13Z"
      }
    },
    {
      "type": "Feature",
      "geometry": {
        "type": "Point",
        "coordinates": [
          -4.64,
          46.58
        ]
      },
      "properties": {
        "temperature_2m": 17.0,
        "precipitation": 0.0,
        "cloud_cover": 100,
        "wind_speed_10m": 2.47,
        "last_updated": "2026-10-10T21:01:13Z"
      }
    },
    {
      "type": "Feature",
      "geometry": {
        "type": "Point",
        "coordinates": [
          -4.39,
          46.58
        ]
      },
      "properties": {
        "temperature_2m": 16.8,
        "precipitation": 0.0,
        "cloud_cover": 100,
        "wind_speed_10m": 1.65,
        "last_updated": "2026-10-10T21:01:13Z"
      }
    },
    {
      "type": "Feature",
      "geometry": {
        "type": "Point",
        "coordinates": [
          -4.14,
          46.58
        ]
      },
      "properties": {
        "temperature_2m": 16.1,
        "precipitation": 0.0,
        "cloud_cover": 100,
        "wind_speed_10m": 3.0,
        "last_updated": "2026-10-10T21:01:13Z"
      }
    },
    {
      "type": "Feature",
      "geometry": {
        "type": "Point",
        "coordinates": [
          -3.89,
          46.58
        ]
      },
      "properties": {
        "temperature_2m": 15.9,
        "precipitation": 0.0,
        "cloud_cover": 100,
        "wind_speed_10m": 2.77,
        "last_updated": "2026-10-10T21:01:13Z"
      }
    },
    {
      "type": "Feature",
      "geometry": {
        "type": "Point",
        "coordinates": [
          -3.64,
          46.58
        ]
      },
      "properties": {
        "temperature_2m": 15.6,
        "precipitation": 0.0,
        "cloud_cover": 95,
        "wind_speed_10m": 2.7,
        "last_updated": "2026-10-10T21:01:13Z"
      }
    },
    {
      "type": "Feature",
      "geometry": {
        "type": "Point",
        "coordinates": [
          -3.39,
          46.58
        ]
      },
      "properties": {
        "temperature_2m": 15.6,
        "precipitation": 0.0,
        "cloud_cover": 97,
        "wind_speed_10m": 3.32,
        "last_updated": "2026-10-10T21:01:13Z"
      }
    },
    {
      "type": "Feature",
      "geometry": {
        "type": "Point",
        "coordinates": [
          -3.14,
          46.58
        ]
      },
      "properties": {
        "temperature_2m": 15.7,
        "precipitation": 0.0,
        "cloud_cover": 100,
        "wind_speed_10m": 3.36,
        "last_updated": "2026-10-10T21:01:13Z"
      }
    },
    {
      "type": "Feature",
      "geometry": {
        "type": "Point",
        "coordinates": [
          -2.89,
          46.58
        ]
      },
      "properties": {
        "temperature_2m": 15.8,
        "precipitation": 0.0,
        "cloud_cover": 100,
        "wind_speed_10m": 4.0,
        "last_updated": "2026-10-10T21:01:13Z"
      }
    },
    {
      "type": "Feature",
      "geometry": {
        "type": "Point",
        "coordinates": [
          -2.64,
          46.58
        ]
      },
      "properties": {
        "temperature_2m": 15.6,
        "precipitation": 0.0,
        "cloud_cover": 100,
        "wind_speed_10m": 3.75,
        "last_updated": "2026-10-10T21:01:13Z"
      }
    },
    {
      "type": "Feature",
      "geometry": {
        "type": "Point",
        "coordinates": [
          -2.39,
          46.58
        ]
      },
      "properties": {
        "temperature_2m": 15.3,
        "precipitation": 0.0,
        "cloud_cover": 100,
        "wind_speed_10m": 3.34,
        "last_updated": "2026-10-10T21:01:13Z"
      }
    },
    {
      "type": "Feature",
      "geometry": {
        "type": "Point",
        "coordinates": [
          -2.14,
          46.58
        ]
      },
      "properties": {
        "temperature_2m": 15.0,
        "precipitation": 0.0,
        "cloud_cover": 100,
        "wind_speed_10m": 4.1,
        "last_updated": "2026-10-10T21:01:13Z"
      }
    },
    {
      "type": "Feature",
      "geometry": {
        "type": "Point",
        "coordinates": [
          -1.89,
          46.58
        ]
      },
      "properties": {
        "temperature_2m": 15.1,
        "precipitation": 0.0,
        "cloud_cover": 100,
        "wind_speed_10m": 3.42,
        "last_updated": "2026-10-10T21:01:13Z"
      }
    },
    {
      "type": "Feature",
      "geometry": {
        "type": "Point",
        "coordinates": [
          -1.64,
          46.58
        ]
      },
      "properties": {
        "temperature_2m": 8.0,
        "precipitation": 0.0,
        "cloud_cover": 100,
        "wind_speed_10m": 1.08,
        "last_updated": "2026-10-10T21:01:13Z"
      }
    },
    {
      "type": "Feature",
      "geometry": {
        "type": "Point",
        "coordinates": [
          -1.39,
          46.58
        ]
      },
      "properties": {
        "temperature_2m": 9.0,
        "precipitation": 0.0,
        "cloud_cover": 100,
        "wind_speed_10m": 2.31,
        "last_updated": "2026-10-10T21:01:13Z"
      }
    },
    {
      "type": "Feature",
      "geometry": {
        "type": "Point",
        "coordinates": [
          -1.14,
          46.58
        ]
      },
      "properties": {
        "temperature_2m": 8.2,
        "precipitation": 0.0,
        "cloud_cover": 100,
        "wind_speed_10m": 0.14,
        "last_updated": "2026-10-10T21:01:13Z"
      }
    },
    {
      "type": "Feature",
      "geometry": {
        "type": "Point",
        "coordinates": [
          -0.8924,
          46.5878
        ]
      },
      "properties": {
        "temperature_2m": 10.8,
        "precipitation": 0.0,
        "cloud_cover": 75,
        "wind_speed_10m": 1.22,
        "last_updated": "2026-10-10T21:01:13Z"
      }
    },
    {
      "type": "Feature",
      "geometry": {
        "type": "Point",
        "coordinates": [
          -0.6262,
          46.5813
        ]
      },
      "properties": {
        "temperature_2m": 10.5,
        "precipitation": 0.0,
        "cloud_cover": 92,
        "wind_speed_10m": 1.27,
        "last_updated": "2026-10-10T21:01:13Z"
      }
    },
    {
      "type": "Feature",
      "geometry": {
        "type": "Point",
        "coordinates": [
          -0.3805,
          46.582
        ]
      },
      "properties": {
        "temperature_2m": 10.2,
        "precipitation": 0.0,
        "cloud_cover": 98,
        "wind_speed_10m": 1.48,
        "last_updated": "2026-10-10T21:01:13Z"
      }
    },
    {
      "type": "Feature",
      "geometry": {
        "type": "Point",
        "coordinates": [
          -0.1349,
          46.5822
        ]
      },
      "properties": {
        "temperature_2m": 10.3,
        "precipitation": 0.0,
        "cloud_cover": 100,
        "wind_speed_10m": 1.41,
        "last_updated": "2026-10-10T21:01:13Z"
      }
    },
    {
      "type": "Feature",
      "geometry": {
        "type": "Point",
        "coordinates": [
          0.1108,
          46.5819
        ]
      },
      "properties": {
        "temperature_2m": 9.5,
        "precipitation": 0.0,
        "cloud_cover": 100,
        "wind_speed_10m": 1.2,
        "last_updated": "2026-10-10T21:01:13Z"
      }
    },
    {
      "type": "Feature",
      "geometry": {
        "type": "Point",
        "coordinates": [
          0.3564,
          46.5812
        ]
      },
      "properties": {
        "temperature_2m": 11.8,
        "precipitation": 0.0,
        "cloud_cover": 100,
        "wind_speed_10m": 0.91,
        "last_updated": "2026-10-10T21:01:13Z"
      }
    },
    {
      "type": "Feature",
      "geometry": {
        "type": "Point",
        "coordinates": [
          0.6021,
          46.5801
        ]
      },
      "properties": {
        "temperature_2m": 10.9,
        "precipitation": 0.0,
        "cloud_cover": 99,
        "wind_speed_10m": 0.95,
        "last_updated": "2026-10-10T21:01:13Z"
      }
    },
    {
      "type": "Feature",
      "geometry": {
        "type": "Point",
        "coordinates": [
          0.8686,
          46.5861
        ]
      },
      "properties": {
        "temperature_2m": 12.6,
        "precipitation": 0.0,
        "cloud_cover": 97,
        "wind_speed_10m": 0.73,
        "last_updated": "2026-10-10T21:01:13Z"
      }
    },
    {
      "type": "Feature",
      "geometry": {
        "type": "Point",
        "coordinates": [
          1.1142,
          46.584
        ]
      },
      "properties": {
        "temperature_2m": 13.0,
        "precipitation": 0.0,
        "cloud_cover": 100,
        "wind_speed_10m": 1.1,
        "last_updated": "2026-10-10T21:01:13Z"
      }
    },
    {
      "type": "Feature",
      "geometry": {
        "type": "Point",
        "coordinates": [
          1.3599,
          46.5814
        ]
      },
      "properties": {
        "temperature_2m": 10.9,
        "precipitation": 0.0,
        "cloud_cover": 100,
        "wind_speed_10m": 1.04,
        "last_updated": "2026-10-10T21:01:13Z"
      }
    },
    {
      "type": "Feature",
      "geometry": {
        "type": "Point",
        "coordinates": [
          1.6055,
          46.5784
        ]
      },
      "properties": {
        "temperature_2m": 11.0,
        "precipitation": 0.0,
        "cloud_cover": 100,
        "wind_speed_10m": 1.3,
        "last_updated": "2026-10-10T21:01:13Z"
      }
    },
    {
      "type": "Feature",
      "geometry": {
        "type": "Point",
        "coordinates": [
          1.8511,
          46.575
        ]
      },
      "properties": {
        "temperature_2m": 10.7,
        "precipitation": 0.0,
        "cloud_cover": 94,
        "wind_speed_10m": 1.62,
        "last_updated": "2026-10-10T21:01:13Z"
      }
    },
    {
      "type": "Feature",
      "geometry": {
        "type": "Point",
        "coordinates": [
          2.0973,
          46.5888
        ]
      },
      "properties": {
        "temperature_2m": 10.4,
        "precipitation": 0.0,
        "cloud_cover": 77,
        "wind_speed_10m": 1.28,
        "last_updated": "2026-10-10T21:01:13Z"
      }
    },
    {
      "type": "Feature",
      "geometry": {
        "type": "Point",
        "coordinates": [
          2.3641,
          46.5918
        ]
      },
      "properties": {
        "temperature_2m": 10.8,
        "precipitation": 0.0,
        "cloud_cover": 67,
        "wind_speed_10m": 1.92,
        "last_updated": "2026-10-10T21:01:13Z"
      }
    },
    {
      "type": "Feature",
      "geometry": {
        "type": "Point",
        "coordinates": [
          2.6098,
          46.587
        ]
      },
      "properties": {
        "temperature_2m": 10.3,
        "precipitation": 0.0,
        "cloud_cover": 95,
        "wind_speed_10m": 0.64,
        "last_updated": "2026-10-10T21:01:13Z"
      }
    },
    {
      "type": "Feature",
      "geometry": {
        "type": "Point",
        "coordinates": [
          2.8553,
          46.5817
        ]
      },
      "properties": {
        "temperature_2m": 9.7,
        "precipitation": 0.0,
        "cloud_cover": 49,
        "wind_speed_10m": 2.22,
        "last_updated": "2026-10-10T21:01:13Z"
      }
    },
    {
      "type": "Feature",
      "geometry": {
        "type": "Point",
        "coordinates": [
          3.1008,
          46.5759
        ]
      },
      "properties": {
        "temperature_2m": 8.5,
        "precipitation": 0.0,
        "cloud_cover": 44,
        "wind_speed_10m": 1.71,
        "last_updated": "2026-10-10T21:01:13Z"
      }
    },
    {
      "type": "Feature",
      "geometry": {
        "type": "Point",
        "coordinates": [
          3.3473,
          46.5874
        ]
      },
      "properties": {
        "temperature_2m": 9.3,
        "precipitation": 0.0,
        "cloud_cover": 39,
        "wind_speed_10m": 0.8,
        "last_updated": "2026-10-10T21:01:13Z"
      }
    },
    {
      "type": "Feature",
      "geometry": {
        "type": "Point",
        "coordinates": [
          3.6144,
          46.5879
        ]
      },
      "properties": {
        "temperature_2m": 9.2,
        "precipitation": 0.0,
        "cloud_cover": 43,
        "wind_speed_10m": 1.9,
        "last_updated": "2026-10-10T21:01:13Z"
      }
    },
    {
      "type": "Feature",
      "geometry": {
        "type": "Point",
        "coordinates": [
          3.8598,
          46.5808
        ]
      },
      "properties": {
        "temperature_2m": 9.0,
        "precipitation": 0.0,
        "cloud_cover": 0,
        "wind_speed_10m": 0.86,
        "last_updated": "2026-10-10T21:01:13Z"
      }
    },
    {
      "type": "Feature",
      "geometry": {
        "type": "Point",
        "coordinates": [
          4.1052,
          46.5732
        ]
      },
      "properties": {
        "temperature_2m": 9.0,
        "precipitation": 0.0,
        "cloud_cover": 52,
        "wind_speed_10m": 0.92,
        "last_updated": "2026-10-10T21:01:13Z"
      }
    },
    {
      "type": "Feature",
      "geometry": {
        "type": "Point",
        "coordinates": [
          4.3518,
          46.5828
        ]
      },
      "properties": {
        "temperature_2m": 8.6,
        "precipitation": 0.0,
        "cloud_cover": 38,
        "wind_speed_10m": 1.12,
        "last_updated": "2026-10-10T21:01:13Z"
      }
    },
    {
      "type": "Feature",
      "geometry": {
        "type": "Point",
        "coordinates": [
          4.619,
          46.5813
        ]
      },
      "properties": {
        "temperature_2m": 9.3,
        "precipitation": 0.0,
        "cloud_cover": 0,
        "wind_speed_10m": 2.22,
        "last_updated": "2026-10-10T21:01:13Z"
      }
    },
    {
      "type": "Feature",
      "geometry": {
        "type": "Point",
        "coordinates": [
          4.8643,
          46.5723
        ]
      },
      "properties": {
        "temperature_2m": 9.3,
        "precipitation": 0.0,
        "cloud_cover": 0,
        "wind_speed_10m": 2.09,
        "last_updated": "2026-10-10T21:01:13Z"
      }
    },
    {
      "type": "Feature",
      "geometry": {
        "type": "Point",
        "coordinates": [
          5.111,
          46.5805
        ]
      },
      "properties": {
        "temperature_2m": 8.7,
        "precipitation": 0.0,
        "cloud_cover": 27,
        "wind_speed_10m": 1.3,
        "last_updated": "2026-10-10T21:01:13Z"
      }
    },
    {
      "type": "Feature",
      "geometry": {
        "type": "Point",
        "coordinates": [
          5.3562,
          46.5706
        ]
      },
      "properties": {
        "temperature_2m": 9.2,
        "precipitation": 0.0,
        "cloud_cover": 57,
        "wind_speed_10m": 1.22,
        "last_updated": "2026-10-10T21:01:13Z"
      }
    },
    {
      "type": "Feature",
      "geometry": {
        "type": "Point",
        "coordinates": [
          5.6251,
          46.5847
        ]
      },
      "properties": {
        "temperature_2m": 8.9,
        "precipitation": 0.0,
        "cloud_cover": 79,
        "wind_speed_10m": 1.43,
        "last_updated": "2026-10-10T21:01:13Z"
      }
    },
    {
      "type": "Feature",
      "geometry": {
        "type": "Point",
        "coordinates": [
          5.8516,
          46.5825
        ]
      },
      "properties": {
        "temperature_2m": 7.7,
        "precipitation": 0.0,
        "cloud_cover": 73,
        "wind_speed_10m": 1.21,
        "last_updated": "2026-10-10T21:01:13Z"
      }
    },
    {
      "type": "Feature",
      "geometry": {
        "type": "Point",
        "coordinates": [
          6.0985,
          46.5888
        ]
      },
      "properties": {
        "temperature_2m": 6.0,
        "precipitation": 0.0,
        "cloud_cover": 68,
        "wind_speed_10m": 1.61,
        "last_updated": "2026-10-10T21:01:13Z"
      }
    },
    {
      "type": "Feature",
      "geometry": {
        "type": "Point",
        "coordinates": [
          6.366,
          46.5837
        ]
      },
      "properties": {
        "temperature_2m": 10.3,
        "precipitation": 0.0,
        "cloud_cover": 0,
        "wind_speed_10m": 2.4,
        "last_updated": "2026-10-10T21:01:13Z"
      }
    },
    {
      "type": "Feature",
      "geometry": {
        "type": "Point",
        "coordinates": [
          6.611,
          46.5715
        ]
      },
      "properties": {
        "temperature_2m": 11.3,
        "precipitation": 0.0,
        "cloud_cover": 55,
        "wind_speed_10m": 1.06,
        "last_updated": "2026-10-10T21:01:13Z"
      }
    },
    {
      "type": "Feature",
      "geometry": {
        "type": "Point",
        "coordinates": [
          6.8579,
          46.5764
        ]
      },
      "properties": {
        "temperature_2m": 10.1,
        "precipitation": 0.0,
        "cloud_cover": 86,
        "wind_speed_10m": 1.49,
        "last_updated": "2026-10-10T21:01:13Z"
      }
    },
    {
      "type": "Feature",
      "geometry": {
        "type": "Point",
        "coordinates": [
          7.15,
          46.594
        ]
      },
      "properties": {
        "temperature_2m": 7.9,
        "precipitation": 0.0,
        "cloud_cover": 87,
        "wind_speed_10m": 1.12,
        "last_updated": "2026-10-10T21:01:13Z"
      }
    },
    {
      "type": "Feature",
      "geometry": {
        "type": "Point",
        "coordinates": [
          7.3541,
          46.5826
        ]
      },
      "properties": {
        "temperature_2m": 7.3,
        "precipitation": 0.0,
        "cloud_cover": 71,
        "wind_speed_10m": 1.14,
        "last_updated": "2026-10-10T21:01:13Z"
      }
    },
    {
      "type": "Feature",
      "geometry": {
        "type": "Point",
        "coordinates": [
          7.6238,
          46.5926
        ]
      },
      "properties": {
        "temperature_2m": 6.7,
        "precipitation": 0.0,
        "cloud_cover": 80,
        "wind_speed_10m": 0.67,
        "last_updated": "2026-10-10T21:01:13Z"
      }
    },
    {
      "type": "Feature",
      "geometry": {
        "type": "Point",
        "coordinates": [
          7.8459,
          46.5716
        ]
      },
      "properties": {
        "temperature_2m": 0.9,
        "precipitation": 0.0,
        "cloud_cover": 80,
        "wind_speed_10m": 3.0,
        "last_updated": "2026-10-10T21:01:13Z"
      }
    },
    {
      "type": "Feature",
      "geometry": {
        "type": "Point",
        "coordinates": [
          8.1134,
          46.5629
        ]
      },
      "properties": {
        "temperature_2m": -4.0,
        "precipitation": 0.0,
        "cloud_cover": 56,
        "wind_speed_10m": 4.39,
        "last_updated": "2026-10-10T21:01:13Z"
      }
    },
    {
      "type": "Feature",
      "geometry": {
        "type": "Point",
        "coordinates": [
          8.3856,
          46.5889
        ]
      },
      "properties": {
        "temperature_2m": -0.0,
        "precipitation": 0.0,
        "cloud_cover": 0,
        "wind_speed_10m": 4.86,
        "last_updated": "2026-10-10T21:01:13Z"
      }
    },
    {
      "type": "Feature",
      "geometry": {
        "type": "Point",
        "coordinates": [
          8.6125,
          46.5818
        ]
      },
      "properties": {
        "temperature_2m": -1.5,
        "precipitation": 0.0,
        "cloud_cover": 55,
        "wind_speed_10m": 4.61,
        "last_updated": "2026-10-10T21:01:13Z"
      }
    },
    {
      "type": "Feature",
      "geometry": {
        "type": "Point",
        "coordinates": [
          8.8595,
          46.5829
        ]
      },
      "properties": {
        "temperature_2m": -0.1,
        "precipitation": 0.0,
        "cloud_cover": 62,
        "wind_speed_10m": 4.09,
        "last_updated": "2026-10-10T21:01:13Z"
      }
    },
    {
      "type": "Feature",
      "geometry": {
        "type": "Point",
        "coordinates": [
          9.1271,
          46.5722
        ]
      },
      "properties": {
        "temperature_2m": 2.6,
        "precipitation": 0.0,
        "cloud_cover": 83,
        "wind_speed_10m": 0.36,
        "last_updated": "2026-10-10T21:01:13Z"
      }
    },
    {
      "type": "Feature",
      "geometry": {
        "type": "Point",
        "coordinates": [
          9.3566,
          46.5814
        ]
      },
      "properties": {
        "temperature_2m": 4.2,
        "precipitation": 0.0,
        "cloud_cover": 88,
        "wind_speed_10m": 1.9,
        "last_updated": "2026-10-10T21:01:13Z"
      }
    },
    {
      "type": "Feature",
      "geometry": {
        "type": "Point",
        "coordinates": [
          9.5889,
          46.6077
        ]
      },
      "properties": {
        "temperature_2m": 7.3,
        "precipitation": 0.0,
        "cloud_cover": 38,
        "wind_speed_10m": 0.3,
        "last_updated": "2026-10-10T21:01:13Z"
      }
    },
    {
      "type": "Feature",
      "geometry": {
        "type": "Point",
        "coordinates": [
          -5.14,
          46.83
        ]
      },
      "properties": {
        "temperature_2m": 16.8,
        "precipitation": 0.0,
        "cloud_cover": 100,
        "wind_speed_10m": 1.78,
        "last_updated": "2026-10-10T21:01:13Z"
      }
    },
    {
      "type": "Feature",
      "geometry": {
        "type": "Point",
        "coordinates": [
          -4.89,
          46.83
        ]
      },
      "properties": {
        "temperature_2m": 16.9,
        "precipitation": 0.0,
        "cloud_cover": 100,
        "wind_speed_10m": 1.88,
        "last_updated": "2026-10-10T21:01:13Z"
      }
    },
    {
      "type": "Feature",
      "geometry": {
        "type": "Point",
        "coordinates": [
          -4.64,
          46.83
        ]
      },
      "properties": {
        "temperature_2m": 17.0,
        "precipitation": 0.0,
        "cloud_cover": 100,
        "wind_speed_10m": 2.15,
        "last_updated": "2026-10-10T21:01:13Z"
      }
    },
    {
      "type": "Feature",
      "geometry": {
        "type": "Point",
        "coordinates": [
          -4.39,
          46.83
        ]
      },
      "properties": {
        "temperature_2m": 16.9,
        "precipitation": 0.0,
        "cloud_cover": 100,
        "wind_speed_10m": 2.83,
        "last_updated": "2026-10-10T21:01:13Z"
      }
    },
    {
      "type": "Feature",
      "geometry": {
        "type": "Point",
        "coordinates": [
          -4.14,
          46.83
        ]
      },
      "properties": {
        "temperature_2m": 16.4,
        "precipitation": 0.0,
        "cloud_cover": 100,
        "wind_speed_10m": 2.5,
        "last_updated": "2026-10-10T21:01:13Z"
      }
    },
    {
      "type": "Feature",
      "geometry": {
        "type": "Point",
        "coordinates": [
          -3.89,
          46.83
        ]
      },
      "properties": {
        "temperature_2m": 15.8,
        "precipitation": 0.0,
        "cloud_cover": 100,
        "wind_speed_10m": 1.75,
        "last_updated": "2026-10-10T21:01:13Z"
      }
    },
    {
      "type": "Feature",
      "geometry": {
        "type": "Point",
        "coordinates": [
          -3.64,
          46.83
        ]
      },
      "properties": {
        "temperature_2m": 15.7,
        "precipitation": 0.0,
        "cloud_cover": 59,
        "wind_speed_10m": 3.48,
        "last_updated": "2026-10-10T21:01:13Z"
      }
    },
    {
      "type": "Feature",
      "geometry": {
        "type": "Point",
        "coordinates": [
          -3.39,
          46.83
        ]
      },
      "properties": {
        "temperature_2m": 15.3,
        "precipitation": 0.0,
        "cloud_cover": 100,
        "wind_speed_10m": 3.25,
        "last_updated": "2026-10-10T21:01:13Z"
      }
    },
    {
      "type": "Feature",
      "geometry": {
        "type": "Point",
        "coordinates": [
          -3.14,
          46.83
        ]
      },
      "properties": {
        "temperature_2m": 15.3,
        "precipitation": 0.0,
        "cloud_cover": 100,
        "wind_speed_10m": 3.61,
        "last_updated": "2026-10-10T21:01:13Z"
      }
    },
    {
      "type": "Feature",
      "geometry": {
        "type": "Point",
        "coordinates": [
          -2.89,
          46.83
        ]
      },
      "properties": {
        "temperature_2m": 15.3,
        "precipitation": 0.0,
        "cloud_cover": 100,
        "wind_speed_10m": 3.89,
        "last_updated": "2026-10-10T21:01:13Z"
      }
    },
    {
      "type": "Feature",
      "geometry": {
        "type": "Point",
        "coordinates": [
          -2.64,
          46.83
        ]
      },
      "properties": {
        "temperature_2m": 15.1,
        "precipitation": 0.0,
        "cloud_cover": 100,
        "wind_speed_10m": 4.11,
        "last_updated": "2026-10-10T21:01:13Z"
      }
    },
    {
      "type": "Feature",
      "geometry": {
        "type": "Point",
        "coordinates": [
          -2.39,
          46.83
        ]
      },
      "properties": {
        "temperature_2m": 14.9,
        "precipitation": 0.0,
        "cloud_cover": 100,
        "wind_speed_10m": 4.28,
        "last_updated": "2026-10-10T21:01:13Z"
      }
    },
    {
      "type": "Feature",
      "geometry": {
        "type": "Point",
        "coordinates": [
          -2.14,
          46.83
        ]
      },
      "properties": {
        "temperature_2m": 14.5,
        "precipitation": 0.0,
        "cloud_cover": 99,
        "wind_speed_10m": 4.4,
        "last_updated": "2026-10-10T21:01:13Z"
      }
    },
    {
      "type": "Feature",
      "geometry": {
        "type": "Point",
        "coordinates": [
          -1.89,
          46.83
        ]
      },
      "properties": {
        "temperature_2m": 10.8,
        "precipitation": 0.0,
        "cloud_cover": 100,
        "wind_speed_10m": 0.85,
        "last_updated": "2026-10-10T21:01:13Z"
      }
    },
    {
      "type": "Feature",
      "geometry": {
        "type": "Point",
        "coordinates": [
          -1.64,
          46.83
        ]
      },
      "properties": {
        "temperature_2m": 9.5,
        "precipitation": 0.0,
        "cloud_cover": 100,
        "wind_speed_10m": 2.0,
        "last_updated": "2026-10-10T21:01:13Z"
      }
    },
    {
      "type": "Feature",
      "geometry": {
        "type": "Point",
        "coordinates": [
          -1.39,
          46.83
        ]
      },
      "properties": {
        "temperature_2m": 8.3,
        "precipitation": 0.0,
        "cloud_cover": 100,
        "wind_speed_10m": 2.22,
        "last_updated": "2026-10-10T21:01:13Z"
      }
    },
    {
      "type": "Feature",
      "geometry": {
        "type": "Point",
        "coordinates": [
          -1.14,
          46.83
        ]
      },
      "properties": {
        "temperature_2m": 8.2,
        "precipitation": 0.0,
        "cloud_cover": 100,
        "wind_speed_10m": 1.7,
        "last_updated": "2026-10-10T21:01:13Z"
      }
    },
    {
      "type": "Feature",
      "geometry": {
        "type": "Point",
        "coordinates": [
          -0.875,
          46.835
        ]
      },
      "properties": {
        "temperature_2m": 9.5,
        "precipitation": 0.0,
        "cloud_cover": 88,
        "wind_speed_10m": 1.6,
        "last_updated": "2026-10-10T21:01:13Z"
      }
    },
    {
      "type": "Feature",
      "geometry": {
        "type": "Point",
        "coordinates": [
          -0.628,
          46.8362
        ]
      },
      "properties": {
        "temperature_2m": 9.8,
        "precipitation": 0.0,
        "cloud_cover": 87,
        "wind_speed_10m": 1.5,
        "last_updated": "2026-10-10T21:01:13Z"
      }
    },
    {
      "type": "Feature",
      "geometry": {
        "type": "Point",
        "coordinates": [
          -0.3809,
          46.8368
        ]
      },
      "properties": {
        "temperature_2m": 9.8,
        "precipitation": 0.0,
        "cloud_cover": 100,
        "wind_speed_10m": 1.1,
        "last_updated": "2026-10-10T21:01:13Z"
      }
    },
    {
      "type": "Feature",
      "geometry": {
        "type": "Point",
        "coordinates": [
          -0.1338,
          46.837
        ]
      },
      "properties": {
        "temperature_2m": 9.4,
        "precipitation": 0.0,
        "cloud_cover": 100,
        "wind_speed_10m": 0.92,
        "last_updated": "2026-10-10T21:01:13Z"
      }
    },
    {
      "type": "Feature",
      "geometry": {
        "type": "Point",
        "coordinates": [
          0.1132,
          46.8368
        ]
      },
      "properties": {
        "temperature_2m": 10.2,
        "precipitation": 0.0,
        "cloud_cover": 100,
        "wind_speed_10m": 1.3,
        "last_updated": "2026-10-10T21:01:13Z"
      }
    },
    {
      "type": "Feature",
      "geometry": {
        "type": "Point",
        "coordinates": [
          0.3603,
          46.8361
        ]
      },
      "properties": {
        "temperature_2m": 10.4,
        "precipitation": 0.0,
        "cloud_cover": 99,
        "wind_speed_10m": 0.73,
        "last_updated": "2026-10-10T21:01:13Z"
      }
    },
    {
      "type": "Feature",
      "geometry": {
        "type": "Point",
        "coordinates": [
          0.6073,
          46.8349
        ]
      },
      "properties": {
        "temperature_2m": 11.6,
        "precipitation": 0.0,
        "cloud_cover": 100,
        "wind_speed_10m": 0.72,
        "last_updated": "2026-10-10T21:01:13Z"
      }
    },
    {
      "type": "Feature",
      "geometry": {
        "type": "Point",
        "coordinates": [
          0.8543,
          46.8333
        ]
      },
      "properties": {
        "temperature_2m": 12.0,
        "precipitation": 0.0,
        "cloud_cover": 99,
        "wind_speed_10m": 0.9,
        "last_updated": "2026-10-10T21:01:13Z"
      }
    },
    {
      "type": "Feature",
      "geometry": {
        "type": "Point",
        "coordinates": [
          1.1013,
          46.8312
        ]
      },
      "properties": {
        "temperature_2m": 12.5,
        "precipitation": 0.0,
        "cloud_cover": 100,
        "wind_speed_10m": 1.52,
        "last_updated": "2026-10-10T21:01:13Z"
      }
    },
    {
      "type": "Feature",
      "geometry": {
        "type": "Point",
        "coordinates": [
          1.3483,
          46.8287
        ]
      },
      "properties": {
        "temperature_2m": 11.1,
        "precipitation": 0.0,
        "cloud_cover": 100,
        "wind_speed_10m": 0.94,
        "last_updated": "2026-10-10T21:01:13Z"
      }
    },
    {
      "type": "Feature",
      "geometry": {
        "type": "Point",
        "coordinates": [
          1.6164,
          46.8332
        ]
      },
      "properties": {
        "temperature_2m": 10.4,
        "precipitation": 0.0,
        "cloud_cover": 89,
        "wind_speed_10m": 1.82,
        "last_updated": "2026-10-10T21:01:13Z"
      }
    },
    {
      "type": "Feature",
      "geometry": {
        "type": "Point",
        "coordinates": [
          1.8634,
          46.8297
        ]
      },
      "properties": {
        "temperature_2m": 10.5,
        "precipitation": 0.0,
        "cloud_cover": 77,
        "wind_speed_10m": 2.22,
        "last_updated": "2026-10-10T21:01:13Z"
      }
    },
    {
      "type": "Feature",
      "geometry": {
        "type": "Point",
        "coordinates": [
          2.1104,
          46.8258
        ]
      },
      "properties": {
        "temperature_2m": 10.6,
        "precipitation": 0.0,
        "cloud_cover": 88,
        "wind_speed_10m": 1.93,
        "last_updated": "2026-10-10T21:01:13Z"
      }
    },
    {
      "type": "Feature",
      "geometry": {
        "type": "Point",
        "coordinates": [
          2.3573,
          46.8214
        ]
      },
      "properties": {
        "temperature_2m": 10.8,
        "precipitation": 0.0,
        "cloud_cover": 100,
        "wind_speed_10m": 1.36,
        "last_updated": "2026-10-10T21:01:13Z"
      }
    },
    {
      "type": "Feature",
      "geometry": {
        "type": "Point",
        "coordinates": [
          2.605,
          46.8342
        ]
      },
      "properties": {
        "temperature_2m": 9.1,
        "precipitation": 0.0,
        "cloud_cover": 74,
        "wind_speed_10m": 1.06,
        "last_updated": "2026-10-10T21:01:13Z"
      }
    },
    {
      "type": "Feature",
      "geometry": {
        "type": "Point",
        "coordinates": [
          2.8518,
          46.8289
        ]
      },
      "properties": {
        "temperature_2m": 9.0,
        "precipitation": 0.0,
        "cloud_cover": 86,
        "wind_speed_10m": 1.52,
        "last_updated": "2026-10-10T21:01:13Z"
      }
    },
    {
      "type": "Feature",
      "geometry": {
        "type": "Point",
        "coordinates": [
          3.1203,
          46.8304
        ]
      },
      "properties": {
        "temperature_2m": 8.4,
        "precipitation": 0.0,
        "cloud_cover": 44,
        "wind_speed_10m": 1.12,
        "last_updated": "2026-10-10T21:01:13Z"
      }
    },
    {
      "type": "Feature",
      "geometry": {
        "type": "Point",
        "coordinates": [
          3.3671,
          46.8242
        ]
      },
      "properties": {
        "temperature_2m": 7.9,
        "precipitation": 0.0,
        "cloud_cover": 38,
        "wind_speed_10m": 1.1,
        "last_updated": "2026-10-10T21:01:13Z"
      }
    },
    {
      "type": "Feature",
      "geometry": {
        "type": "Point",
        "coordinates": [
          3.615,
          46.8351
        ]
      },
      "properties": {
        "temperature_2m": 8.1,
        "precipitation": 0.0,
        "cloud_cover": 41,
        "wind_speed_10m": 1.14,
        "last_updated": "2026-10-10T21:01:13Z"
      }
    },
    {
      "type": "Feature",
      "geometry": {
        "type": "Point",
        "coordinates": [
          3.8618,
          46.8279
        ]
      },
      "properties": {
        "temperature_2m": 9.0,
        "precipitation": 0.0,
        "cloud_cover": 0,
        "wind_speed_10m": 0.22,
        "last_updated": "2026-10-10T21:01:13Z"
      }
    },
    {
      "type": "Feature",
      "geometry": {
        "type": "Point",
        "coordinates": [
          4.1085,
          46.8203
        ]
      },
      "properties": {
        "temperature_2m": 7.8,
        "precipitation": 0.0,
        "cloud_cover": 16,
        "wind_speed_10m": 0.72,
        "last_updated": "2026-10-10T21:01:13Z"
      }
    },
    {
      "type": "Feature",
      "geometry": {
        "type": "Point",
        "coordinates": [
          4.3784,
          46.8369
        ]
      },
      "properties": {
        "temperature_2m": 9.1,
        "precipitation": 0.0,
        "cloud_cover": 59,
        "wind_speed_10m": 0.73,
        "last_updated": "2026-10-10T21:01:13Z"
      }
    },
    {
      "type": "Feature",
      "geometry": {
        "type": "Point",
        "coordinates": [
          4.606,
          46.8368
        ]
      },
      "properties": {
        "temperature_2m": 7.6,
        "precipitation": 0.0,
        "cloud_cover": 7,
        "wind_speed_10m": 1.43,
        "last_updated": "2026-10-10T21:01:13Z"
      }
    },
    {
      "type": "Feature",
      "geometry": {
        "type": "Point",
        "coordinates": [
          4.8527,
          46.8277
        ]
      },
      "properties": {
        "temperature_2m": 8.3,
        "precipitation": 0.0,
        "cloud_cover": 25,
        "wind_speed_10m": 1.3,
        "last_updated": "2026-10-10T21:01:13Z"
      }
    },
    {
      "type": "Feature",
      "geometry": {
        "type": "Point",
        "coordinates": [
          5.1008,
          46.8359
        ]
      },
      "properties": {
        "temperature_2m": 8.5,
        "precipitation": 0.0,
        "cloud_cover": 18,
        "wind_speed_10m": 1.62,
        "last_updated": "2026-10-10T21:01:13Z"
      }
    },
    {
      "type": "Feature",
      "geometry": {
        "type": "Point",
        "coordinates": [
          5.3697,
          46.8328
        ]
      },
      "properties": {
        "temperature_2m": 9.9,
        "precipitation": 0.0,
        "cloud_cover": 64,
        "wind_speed_10m": 1.2,
        "last_updated": "2026-10-10T21:01:13Z"
      }
    },
    {
      "type": "Feature",
      "geometry": {
        "type": "Point",
        "coordinates": [
          5.6162,
          46.8224
        ]
      },
      "properties": {
        "temperature_2m": 11.3,
        "precipitation": 0.0,
        "cloud_cover": 51,
        "wind_speed_10m": 1.73,
        "last_updated": "2026-10-10T21:01:13Z"
      }
    },
    {
      "type": "Feature",
      "geometry": {
        "type": "Point",
        "coordinates": [
          5.8644,
          46.8291
        ]
      },
      "properties": {
        "temperature_2m": 8.5,
        "precipitation": 0.0,
        "cloud_cover": 63,
        "wind_speed_10m": 1.17,
        "last_updated": "2026-10-10T21:01:13Z"
      }
    },
    {
      "type": "Feature",
      "geometry": {
        "type": "Point",
        "coordinates": [
          6.1108,
          46.8177
        ]
      },
      "properties": {
        "temperature_2m": 8.2,
        "precipitation": 0.0,
        "cloud_cover": 68,
        "wind_speed_10m": 2.14,
        "last_updated": "2026-10-10T21:01:13Z"
      }
    },
    {
      "type": "Feature",
      "geometry": {
        "type": "Point",
        "coordinates": [
          6.3629,
          46.8389
        ]
      },
      "properties": {
        "temperature_2m": 6.9,
        "precipitation": 0.0,
        "cloud_cover": 74,
        "wind_speed_10m": 1.9,
        "last_updated": "2026-10-10T21:01:13Z"
      }
    },
    {
      "type": "Feature",
      "geometry": {
        "type": "Point",
        "coordinates": [
          6.6094,
          46.8266
        ]
      },
      "properties": {
        "temperature_2m": 10.3,
        "precipitation": 0.0,
        "cloud_cover": 0,
        "wind_speed_10m": 2.06,
        "last_updated": "2026-10-10T21:01:13Z"
      }
    },
    {
      "type": "Feature",
      "geometry": {
        "type": "Point",
        "coordinates": [
          6.8577,
          46.8315
        ]
      },
      "properties": {
        "temperature_2m": 10.6,
        "precipitation": 0.0,
        "cloud_cover": 3,
        "wind_speed_10m": 2.22,
        "last_updated": "2026-10-10T21:01:13Z"
      }
    },
    {
      "type": "Feature",
      "geometry": {
        "type": "Point",
        "coordinates": [
          7.104,
          46.8183
        ]
      },
      "properties": {
        "temperature_2m": 10.8,
        "precipitation": 0.0,
        "cloud_cover": 77,
        "wind_speed_10m": 1.75,
        "last_updated": "2026-10-10T21:01:13Z"
      }
    },
    {
      "type": "Feature",
      "geometry": {
        "type": "Point",
        "coordinates": [
          7.3567,
          46.8375
        ]
      },
      "properties": {
        "temperature_2m": 10.1,
        "precipitation": 0.0,
        "cloud_cover": 92,
        "wind_speed_10m": 1.52,
        "last_updated": "2026-10-10T21:01:13Z"
      }
    },
    {
      "type": "Feature",
      "geometry": {
        "type": "Point",
        "coordinates": [
          7.603,
          46.8234
        ]
      },
      "properties": {
        "temperature_2m": 11.3,
        "precipitation": 0.0,
        "cloud_cover": 98,
        "wind_speed_10m": 1.89,
        "last_updated": "2026-10-10T21:01:13Z"
      }
    },
    {
      "type": "Feature",
      "geometry": {
        "type": "Point",
        "coordinates": [
          7.8513,
          46.8263
        ]
      },
      "properties": {
        "temperature_2m": 8.8,
        "precipitation": 0.0,
        "cloud_cover": 98,
        "wind_speed_10m": 0.81,
        "last_updated": "2026-10-10T21:01:13Z"
      }
    },
    {
      "type": "Feature",
      "geometry": {
        "type": "Point",
        "coordinates": [
          8.1046,
          46.8441
        ]
      },
      "properties": {
        "temperature_2m": 7.4,
        "precipitation": 0.0,
        "cloud_cover": 60,
        "wind_speed_10m": 2.02,
        "last_updated": "2026-10-10T21:01:13Z"
      }
    },
    {
      "type": "Feature",
      "geometry": {
        "type": "Point",
        "coordinates": [
          8.3941,
          46.8434
        ]
      },
      "properties": {
        "temperature_2m": 6.7,
        "precipitation": 0.0,
        "cloud_cover": 95,
        "wind_speed_10m": 0.6,
        "last_updated": "2026-10-10T21:01:13Z"
      }
    },
    {
      "type": "Feature",
      "geometry": {
        "type": "Point",
        "coordinates": [
          8.5992,
          46.83
        ]
      },
      "properties": {
        "temperature_2m": 5.4,
        "precipitation": 0.0,
        "cloud_cover": 100,
        "wind_speed_10m": 1.08,
        "last_updated": "2026-10-10T21:01:13Z"
      }
    },
    {
      "type": "Feature",
      "geometry": {
        "type": "Point",
        "coordinates": [
          8.8682,
          46.8198
        ]
      },
      "properties": {
        "temperature_2m": -2.3,
        "precipitation": 0.0,
        "cloud_cover": 81,
        "wind_speed_10m": 6.03,
        "last_updated": "2026-10-10T21:01:13Z"
      }
    },
    {
      "type": "Feature",
      "geometry": {
        "type": "Point",
        "coordinates": [
          9.0989,
          46.8294
        ]
      },
      "properties": {
        "temperature_2m": 4.3,
        "precipitation": 0.0,
        "cloud_cover": 46,
        "wind_speed_10m": 1.12,
        "last_updated": "2026-10-10T21:01:13Z"
      }
    },
    {
      "type": "Feature",
      "geometry": {
        "type": "Point",
        "coordinates": [
          9.3474,
          46.8294
        ]
      },
      "properties": {
        "temperature_2m": 8.2,
        "precipitation": 0.0,
        "cloud_cover": 78,
        "wind_speed_10m": 1.0,
        "last_updated": "2026-10-10T21:01:13Z"
      }
    },
    {
      "type": "Feature",
      "geometry": {
        "type": "Point",
        "coordinates": [
          9.5782,
          46.8381
        ]
      },
      "properties": {
        "temperature_2m": 8.8,
        "precipitation": 0.0,
        "cloud_cover": 81,
        "wind_speed_10m": 1.7,
        "last_updated": "2026-10-10T21:01:13Z"
      }
    },
    {
      "type": "Feature",
      "geometry": {
        "type": "Point",
        "coordinates": [
          -5.14,
          47.08
        ]
      },
      "properties": {
        "temperature_2m": 16.7,
        "precipitation": 0.0,
        "cloud_cover": 100,
        "wind_speed_10m": 1.87,
        "last_updated": "2026-10-10T21:01:13Z"
      }
    },
    {
      "type": "Feature",
      "geometry": {
        "type": "Point",
        "coordinates": [
          -4.89,
          47.08
        ]
      },
      "properties": {
        "temperature_2m": 16.6,
        "precipitation": 0.0,
        "cloud_cover": 100,
        "wind_speed_10m": 1.44,
        "last_updated": "2026-10-10T21:01:13Z"
      }
    },
    {
      "type": "Feature",
      "geometry": {
        "type": "Point",
        "coordinates": [
          -4.64,
          47.08
        ]
      },
      "properties": {
        "temperature_2m": 16.7,
        "precipitation": 0.0,
        "cloud_cover": 100,
        "wind_speed_10m": 2.3,
        "last_updated": "2026-10-10T21:01:13Z"
      }
    },
    {
      "type": "Feature",
      "geometry": {
        "type": "Point",
        "coordinates": [
          -4.39,
          47.08
        ]
      },
      "properties": {
        "temperature_2m": 16.4,
        "precipitation": 0.0,
        "cloud_cover": 100,
        "wind_speed_10m": 2.12,
        "last_updated": "2026-10-10T21:01:13Z"
      }
    },
    {
      "type": "Feature",
      "geometry": {
        "type": "Point",
        "coordinates": [
          -4.14,
          47.08
        ]
      },
      "properties": {
        "temperature_2m": 16.0,
        "precipitation": 0.0,
        "cloud_cover": 100,
        "wind_speed_10m": 2.15,
        "last_updated": "2026-10-10T21:01:13Z"
      }
    },
    {
      "type": "Feature",
      "geometry": {
        "type": "Point",
        "coordinates": [
          -3.89,
          47.08
        ]
      },
      "properties": {
        "temperature_2m": 15.8,
        "precipitation": 0.0,
        "cloud_cover": 100,
        "wind_speed_10m": 3.45,
        "last_updated": "2026-10-10T21:01:13Z"
      }
    },
    {
      "type": "Feature",
      "geometry": {
        "type": "Point",
        "coordinates": [
          -3.64,
          47.08
        ]
      },
      "properties": {
        "temperature_2m": 15.5,
        "precipitation": 0.0,
        "cloud_cover": 100,
        "wind_speed_10m": 3.92,
        "last_updated": "2026-10-10T21:01:13Z"
      }
    },
    {
      "type": "Feature",
      "geometry": {
        "type": "Point",
        "coordinates": [
          -3.39,
          47.08
        ]
      },
      "properties": {
        "temperature_2m": 15.2,
        "precipitation": 0.0,
        "cloud_cover": 100,
        "wind_speed_10m": 3.76,
        "last_updated": "2026-10-10T21:01:13Z"
      }
    },
    {
      "type": "Feature",
      "geometry": {
        "type": "Point",
        "coordinates": [
          -3.14,
          47.08
        ]
      },
      "properties": {
        "temperature_2m": 15.2,
        "precipitation": 0.0,
        "cloud_cover": 100,
        "wind_speed_10m": 3.98,
        "last_updated": "2026-10-10T21:01:13Z"
      }
    },
    {
      "type": "Feature",
      "geometry": {
        "type": "Point",
        "coordinates": [
          -2.89,
          47.08
        ]
      },
      "properties": {
        "temperature_2m": 15.1,
        "precipitation": 0.0,
        "cloud_cover": 100,
        "wind_speed_10m": 4.85,
        "last_updated": "2026-10-10T21:01:13Z"
      }
    },
    {
      "type": "Feature",
      "geometry": {
        "type": "Point",
        "coordinates": [
          -2.64,
          47.08
        ]
      },
      "properties": {
        "temperature_2m": 15.1,
        "precipitation": 0.0,
        "cloud_cover": 100,
        "wind_speed_10m": 4.83,
        "last_updated": "2026-10-10T21:01:13Z"
      }
    },
    {
      "type": "Feature",
      "geometry": {
        "type": "Point",
        "coordinates": [
          -2.39,
          47.08
        ]
      },
      "properties": {
        "temperature_2m": 15.0,
        "precipitation": 0.0,
        "cloud_cover": 100,
        "wind_speed_10m": 5.17,
        "last_updated": "2026-10-10T21:01:13Z"
      }
    },
    {
      "type": "Feature",
      "geometry": {
        "type": "Point",
        "coordinates": [
          -2.14,
          47.08
        ]
      },
      "properties": {
        "temperature_2m": 14.9,
        "precipitation": 0.0,
        "cloud_cover": 100,
        "wind_speed_10m": 5.18,
        "last_updated": "2026-10-10T21:01:13Z"
      }
    },
    {
      "type": "Feature",
      "geometry": {
        "type": "Point",
        "coordinates": [
          -1.89,
          47.08
        ]
      },
      "properties": {
        "temperature_2m": 10.7,
        "precipitation": 0.0,
        "cloud_cover": 100,
        "wind_speed_10m": 1.36,
        "last_updated": "2026-10-10T21:01:13Z"
      }
    },
    {
      "type": "Feature",
      "geometry": {
        "type": "Point",
        "coordinates": [
          -1.64,
          47.08
        ]
      },
      "properties": {
        "temperature_2m": 12.3,
        "precipitation": 0.0,
        "cloud_cover": 100,
        "wind_speed_10m": 2.0,
        "last_updated": "2026-10-10T21:01:13Z"
      }
    },
    {
      "type": "Feature",
      "geometry": {
        "type": "Point",
        "coordinates": [
          -1.39,
          47.08
        ]
      },
      "properties": {
        "temperature_2m": 9.7,
        "precipitation": 0.0,
        "cloud_cover": 100,
        "wind_speed_10m": 1.9,
        "last_updated": "2026-10-10T21:01:13Z"
      }
    },
    {
      "type": "Feature",
      "geometry": {
        "type": "Point",
        "coordinates": [
          -1.1062,
          47.096
        ]
      },
      "properties": {
        "temperature_2m": 10.2,
        "precipitation": 0.0,
        "cloud_cover": 100,
        "wind_speed_10m": 1.39,
        "last_updated": "2026-10-10T21:01:13Z"
      }
    },
    {
      "type": "Feature",
      "geometry": {
        "type": "Point",
        "coordinates": [
          -0.8781,
          47.072
        ]
      },
      "properties": {
        "temperature_2m": 10.5,
        "precipitation": 0.0,
        "cloud_cover": 100,
        "wind_speed_10m": 1.21,
        "last_updated": "2026-10-10T21:01:13Z"
      }
    },
    {
      "type": "Feature",
      "geometry": {
        "type": "Point",
        "coordinates": [
          -0.6297,
          47.0732
        ]
      },
      "properties": {
        "temperature_2m": 9.9,
        "precipitation": 0.0,
        "cloud_cover": 81,
        "wind_speed_10m": 1.62,
        "last_updated": "2026-10-10T21:01:13Z"
      }
    },
    {
      "type": "Feature",
      "geometry": {
        "type": "Point",
        "coordinates": [
          -0.3813,
          47.0738
        ]
      },
      "properties": {
        "temperature_2m": 9.4,
        "precipitation": 0.0,
        "cloud_cover": 100,
        "wind_speed_10m": 1.93,
        "last_updated": "2026-10-10T21:01:13Z"
      }
    },
    {
      "type": "Feature",
      "geometry": {
        "type": "Point",
        "coordinates": [
          -0.1328,
          47.074
        ]
      },
      "properties": {
        "temperature_2m": 9.5,
        "precipitation": 0.0,
        "cloud_cover": 100,
        "wind_speed_10m": 0.99,
        "last_updated": "2026-10-10T21:01:13Z"
      }
    },
    {
      "type": "Feature",
      "geometry": {
        "type": "Point",
        "coordinates": [
          0.1156,
          47.0738
        ]
      },
      "properties": {
        "temperature_2m": 10.2,
        "precipitation": 0.0,
        "cloud_cover": 100,
        "wind_speed_10m": 1.17,
        "last_updated": "2026-10-10T21:01:13Z"
      }
    },
    {
      "type": "Feature",
      "geometry": {
        "type": "Point",
        "coordinates": [
          0.364,
          47.0731
        ]
      },
      "properties": {
        "temperature_2m": 10.4,
        "precipitation": 0.0,
        "cloud_cover": 100,
        "wind_speed_10m": 0.94,
        "last_updated": "2026-10-10T21:01:13Z"
      }
    },
    {
      "type": "Feature",
      "geometry": {
        "type": "Point",
        "coordinates": [
          0.6123,
          47.0719
        ]
      },
      "properties": {
        "temperature_2m": 11.9,
        "precipitation": 0.0,
        "cloud_cover": 100,
        "wind_speed_10m": 0.81,
        "last_updated": "2026-10-10T21:01:13Z"
      }
    },
    {
      "type": "Feature",
      "geometry": {
        "type": "Point",
        "coordinates": [
          0.861,
          47.0879
        ]
      },
      "properties": {
        "temperature_2m": 12.3,
        "precipitation": 0.0,
        "cloud_cover": 100,
        "wind_speed_10m": 1.02,
        "last_updated": "2026-10-10T21:01:13Z"
      }
    },
    {
      "type": "Feature",
      "geometry": {
        "type": "Point",
        "coordinates": [
          1.1094,
          47.0858
        ]
      },
      "properties": {
        "temperature_2m": 11.8,
        "precipitation": 0.0,
        "cloud_cover": 83,
        "wind_speed_10m": 1.04,
        "last_updated": "2026-10-10T21:01:13Z"
      }
    },
    {
      "type": "Feature",
      "geometry": {
        "type": "Point",
        "coordinates": [
          1.3578,
          47.0833
        ]
      },
      "properties": {
        "temperature_2m": 10.8,
        "precipitation": 0.0,
        "cloud_cover": 100,
        "wind_speed_10m": 1.3,
        "last_updated": "2026-10-10T21:01:13Z"
      }
    },
    {
      "type": "Feature",
      "geometry": {
        "type": "Point",
        "coordinates": [
          1.6062,
          47.0803
        ]
      },
      "properties": {
        "temperature_2m": 11.1,
        "precipitation": 0.0,
        "cloud_cover": 93,
        "wind_speed_10m": 1.9,
        "last_updated": "2026-10-10T21:01:13Z"
      }
    },
    {
      "type": "Feature",
      "geometry": {
        "type": "Point",
        "coordinates": [
          1.8545,
          47.0768
        ]
      },
      "properties": {
        "temperature_2m": 11.5,
        "precipitation": 0.0,
        "cloud_cover": 72,
        "wind_speed_10m": 2.16,
        "last_updated": "2026-10-10T21:01:13Z"
      }
    },
    {
      "type": "Feature",
      "geometry": {
        "type": "Point",
        "coordinates": [
          2.1028,
          47.0729
        ]
      },
      "properties": {
        "temperature_2m": 11.6,
        "precipitation": 0.0,
        "cloud_cover": 79,
        "wind_speed_10m": 2.11,
        "last_updated": "2026-10-10T21:01:13Z"
      }
    },
    {
      "type": "Feature",
      "geometry": {
        "type": "Point",
        "coordinates": [
          2.3726,
          47.0759
        ]
      },
      "properties": {
        "temperature_2m": 11.4,
        "precipitation": 0.0,
        "cloud_cover": 63,
        "wind_speed_10m": 1.32,
        "last_updated": "2026-10-10T21:01:13Z"
      }
    },
    {
      "type": "Feature",
      "geometry": {
        "type": "Point",
        "coordinates": [
          2.6209,
          47.071
        ]
      },
      "properties": {
        "temperature_2m": 9.9,
        "precipitation": 0.0,
        "cloud_cover": 96,
        "wind_speed_10m": 1.4,
        "last_updated": "2026-10-10T21:01:13Z"
      }
    },
    {
      "type": "Feature",
      "geometry": {
        "type": "Point",
        "coordinates": [
          2.87,
          47.0832
        ]
      },
      "properties": {
        "temperature_2m": 9.8,
        "precipitation": 0.0,
        "cloud_cover": 84,
        "wind_speed_10m": 1.64,
        "last_updated": "2026-10-10T21:01:13Z"
      }
    },
    {
      "type": "Feature",
      "geometry": {
        "type": "Point",
        "coordinates": [
          3.1182,
          47.0774
        ]
      },
      "properties": {
        "temperature_2m": 10.2,
        "precipitation": 0.0,
        "cloud_cover": 58,
        "wind_speed_10m": 0.63,
        "last_updated": "2026-10-10T21:01:13Z"
      }
    },
    {
      "type": "Feature",
      "geometry": {
        "type": "Point",
        "coordinates": [
          3.3469,
          47.0794
        ]
      },
      "properties": {
        "temperature_2m": 8.7,
        "precipitation": 0.0,
        "cloud_cover": 4,
        "wind_speed_10m": 1.12,
        "last_updated": "2026-10-10T21:01:13Z"
      }
    },
    {
      "type": "Feature",
      "geometry": {
        "type": "Point",
        "coordinates": [
          3.5951,
          47.0727
        ]
      },
      "properties": {
        "temperature_2m": 9.0,
        "precipitation": 0.0,
        "cloud_cover": 33,
        "wind_speed_10m": 1.5,
        "last_updated": "2026-10-10T21:01:13Z"
      }
    },
    {
      "type": "Feature",
      "geometry": {
        "type": "Point",
        "coordinates": [
          3.8444,
          47.0832
        ]
      },
      "properties": {
        "temperature_2m": 10.0,
        "precipitation": 0.0,
        "cloud_cover": 69,
        "wind_speed_10m": 0.1,
        "last_updated": "2026-10-10T21:01:13Z"
      }
    },
    {
      "type": "Feature",
      "geometry": {
        "type": "Point",
        "coordinates": [
          4.1145,
          47.0827
        ]
      },
      "properties": {
        "temperature_2m": 7.6,
        "precipitation": 0.0,
        "cloud_cover": 8,
        "wind_speed_10m": 1.64,
        "last_updated": "2026-10-10T21:01:13Z"
      }
    },
    {
      "type": "Feature",
      "geometry": {
        "type": "Point",
        "coordinates": [
          4.3626,
          47.0745
        ]
      },
      "properties": {
        "temperature_2m": 9.9,
        "precipitation": 0.0,
        "cloud_cover": 85,
        "wind_speed_10m": 0.71,
        "last_updated": "2026-10-10T21:01:13Z"
      }
    },
    {
      "type": "Feature",
      "geometry": {
        "type": "Point",
        "coordinates": [
          4.6121,
          47.0835
        ]
      },
      "properties": {
        "temperature_2m": 7.6,
        "precipitation": 0.0,
        "cloud_cover": 65,
        "wind_speed_10m": 1.14,
        "last_updated": "2026-10-10T21:01:13Z"
      }
    },
    {
      "type": "Feature",
      "geometry": {
        "type": "Point",
        "coordinates": [
          4.8601,
          47.0744
        ]
      },
      "properties": {
        "temperature_2m": 11.0,
        "precipitation": 0.0,
        "cloud_cover": 0,
        "wind_speed_10m": 3.33,
        "last_updated": "2026-10-10T21:01:13Z"
      }
    },
    {
      "type": "Feature",
      "geometry": {
        "type": "Point",
        "coordinates": [
          5.1081,
          47.0649
        ]
      },
      "properties": {
        "temperature_2m": 8.8,
        "precipitation": 0.0,
        "cloud_cover": 49,
        "wind_speed_10m": 1.8,
        "last_updated": "2026-10-10T21:01:13Z"
      }
    },
    {
      "type": "Feature",
      "geometry": {
        "type": "Point",
        "coordinates": [
          5.3609,
          47.088
        ]
      },
      "properties": {
        "temperature_2m": 9.3,
        "precipitation": 0.0,
        "cloud_cover": 50,
        "wind_speed_10m": 0.92,
        "last_updated": "2026-10-10T21:01:13Z"
      }
    },
    {
      "type": "Feature",
      "geometry": {
        "type": "Point",
        "coordinates": [
          5.6089,
          47.0775
        ]
      },
      "properties": {
        "temperature_2m": 10.5,
        "precipitation": 0.0,
        "cloud_cover": 91,
        "wind_speed_10m": 1.32,
        "last_updated": "2026-10-10T21:01:13Z"
      }
    },
    {
      "type": "Feature",
      "geometry": {
        "type": "Point",
        "coordinates": [
          5.8585,
          47.0842
        ]
      },
      "properties": {
        "temperature_2m": 11.0,
        "precipitation": 0.0,
        "cloud_cover": 82,
        "wind_speed_10m": 0.76,
        "last_updated": "2026-10-10T21:01:13Z"
      }
    },
    {
      "type": "Feature",
      "geometry": {
        "type": "Point",
        "coordinates": [
          6.1063,
          47.0728
        ]
      },
      "properties": {
        "temperature_2m": 9.6,
        "precipitation": 0.0,
        "cloud_cover": 84,
        "wind_speed_10m": 1.08,
        "last_updated": "2026-10-10T21:01:13Z"
      }
    },
    {
      "type": "Feature",
      "geometry": {
        "type": "Point",
        "coordinates": [
          6.3786,
          47.0852
        ]
      },
      "properties": {
        "temperature_2m": 7.5,
        "precipitation": 0.0,
        "cloud_cover": 89,
        "wind_speed_10m": 1.42,
        "last_updated": "2026-10-10T21:01:13Z"
      }
    },
    {
      "type": "Feature",
      "geometry": {
        "type": "Point",
        "coordinates": [
          6.6077,
          47.0816
        ]
      },
      "properties": {
        "temperature_2m": 6.1,
        "precipitation": 0.0,
        "cloud_cover": 93,
        "wind_speed_10m": 1.68,
        "last_updated": "2026-10-10T21:01:13Z"
      }
    },
    {
      "type": "Feature",
      "geometry": {
        "type": "Point",
        "coordinates": [
          6.8575,
          47.0863
        ]
      },
      "properties": {
        "temperature_2m": 5.6,
        "precipitation": 0.0,
        "cloud_cover": 81,
        "wind_speed_10m": 1.61,
        "last_updated": "2026-10-10T21:01:13Z"
      }
    },
    {
      "type": "Feature",
      "geometry": {
        "type": "Point",
        "coordinates": [
          7.0867,
          47.0819
        ]
      },
      "properties": {
        "temperature_2m": 8.8,
        "precipitation": 0.0,
        "cloud_cover": 0,
        "wind_speed_10m": 2.97,
        "last_updated": "2026-10-10T21:01:13Z"
      }
    },
    {
      "type": "Feature",
      "geometry": {
        "type": "Point",
        "coordinates": [
          7.3594,
          47.0923
        ]
      },
      "properties": {
        "temperature_2m": 7.4,
        "precipitation": 0.0,
        "cloud_cover": 18,
        "wind_speed_10m": 1.22,
        "last_updated": "2026-10-10T21:01:13Z"
      }
    },
    {
      "type": "Feature",
      "geometry": {
        "type": "Point",
        "coordinates": [
          7.607,
          47.078
        ]
      },
      "properties": {
        "temperature_2m": 10.7,
        "precipitation": 0.0,
        "cloud_cover": 100,
        "wind_speed_10m": 0.58,
        "last_updated": "2026-10-10T21:01:13Z"
      }
    },
    {
      "type": "Feature",
      "geometry": {
        "type": "Point",
        "coordinates": [
          7.8568,
          47.0809
        ]
      },
      "properties": {
        "temperature_2m": 9.4,
        "precipitation": 0.0,
        "cloud_cover": 94,
        "wind_speed_10m": 1.0,
        "last_updated": "2026-10-10T21:01:13Z"
      }
    },
    {
      "type": "Feature",
      "geometry": {
        "type": "Point",
        "coordinates": [
          8.1274,
          47.0721
        ]
      },
      "properties": {
        "temperature_2m": 10.5,
        "precipitation": 0.0,
        "cloud_cover": 82,
        "wind_speed_10m": 1.0,
        "last_updated": "2026-10-10T21:01:13Z"
      }
    },
    {
      "type": "Feature",
      "geometry": {
        "type": "Point",
        "coordinates": [
          8.3772,
          47.0739
        ]
      },
      "properties": {
        "temperature_2m": 10.2,
        "precipitation": 0.0,
        "cloud_cover": 91,
        "wind_speed_10m": 2.12,
        "last_updated": "2026-10-10T21:01:13Z"
      }
    },
    {
      "type": "Feature",
      "geometry": {
        "type": "Point",
        "coordinates": [
          8.609,
          47.0843
        ]
      },
      "properties": {
        "temperature_2m": 7.9,
        "precipitation": 0.0,
        "cloud_cover": 100,
        "wind_speed_10m": 2.6,
        "last_updated": "2026-10-10T21:01:13Z"
      }
    },
    {
      "type": "Feature",
      "geometry": {
        "type": "Point",
        "coordinates": [
          8.8409,
          47.0943
        ]
      },
      "properties": {
        "temperature_2m": 6.1,
        "precipitation": 0.0,
        "cloud_cover": 100,
        "wind_speed_10m": 2.15,
        "last_updated": "2026-10-10T21:01:13Z"
      }
    },
    {
      "type": "Feature",
      "geometry": {
        "type": "Point",
        "coordinates": [
          9.1116,
          47.0835
        ]
      },
      "properties": {
        "temperature_2m": 5.9,
        "precipitation": 0.0,
        "cloud_cover": 100,
        "wind_speed_10m": 2.25,
        "last_updated": "2026-10-10T21:01:13Z"
      }
    },
    {
      "type": "Feature",
      "geometry": {
        "type": "Point",
        "coordinates": [
          9.3615,
          47.0834
        ]
      },
      "properties": {
        "temperature_2m": 11.3,
        "precipitation": 0.0,
        "cloud_cover": 100,
        "wind_speed_10m": 2.25,
        "last_updated": "2026-10-10T21:01:13Z"
      }
    },
    {
      "type": "Feature",
      "geometry": {
        "type": "Point",
        "coordinates": [
          9.6086,
          47.0654
        ]
      },
      "properties": {
        "temperature_2m": 0.6,
        "precipitation": 0.0,
        "cloud_cover": 100,
        "wind_speed_10m": 3.19,
        "last_updated": "2026-10-10T21:01:13Z"
      }
    },
    {
      "type": "Feature",
      "geometry": {
        "type": "Point",
        "coordinates": [
          -5.14,
          47.33
        ]
      },
      "properties": {
        "temperature_2m": 16.6,
        "precipitation": 0.0,
        "cloud_cover": 100,
        "wind_speed_10m": 2.3,
        "last_updated": "2026-10-10T21:01:13Z"
      }
    },
    {
      "type": "Feature",
      "geometry": {
        "type": "Point",
        "coordinates": [
          -4.89,
          47.33
        ]
      },
      "properties": {
        "temperature_2m": 16.6,
        "precipitation": 0.0,
        "cloud_cover": 100,
        "wind_speed_10m": 2.91,
        "last_updated": "2026-10-10T21:01:13Z"
      }
    },
    {
      "type": "Feature",
      "geometry": {
        "type": "Point",
        "coordinates": [
          -4.64,
          47.33
        ]
      },
      "properties": {
        "temperature_2m": 16.4,
        "precipitation": 0.0,
        "cloud_cover": 100,
        "wind_speed_10m": 2.33,
        "last_updated": "2026-10-10T21:01:13Z"
      }
    },
    {
      "type": "Feature",
      "geometry": {
        "type": "Point",
        "coordinates": [
          -4.39,
          47.33
        ]
      },
      "properties": {
        "temperature_2m": 16.1,
        "precipitation": 0.0,
        "cloud_cover": 100,
        "wind_speed_10m": 1.91,
        "last_updated": "2026-10-10T21:01:13Z"
      }
    },
    {
      "type": "Feature",
      "geometry": {
        "type": "Point",
        "coordinates": [
          -4.14,
          47.33
        ]
      },
      "properties": {
        "temperature_2m": 15.8,
        "precipitation": 0.0,
        "cloud_cover": 100,
        "wind_speed_10m": 3.3,
        "last_updated": "2026-10-10T21:01:13Z"
      }
    },
    {
      "type": "Feature",
      "geometry": {
        "type": "Point",
        "coordinates": [
          -3.89,
          47.33
        ]
      },
      "properties": {
        "temperature_2m": 15.6,
        "precipitation": 0.0,
        "cloud_cover": 100,
        "wind_speed_10m": 3.1,
        "last_updated": "2026-10-10T21:01:13Z"
      }
    },
    {
      "type": "Feature",
      "geometry": {
        "type": "Point",
        "coordinates": [
          -3.64,
          47.33
        ]
      },
      "properties": {
        "temperature_2m": 15.3,
        "precipitation": 0.0,
        "cloud_cover": 100,
        "wind_speed_10m": 3.28,
        "last_updated": "2026-10-10T21:01:13Z"
      }
    },
    {
      "type": "Feature",
      "geometry": {
        "type": "Point",
        "coordinates": [
          -3.39,
          47.33
        ]
      },
      "properties": {
        "temperature_2m": 15.3,
        "precipitation": 0.0,
        "cloud_cover": 100,
        "wind_speed_10m": 3.98,
        "last_updated": "2026-10-10T21:01:13Z"
      }
    },
    {
      "type": "Feature",
      "geometry": {
        "type": "Point",
        "coordinates": [
          -3.14,
          47.33
        ]
      },
      "properties": {
        "temperature_2m": 14.0,
        "precipitation": 0.0,
        "cloud_cover": 100,
        "wind_speed_10m": 1.8,
        "last_updated": "2026-10-10T21:01:13Z"
      }
    },
    {
      "type": "Feature",
      "geometry": {
        "type": "Point",
        "coordinates": [
          -2.88,
          47.34
        ]
      },
      "properties": {
        "temperature_2m": 14.8,
        "precipitation": 0.0,
        "cloud_cover": 100,
        "wind_speed_10m": 4.25,
        "last_updated": "2026-10-10T21:01:13Z"
      }
    },
    {
      "type": "Feature",
      "geometry": {
        "type": "Point",
        "coordinates": [
          -2.64,
          47.33
        ]
      },
      "properties": {
        "temperature_2m": 15.1,
        "precipitation": 0.0,
        "cloud_cover": 100,
        "wind_speed_10m": 5.02,
        "last_updated": "2026-10-10T21:01:13Z"
      }
    },
    {
      "type": "Feature",
      "geometry": {
        "type": "Point",
        "coordinates": [
          -2.39,
          47.33
        ]
      },
      "properties": {
        "temperature_2m": 13.4,
        "precipitation": 0.0,
        "cloud_cover": 100,
        "wind_speed_10m": 1.98,
        "last_updated": "2026-10-10T21:01:13Z"
      }
    },
    {
      "type": "Feature",
      "geometry": {
        "type": "Point",
        "coordinates": [
          -2.14,
          47.33
        ]
      },
      "properties": {
        "temperature_2m": 13.1,
        "precipitation": 0.0,
        "cloud_cover": 100,
        "wind_speed_10m": 2.01,
        "last_updated": "2026-10-10T21:01:13Z"
      }
    },
    {
      "type": "Feature",
      "geometry": {
        "type": "Point",
        "coordinates": [
          -1.89,
          47.33
        ]
      },
      "properties": {
        "temperature_2m": 9.9,
        "precipitation": 0.0,
        "cloud_cover": 100,
        "wind_speed_10m": 0.71,
        "last_updated": "2026-10-10T21:01:13Z"
      }
    },
    {
      "type": "Feature",
      "geometry": {
        "type": "Point",
        "coordinates": [
          -1.64,
          47.33
        ]
      },
      "properties": {
        "temperature_2m": 10.1,
        "precipitation": 0.0,
        "cloud_cover": 100,
        "wind_speed_10m": 2.2,
        "last_updated": "2026-10-10T21:01:13Z"
      }
    },
    {
      "type": "Feature",
      "geometry": {
        "type": "Point",
        "coordinates": [
          -1.39,
          47.33
        ]
      },
      "properties": {
        "temperature_2m": 10.1,
        "precipitation": 0.0,
        "cloud_cover": 100,
        "wind_speed_10m": 2.06,
        "last_updated": "2026-10-10T21:01:13Z"
      }
    },
    {
      "type": "Feature",
      "geometry": {
        "type": "Point",
        "coordinates": [
          -1.1312,
          47.3249
        ]
      },
      "properties": {
        "temperature_2m": 10.8,
        "precipitation": 0.0,
        "cloud_cover": 100,
        "wind_speed_10m": 1.64,
        "last_updated": "2026-10-10T21:01:13Z"
      }
    },
    {
      "type": "Feature",
      "geometry": {
        "type": "Point",
        "coordinates": [
          -0.8814,
          47.3265
        ]
      },
      "properties": {
        "temperature_2m": 10.7,
        "precipitation": 0.0,
        "cloud_cover": 97,
        "wind_speed_10m": 2.11,
        "last_updated": "2026-10-10T21:01:13Z"
      }
    },
    {
      "type": "Feature",
      "geometry": {
        "type": "Point",
        "coordinates": [
          -0.6315,
          47.3276
        ]
      },
      "properties": {
        "temperature_2m": 10.3,
        "precipitation": 0.0,
        "cloud_cover": 94,
        "wind_speed_10m": 1.03,
        "last_updated": "2026-10-10T21:01:13Z"
      }
    },
    {
      "type": "Feature",
      "geometry": {
        "type": "Point",
        "coordinates": [
          -0.3817,
          47.3283
        ]
      },
      "properties": {
        "temperature_2m": 9.3,
        "precipitation": 0.0,
        "cloud_cover": 96,
        "wind_speed_10m": 1.36,
        "last_updated": "2026-10-10T21:01:13Z"
      }
    },
    {
      "type": "Feature",
      "geometry": {
        "type": "Point",
        "coordinates": [
          -0.1319,
          47.3285
        ]
      },
      "properties": {
        "temperature_2m": 10.3,
        "precipitation": 0.0,
        "cloud_cover": 99,
        "wind_speed_10m": 0.94,
        "last_updated": "2026-10-10T21:01:13Z"
      }
    },
    {
      "type": "Feature",
      "geometry": {
        "type": "Point",
        "coordinates": [
          0.118,
          47.3283
        ]
      },
      "properties": {
        "temperature_2m": 10.2,
        "precipitation": 0.0,
        "cloud_cover": 95,
        "wind_speed_10m": 1.1,
        "last_updated": "2026-10-10T21:01:13Z"
      }
    },
    {
      "type": "Feature",
      "geometry": {
        "type": "Point",
        "coordinates": [
          0.3678,
          47.3276
        ]
      },
      "properties": {
        "temperature_2m": 9.5,
        "precipitation": 0.0,
        "cloud_cover": 100,
        "wind_speed_10m": 1.22,
        "last_updated": "2026-10-10T21:01:13Z"
      }
    },
    {
      "type": "Feature",
      "geometry": {
        "type": "Point",
        "coordinates": [
          0.6176,
          47.3264
        ]
      },
      "properties": {
        "temperature_2m": 10.1,
        "precipitation": 0.0,
        "cloud_cover": 100,
        "wind_speed_10m": 1.82,
        "last_updated": "2026-10-10T21:01:13Z"
      }
    },
    {
      "type": "Feature",
      "geometry": {
        "type": "Point",
        "coordinates": [
          0.8674,
          47.3247
        ]
      },
      "properties": {
        "temperature_2m": 10.6,
        "precipitation": 0.0,
        "cloud_cover": 48,
        "wind_speed_10m": 2.01,
        "last_updated": "2026-10-10T21:01:13Z"
      }
    },
    {
      "type": "Feature",
      "geometry": {
        "type": "Point",
        "coordinates": [
          1.1172,
          47.3226
        ]
      },
      "properties": {
        "temperature_2m": 11.8,
        "precipitation": 0.0,
        "cloud_cover": 100,
        "wind_speed_10m": 1.08,
        "last_updated": "2026-10-10T21:01:13Z"
      }
    },
    {
      "type": "Feature",
      "geometry": {
        "type": "Point",
        "coordinates": [
          1.3674,
          47.3376
        ]
      },
      "properties": {
        "temperature_2m": 10.9,
        "precipitation": 0.0,
        "cloud_cover": 98,
        "wind_speed_10m": 1.4,
        "last_updated": "2026-10-10T21:01:13Z"
      }
    },
    {
      "type": "Feature",
      "geometry": {
        "type": "Point",
        "coordinates": [
          1.6172,
          47.3346
        ]
      },
      "properties": {
        "temperature_2m": 11.0,
        "precipitation": 0.0,
        "cloud_cover": 84,
        "wind_speed_10m": 1.32,
        "last_updated": "2026-10-10T21:01:13Z"
      }
    },
    {
      "type": "Feature",
      "geometry": {
        "type": "Point",
        "coordinates": [
          1.867,
          47.3311
        ]
      },
      "properties": {
        "temperature_2m": 10.8,
        "precipitation": 0.0,
        "cloud_cover": 100,
        "wind_speed_10m": 1.63,
        "last_updated": "2026-10-10T21:01:13Z"
      }
    },
    {
      "type": "Feature",
      "geometry": {
        "type": "Point",
        "coordinates": [
          2.1167,
          47.3271
        ]
      },
      "properties": {
        "temperature_2m": 10.9,
        "precipitation": 0.0,
        "cloud_cover": 47,
        "wind_speed_10m": 1.61,
        "last_updated": "2026-10-10T21:01:13Z"
      }
    },
    {
      "type": "Feature",
      "geometry": {
        "type": "Point",
        "coordinates": [
          2.3664,
          47.3227
        ]
      },
      "properties": {
        "temperature_2m": 10.7,
        "precipitation": 0.0,
        "cloud_cover": 99,
        "wind_speed_10m": 1.61,
        "last_updated": "2026-10-10T21:01:13Z"
      }
    },
    {
      "type": "Feature",
      "geometry": {
        "type": "Point",
        "coordinates": [
          2.5962,
          47.326
        ]
      },
      "properties": {
        "temperature_2m": 9.9,
        "precipitation": 0.0,
        "cloud_cover": 65,
        "wind_speed_10m": 1.49,
        "last_updated": "2026-10-10T21:01:13Z"
      }
    },
    {
      "type": "Feature",
      "geometry": {
        "type": "Point",
        "coordinates": [
          2.8467,
          47.3383
        ]
      },
      "properties": {
        "temperature_2m": 11.8,
        "precipitation": 0.0,
        "cloud_cover": 86,
        "wind_speed_10m": 2.2,
        "last_updated": "2026-10-10T21:01:13Z"
      }
    },
    {
      "type": "Feature",
      "geometry": {
        "type": "Point",
        "coordinates": [
          3.0964,
          47.3324
        ]
      },
      "properties": {
        "temperature_2m": 8.9,
        "precipitation": 0.0,
        "cloud_cover": 60,
        "wind_speed_10m": 1.34,
        "last_updated": "2026-10-10T21:01:13Z"
      }
    },
    {
      "type": "Feature",
      "geometry": {
        "type": "Point",
        "coordinates": [
          3.368,
          47.3334
        ]
      },
      "properties": {
        "temperature_2m": 9.1,
        "precipitation": 0.0,
        "cloud_cover": 75,
        "wind_speed_10m": 1.88,
        "last_updated": "2026-10-10T21:01:13Z"
      }
    },
    {
      "type": "Feature",
      "geometry": {
        "type": "Point",
        "coordinates": [
          3.6176,
          47.3267
        ]
      },
      "properties": {
        "temperature_2m": 9.7,
        "precipitation": 0.0,
        "cloud_cover": 9,
        "wind_speed_10m": 1.03,
        "last_updated": "2026-10-10T21:01:13Z"
      }
    },
    {
      "type": "Feature",
      "geometry": {
        "type": "Point",
        "coordinates": [
          3.8683,
          47.337
        ]
      },
      "properties": {
        "temperature_2m": 9.3,
        "precipitation": 0.0,
        "cloud_cover": 7,
        "wind_speed_10m": 2.12,
        "last_updated": "2026-10-10T21:01:13Z"
      }
    },
    {
      "type": "Feature",
      "geometry": {
        "type": "Point",
        "coordinates": [
          4.1179,
          47.3293
        ]
      },
      "properties": {
        "temperature_2m": 8.1,
        "precipitation": 0.0,
        "cloud_cover": 29,
        "wind_speed_10m": 1.79,
        "last_updated": "2026-10-10T21:01:13Z"
      }
    },
    {
      "type": "Feature",
      "geometry": {
        "type": "Point",
        "coordinates": [
          4.348,
          47.3296
        ]
      },
      "properties": {
        "temperature_2m": 10.1,
        "precipitation": 0.0,
        "cloud_cover": 63,
        "wind_speed_10m": 0.64,
        "last_updated": "2026-10-10T21:01:13Z"
      }
    },
    {
      "type": "Feature",
      "geometry": {
        "type": "Point",
        "coordinates": [
          4.5989,
          47.3385
        ]
      },
      "properties": {
        "temperature_2m": 8.6,
        "precipitation": 0.0,
        "cloud_cover": 86,
        "wind_speed_10m": 0.36,
        "last_updated": "2026-10-10T21:01:13Z"
      }
    },
    {
      "type": "Feature",
      "geometry": {
        "type": "Point",
        "coordinates": [
          4.8484,
          47.3295
        ]
      },
      "properties": {
        "temperature_2m": 9.7,
        "precipitation": 0.0,
        "cloud_cover": 49,
        "wind_speed_10m": 1.46,
        "last_updated": "2026-10-10T21:01:13Z"
      }
    },
    {
      "type": "Feature",
      "geometry": {
        "type": "Point",
        "coordinates": [
          5.1202,
          47.3269
        ]
      },
      "properties": {
        "temperature_2m": 10.8,
        "precipitation": 0.0,
        "cloud_cover": 28,
        "wind_speed_10m": 3.58,
        "last_updated": "2026-10-10T21:01:13Z"
      }
    },
    {
      "type": "Feature",
      "geometry": {
        "type": "Point",
        "coordinates": [
          5.3711,
          47.3343
        ]
      },
      "properties": {
        "temperature_2m": 8.0,
        "precipitation": 0.0,
        "cloud_cover": 37,
        "wind_speed_10m": 1.3,
        "last_updated": "2026-10-10T21:01:13Z"
      }
    },
    {
      "type": "Feature",
      "geometry": {
        "type": "Point",
        "coordinates": [
          5.6015,
          47.3325
        ]
      },
      "properties": {
        "temperature_2m": 9.3,
        "precipitation": 0.0,
        "cloud_cover": 40,
        "wind_speed_10m": 1.17,
        "last_updated": "2026-10-10T21:01:13Z"
      }
    },
    {
      "type": "Feature",
      "geometry": {
        "type": "Point",
        "coordinates": [
          5.8525,
          47.339
        ]
      },
      "properties": {
        "temperature_2m": 9.3,
        "precipitation": 0.0,
        "cloud_cover": 84,
        "wind_speed_10m": 1.1,
        "last_updated": "2026-10-10T21:01:13Z"
      }
    },
    {
      "type": "Feature",
      "geometry": {
        "type": "Point",
        "coordinates": [
          6.1018,
          47.3276
        ]
      },
      "properties": {
        "temperature_2m": 9.1,
        "precipitation": 0.0,
        "cloud_cover": 55,
        "wind_speed_10m": 2.02,
        "last_updated": "2026-10-10T21:01:13Z"
      }
    },
    {
      "type": "Feature",
      "geometry": {
        "type": "Point",
        "coordinates": [
          6.3737,
          47.3224
        ]
      },
      "properties": {
        "temperature_2m": 10.0,
        "precipitation": 0.0,
        "cloud_cover": 93,
        "wind_speed_10m": 1.43,
        "last_updated": "2026-10-10T21:01:13Z"
      }
    },
    {
      "type": "Feature",
      "geometry": {
        "type": "Point",
        "coordinates": [
          6.6061,
          47.3363
        ]
      },
      "properties": {
        "temperature_2m": 8.1,
        "precipitation": 0.0,
        "cloud_cover": 100,
        "wind_speed_10m": 1.12,
        "last_updated": "2026-10-10T21:01:13Z"
      }
    },
    {
      "type": "Feature",
      "geometry": {
        "type": "Point",
        "coordinates": [
          6.8553,
          47.3235
        ]
      },
      "properties": {
        "temperature_2m": 8.7,
        "precipitation": 0.0,
        "cloud_cover": 76,
        "wind_speed_10m": 1.1,
        "last_updated": "2026-10-10T21:01:13Z"
      }
    },
    {
      "type": "Feature",
      "geometry": {
        "type": "Point",
        "coordinates": [
          7.1064,
          47.3277
        ]
      },
      "properties": {
        "temperature_2m": 7.3,
        "precipitation": 0.0,
        "cloud_cover": 30,
        "wind_speed_10m": 2.2,
        "last_updated": "2026-10-10T21:01:13Z"
      }
    },
    {
      "type": "Feature",
      "geometry": {
        "type": "Point",
        "coordinates": [
          7.3806,
          47.3379
        ]
      },
      "properties": {
        "temperature_2m": 8.5,
        "precipitation": 0.0,
        "cloud_cover": 0,
        "wind_speed_10m": 1.4,
        "last_updated": "2026-10-10T21:01:13Z"
      }
    },
    {
      "type": "Feature",
      "geometry": {
        "type": "Point",
        "coordinates": [
          7.6112,
          47.3325
        ]
      },
      "properties": {
        "temperature_2m": 6.3,
        "precipitation": 0.0,
        "cloud_cover": 50,
        "wind_speed_10m": 3.83,
        "last_updated": "2026-10-10T21:01:13Z"
      }
    },
    {
      "type": "Feature",
      "geometry": {
        "type": "Point",
        "coordinates": [
          7.8624,
          47.3352
        ]
      },
      "properties": {
        "temperature_2m": 9.0,
        "precipitation": 0.0,
        "cloud_cover": 3,
        "wind_speed_10m": 1.53,
        "last_updated": "2026-10-10T21:01:13Z"
      }
    },
    {
      "type": "Feature",
      "geometry": {
        "type": "Point",
        "coordinates": [
          8.1113,
          47.32
        ]
      },
      "properties": {
        "temperature_2m": 10.0,
        "precipitation": 0.0,
        "cloud_cover": 80,
        "wind_speed_10m": 1.08,
        "last_updated": "2026-10-10T21:01:13Z"
      }
    },
    {
      "type": "Feature",
      "geometry": {
        "type": "Point",
        "coordinates": [
          8.3676,
          47.3371
        ]
      },
      "properties": {
        "temperature_2m": 10.2,
        "precipitation": 0.0,
        "cloud_cover": 100,
        "wind_speed_10m": 0.81,
        "last_updated": "2026-10-10T21:01:13Z"
      }
    },
    {
      "type": "Feature",
      "geometry": {
        "type": "Point",
        "coordinates": [
          8.6164,
          47.321
        ]
      },
      "properties": {
        "temperature_2m": 9.5,
        "precipitation": 0.0,
        "cloud_cover": 87,
        "wind_speed_10m": 1.43,
        "last_updated": "2026-10-10T21:01:13Z"
      }
    },
    {
      "type": "Feature",
      "geometry": {
        "type": "Point",
        "coordinates": [
          8.8496,
          47.3308
        ]
      },
      "properties": {
        "temperature_2m": 9.3,
        "precipitation": 0.0,
        "cloud_cover": 97,
        "wind_speed_10m": 1.4,
        "last_updated": "2026-10-10T21:01:13Z"
      }
    },
    {
      "type": "Feature",
      "geometry": {
        "type": "Point",
        "coordinates": [
          9.1397,
          47.3108
        ]
      },
      "properties": {
        "temperature_2m": 7.8,
        "precipitation": 0.0,
        "cloud_cover": 72,
        "wind_speed_10m": 1.52,
        "last_updated": "2026-10-10T21:01:13Z"
      }
    },
    {
      "type": "Feature",
      "geometry": {
        "type": "Point",
        "coordinates": [
          9.3758,
          47.3371
        ]
      },
      "properties": {
        "temperature_2m": 8.8,
        "precipitation": 0.0,
        "cloud_cover": 96,
        "wind_speed_10m": 2.47,
        "last_updated": "2026-10-10T21:01:13Z"
      }
    },
    {
      "type": "Feature",
      "geometry": {
        "type": "Point",
        "coordinates": [
          9.6065,
          47.3282
        ]
      },
      "properties": {
        "temperature_2m": 11.7,
        "precipitation": 0.0,
        "cloud_cover": 90,
        "wind_speed_10m": 2.83,
        "last_updated": "2026-10-10T21:01:13Z"
      }
    },
    {
      "type": "Feature",
      "geometry": {
        "type": "Point",
        "coordinates": [
          -5.14,
          47.58
        ]
      },
      "properties": {
        "temperature_2m": 16.3,
        "precipitation": 0.0,
        "cloud_cover": 100,
        "wind_speed_10m": 3.77,
        "last_updated": "2026-10-10T21:01:13Z"
      }
    },
    {
      "type": "Feature",
      "geometry": {
        "type": "Point",
        "coordinates": [
          -4.89,
          47.58
        ]
      },
      "properties": {
        "temperature_2m": 16.0,
        "precipitation": 0.0,
        "cloud_cover": 100,
        "wind_speed_10m": 1.66,
        "last_updated": "2026-10-10T21:01:13Z"
      }
    },
    {
      "type": "Feature",
      "geometry": {
        "type": "Point",
        "coordinates": [
          -4.64,
          47.58
        ]
      },
      "properties": {
        "temperature_2m": 15.7,
        "precipitation": 0.0,
        "cloud_cover": 100,
        "wind_speed_10m": 1.04,
        "last_updated": "2026-10-10T21:01:13Z"
      }
    },
    {
      "type": "Feature",
      "geometry": {
        "type": "Point",
        "coordinates": [
          -4.39,
          47.58
        ]
      },
      "properties": {
        "temperature_2m": 15.8,
        "precipitation": 0.0,
        "cloud_cover": 100,
        "wind_speed_10m": 1.2,
        "last_updated": "2026-10-10T21:01:13Z"
      }
    },
    {
      "type": "Feature",
      "geometry": {
        "type": "Point",
        "coordinates": [
          -4.14,
          47.58
        ]
      },
      "properties": {
        "temperature_2m": 15.6,
        "precipitation": 0.0,
        "cloud_cover": 100,
        "wind_speed_10m": 2.18,
        "last_updated": "2026-10-10T21:01:13Z"
      }
    },
    {
      "type": "Feature",
      "geometry": {
        "type": "Point",
        "coordinates": [
          -3.89,
          47.58
        ]
      },
      "properties": {
        "temperature_2m": 15.4,
        "precipitation": 0.0,
        "cloud_cover": 100,
        "wind_speed_10m": 2.55,
        "last_updated": "2026-10-10T21:01:13Z"
      }
    },
    {
      "type": "Feature",
      "geometry": {
        "type": "Point",
        "coordinates": [
          -3.64,
          47.58
        ]
      },
      "properties": {
        "temperature_2m": 15.2,
        "precipitation": 0.0,
        "cloud_cover": 100,
        "wind_speed_10m": 3.14,
        "last_updated": "2026-10-10T21:01:13Z"
      }
    },
    {
      "type": "Feature",
      "geometry": {
        "type": "Point",
        "coordinates": [
          -3.39,
          47.58
        ]
      },
      "properties": {
        "temperature_2m": 14.8,
        "precipitation": 0.0,
        "cloud_cover": 100,
        "wind_speed_10m": 3.04,
        "last_updated": "2026-10-10T21:01:13Z"
      }
    },
    {
      "type": "Feature",
      "geometry": {
        "type": "Point",
        "coordinates": [
          -3.14,
          47.58
        ]
      },
      "properties": {
        "temperature_2m": 12.4,
        "precipitation": 0.0,
        "cloud_cover": 100,
        "wind_speed_10m": 3.11,
        "last_updated": "2026-10-10T21:01:13Z"
      }
    },
    {
      "type": "Feature",
      "geometry": {
        "type": "Point",
        "coordinates": [
          -2.89,
          47.58
        ]
      },
      "properties": {
        "temperature_2m": 11.8,
        "precipitation": 0.0,
        "cloud_cover": 100,
        "wind_speed_10m": 0.78,
        "last_updated": "2026-10-10T21:01:13Z"
      }
    },
    {
      "type": "Feature",
      "geometry": {
        "type": "Point",
        "coordinates": [
          -2.64,
          47.58
        ]
      },
      "properties": {
        "temperature_2m": 12.8,
        "precipitation": 0.0,
        "cloud_cover": 100,
        "wind_speed_10m": 1.64,
        "last_updated": "2026-10-10T21:01:13Z"
      }
    },
    {
      "type": "Feature",
      "geometry": {
        "type": "Point",
        "coordinates": [
          -2.39,
          47.58
        ]
      },
      "properties": {
        "temperature_2m": 11.5,
        "precipitation": 0.0,
        "cloud_cover": 100,
        "wind_speed_10m": 1.14,
        "last_updated": "2026-10-10T21:01:13Z"
      }
    },
    {
      "type": "Feature",
      "geometry": {
        "type": "Point",
        "coordinates": [
          -2.14,
          47.58
        ]
      },
      "properties": {
        "temperature_2m": 12.4,
        "precipitation": 0.0,
        "cloud_cover": 100,
        "wind_speed_10m": 1.53,
        "last_updated": "2026-10-10T21:01:13Z"
      }
    },
    {
      "type": "Feature",
      "geometry": {
        "type": "Point",
        "coordinates": [
          -1.89,
          47.58
        ]
      },
      "properties": {
        "temperature_2m": 11.8,
        "precipitation": 0.0,
        "cloud_cover": 100,
        "wind_speed_10m": 2.04,
        "last_updated": "2026-10-10T21:01:13Z"
      }
    },
    {
      "type": "Feature",
      "geometry": {
        "type": "Point",
        "coordinates": [
          -1.64,
          47.58
        ]
      },
      "properties": {
        "temperature_2m": 11.8,
        "precipitation": 0.0,
        "cloud_cover": 100,
        "wind_speed_10m": 2.57,
        "last_updated": "2026-10-10T21:01:13Z"
      }
    },
    {
      "type": "Feature",
      "geometry": {
        "type": "Point",
        "coordinates": [
          -1.39,
          47.58
        ]
      },
      "properties": {
        "temperature_2m": 11.8,
        "precipitation": 0.0,
        "cloud_cover": 99,
        "wind_speed_10m": 2.31,
        "last_updated": "2026-10-10T21:01:13Z"
      }
    },
    {
      "type": "Feature",
      "geometry": {
        "type": "Point",
        "coordinates": [
          -1.136,
          47.5791
        ]
      },
      "properties": {
        "temperature_2m": 11.3,
        "precipitation": 0.0,
        "cloud_cover": 99,
        "wind_speed_10m": 1.51,
        "last_updated": "2026-10-10T21:01:13Z"
      }
    },
    {
      "type": "Feature",
      "geometry": {
        "type": "Point",
        "coordinates": [
          -0.8847,
          47.5808
        ]
      },
      "properties": {
        "temperature_2m": 11.7,
        "precipitation": 0.0,
        "cloud_cover": 80,
        "wind_speed_10m": 2.06,
        "last_updated": "2026-10-10T21:01:13Z"
      }
    },
    {
      "type": "Feature",
      "geometry": {
        "type": "Point",
        "coordinates": [
          -0.6335,
          47.5819
        ]
      },
      "properties": {
        "temperature_2m": 12.2,
        "precipitation": 0.0,
        "cloud_cover": 84,
        "wind_speed_10m": 1.2,
        "last_updated": "2026-10-10T21:01:13Z"
      }
    },
    {
      "type": "Feature",
      "geometry": {
        "type": "Point",
        "coordinates": [
          -0.3822,
          47.5826
        ]
      },
      "properties": {
        "temperature_2m": 10.0,
        "precipitation": 0.0,
        "cloud_cover": 92,
        "wind_speed_10m": 0.89,
        "last_updated": "2026-10-10T21:01:13Z"
      }
    },
    {
      "type": "Feature",
      "geometry": {
        "type": "Point",
        "coordinates": [
          -0.1309,
          47.5828
        ]
      },
      "properties": {
        "temperature_2m": 11.0,
        "precipitation": 0.0,
        "cloud_cover": 95,
        "wind_speed_10m": 1.14,
        "last_updated": "2026-10-10T21:01:13Z"
      }
    },
    {
      "type": "Feature",
      "geometry": {
        "type": "Point",
        "coordinates": [
          0.1204,
          47.5826
        ]
      },
      "properties": {
        "temperature_2m": 10.9,
        "precipitation": 0.0,
        "cloud_cover": 94,
        "wind_speed_10m": 0.85,
        "last_updated": "2026-10-10T21:01:13Z"
      }
    },
    {
      "type": "Feature",
      "geometry": {
        "type": "Point",
        "coordinates": [
          0.3717,
          47.5818
        ]
      },
      "properties": {
        "temperature_2m": 9.7,
        "precipitation": 0.0,
        "cloud_cover": 94,
        "wind_speed_10m": 0.63,
        "last_updated": "2026-10-10T21:01:13Z"
      }
    },
    {
      "type": "Feature",
      "geometry": {
        "type": "Point",
        "coordinates": [
          0.623,
          47.5806
        ]
      },
      "properties": {
        "temperature_2m": 10.3,
        "precipitation": 0.0,
        "cloud_cover": 100,
        "wind_speed_10m": 0.95,
        "last_updated": "2026-10-10T21:01:13Z"
      }
    },
    {
      "type": "Feature",
      "geometry": {
        "type": "Point",
        "coordinates": [
          0.8742,
          47.579
        ]
      },
      "properties": {
        "temperature_2m": 9.4,
        "precipitation": 0.0,
        "cloud_cover": 41,
        "wind_speed_10m": 1.7,
        "last_updated": "2026-10-10T21:01:13Z"
      }
    },
    {
      "type": "Feature",
      "geometry": {
        "type": "Point",
        "coordinates": [
          1.1255,
          47.5768
        ]
      },
      "properties": {
        "temperature_2m": 9.7,
        "precipitation": 0.0,
        "cloud_cover": 66,
        "wind_speed_10m": 1.61,
        "last_updated": "2026-10-10T21:01:13Z"
      }
    },
    {
      "type": "Feature",
      "geometry": {
        "type": "Point",
        "coordinates": [
          1.3767,
          47.5742
        ]
      },
      "properties": {
        "temperature_2m": 10.6,
        "precipitation": 0.0,
        "cloud_cover": 30,
        "wind_speed_10m": 1.14,
        "last_updated": "2026-10-10T21:01:13Z"
      }
    },
    {
      "type": "Feature",
      "geometry": {
        "type": "Point",
        "coordinates": [
          1.6279,
          47.5712
        ]
      },
      "properties": {
        "temperature_2m": 10.3,
        "precipitation": 0.0,
        "cloud_cover": 46,
        "wind_speed_10m": 1.26,
        "last_updated": "2026-10-10T21:01:13Z"
      }
    },
    {
      "type": "Feature",
      "geometry": {
        "type": "Point",
        "coordinates": [
          1.8594,
          47.5933
        ]
      },
      "properties": {
        "temperature_2m": 9.8,
        "precipitation": 0.0,
        "cloud_cover": 71,
        "wind_speed_10m": 1.58,
        "last_updated": "2026-10-10T21:01:13Z"
      }
    },
    {
      "type": "Feature",
      "geometry": {
        "type": "Point",
        "coordinates": [
          2.1106,
          47.5893
        ]
      },
      "properties": {
        "temperature_2m": 9.5,
        "precipitation": 0.0,
        "cloud_cover": 52,
        "wind_speed_10m": 1.6,
        "last_updated": "2026-10-10T21:01:13Z"
      }
    },
    {
      "type": "Feature",
      "geometry": {
        "type": "Point",
        "coordinates": [
          2.3618,
          47.5849
        ]
      },
      "properties": {
        "temperature_2m": 10.4,
        "precipitation": 0.0,
        "cloud_cover": 26,
        "wind_speed_10m": 1.9,
        "last_updated": "2026-10-10T21:01:13Z"
      }
    },
    {
      "type": "Feature",
      "geometry": {
        "type": "Point",
        "coordinates": [
          2.613,
          47.58
        ]
      },
      "properties": {
        "temperature_2m": 10.7,
        "precipitation": 0.0,
        "cloud_cover": 35,
        "wind_speed_10m": 2.25,
        "last_updated": "2026-10-10T21:01:13Z"
      }
    },
    {
      "type": "Feature",
      "geometry": {
        "type": "Point",
        "coordinates": [
          2.8641,
          47.5746
        ]
      },
      "properties": {
        "temperature_2m": 10.9,
        "precipitation": 0.0,
        "cloud_cover": 67,
        "wind_speed_10m": 1.43,
        "last_updated": "2026-10-10T21:01:13Z"
      }
    },
    {
      "type": "Feature",
      "geometry": {
        "type": "Point",
        "coordinates": [
          3.1162,
          47.5863
        ]
      },
      "properties": {
        "temperature_2m": 10.9,
        "precipitation": 0.0,
        "cloud_cover": 91,
        "wind_speed_10m": 1.72,
        "last_updated": "2026-10-10T21:01:13Z"
      }
    },
    {
      "type": "Feature",
      "geometry": {
        "type": "Point",
        "coordinates": [
          3.3672,
          47.5799
        ]
      },
      "properties": {
        "temperature_2m": 10.9,
        "precipitation": 0.0,
        "cloud_cover": 100,
        "wind_speed_10m": 1.12,
        "last_updated": "2026-10-10T21:01:13Z"
      }
    },
    {
      "type": "Feature",
      "geometry": {
        "type": "Point",
        "coordinates": [
          3.5985,
          47.5815
        ]
      },
      "properties": {
        "temperature_2m": 10.3,
        "precipitation": 0.0,
        "cloud_cover": 100,
        "wind_speed_10m": 2.25,
        "last_updated": "2026-10-10T21:01:13Z"
      }
    },
    {
      "type": "Feature",
      "geometry": {
        "type": "Point",
        "coordinates": [
          3.8496,
          47.5743
        ]
      },
      "properties": {
        "temperature_2m": 9.2,
        "precipitation": 0.0,
        "cloud_cover": 45,
        "wind_speed_10m": 1.27,
        "last_updated": "2026-10-10T21:01:13Z"
      }
    },
    {
      "type": "Feature",
      "geometry": {
        "type": "Point",
        "coordinates": [
          4.1018,
          47.5841
        ]
      },
      "properties": {
        "temperature_2m": 9.2,
        "precipitation": 0.0,
        "cloud_cover": 13,
        "wind_speed_10m": 1.17,
        "last_updated": "2026-10-10T21:01:13Z"
      }
    },
    {
      "type": "Feature",
      "geometry": {
        "type": "Point",
        "coordinates": [
          4.3527,
          47.5759
        ]
      },
      "properties": {
        "temperature_2m": 9.7,
        "precipitation": 0.0,
        "cloud_cover": 62,
        "wind_speed_10m": 1.77,
        "last_updated": "2026-10-10T21:01:13Z"
      }
    },
    {
      "type": "Feature",
      "geometry": {
        "type": "Point",
        "coordinates": [
          4.626,
          47.5743
        ]
      },
      "properties": {
        "temperature_2m": 10.0,
        "precipitation": 0.0,
        "cloud_cover": 74,
        "wind_speed_10m": 1.14,
        "last_updated": "2026-10-10T21:01:13Z"
      }
    },
    {
      "type": "Feature",
      "geometry": {
        "type": "Point",
        "coordinates": [
          4.8589,
          47.5913
        ]
      },
      "properties": {
        "temperature_2m": 9.5,
        "precipitation": 0.0,
        "cloud_cover": 61,
        "wind_speed_10m": 1.53,
        "last_updated": "2026-10-10T21:01:13Z"
      }
    },
    {
      "type": "Feature",
      "geometry": {
        "type": "Point",
        "coordinates": [
          5.1099,
          47.5817
        ]
      },
      "properties": {
        "temperature_2m": 10.2,
        "precipitation": 0.0,
        "cloud_cover": 67,
        "wind_speed_10m": 1.62,
        "last_updated": "2026-10-10T21:01:13Z"
      }
    },
    {
      "type": "Feature",
      "geometry": {
        "type": "Point",
        "coordinates": [
          5.3607,
          47.5716
        ]
      },
      "properties": {
        "temperature_2m": 10.9,
        "precipitation": 0.0,
        "cloud_cover": 51,
        "wind_speed_10m": 2.4,
        "last_updated": "2026-10-10T21:01:13Z"
      }
    },
    {
      "type": "Feature",
      "geometry": {
        "type": "Point",
        "coordinates": [
          5.6131,
          47.5785
        ]
      },
      "properties": {
        "temperature_2m": 10.6,
        "precipitation": 0.0,
        "cloud_cover": 100,
        "wind_speed_10m": 1.92,
        "last_updated": "2026-10-10T21:01:13Z"
      }
    },
    {
      "type": "Feature",
      "geometry": {
        "type": "Point",
        "coordinates": [
          5.8447,
          47.5762
        ]
      },
      "properties": {
        "temperature_2m": 9.4,
        "precipitation": 0.0,
        "cloud_cover": 63,
        "wind_speed_10m": 1.3,
        "last_updated": "2026-10-10T21:01:13Z"
      }
    },
    {
      "type": "Feature",
      "geometry": {
        "type": "Point",
        "coordinates": [
          6.0972,
          47.5822
        ]
      },
      "properties": {
        "temperature_2m": 9.2,
        "precipitation": 0.0,
        "cloud_cover": 14,
        "wind_speed_10m": 1.98,
        "last_updated": "2026-10-10T21:01:13Z"
      }
    },
    {
      "type": "Feature",
      "geometry": {
        "type": "Point",
        "coordinates": [
          6.3707,
          47.577
        ]
      },
      "properties": {
        "temperature_2m": 8.9,
        "precipitation": 0.0,
        "cloud_cover": 58,
        "wind_speed_10m": 1.7,
        "last_updated": "2026-10-10T21:01:13Z"
      }
    },
    {
      "type": "Feature",
      "geometry": {
        "type": "Point",
        "coordinates": [
          6.6233,
          47.5821
        ]
      },
      "properties": {
        "temperature_2m": 9.0,
        "precipitation": 0.0,
        "cloud_cover": 71,
        "wind_speed_10m": 1.21,
        "last_updated": "2026-10-10T21:01:13Z"
      }
    },
    {
      "type": "Feature",
      "geometry": {
        "type": "Point",
        "coordinates": [
          6.8551,
          47.578
        ]
      },
      "properties": {
        "temperature_2m": 9.6,
        "precipitation": 0.0,
        "cloud_cover": 17,
        "wind_speed_10m": 1.41,
        "last_updated": "2026-10-10T21:01:13Z"
      }
    },
    {
      "type": "Feature",
      "geometry": {
        "type": "Point",
        "coordinates": [
          7.1077,
          47.5821
        ]
      },
      "properties": {
        "temperature_2m": 9.0,
        "precipitation": 0.0,
        "cloud_cover": 0,
        "wind_speed_10m": 2.33,
        "last_updated": "2026-10-10T21:01:13Z"
      }
    },
    {
      "type": "Feature",
      "geometry": {
        "type": "Point",
        "coordinates": [
          7.3581,
          47.5682
        ]
      },
      "properties": {
        "temperature_2m": 9.3,
        "precipitation": 0.0,
        "cloud_cover": 0,
        "wind_speed_10m": 3.2,
        "last_updated": "2026-10-10T21:01:13Z"
      }
    },
    {
      "type": "Feature",
      "geometry": {
        "type": "Point",
        "coordinates": [
          7.6154,
          47.5868
        ]
      },
      "properties": {
        "temperature_2m": 10.5,
        "precipitation": 0.0,
        "cloud_cover": 2,
        "wind_speed_10m": 0.78,
        "last_updated": "2026-10-10T21:01:13Z"
      }
    },
    {
      "type": "Feature",
      "geometry": {
        "type": "Point",
        "coordinates": [
          7.8658,
          47.572
        ]
      },
      "properties": {
        "temperature_2m": 8.3,
        "precipitation": 0.0,
        "cloud_cover": 63,
        "wind_speed_10m": 0.73,
        "last_updated": "2026-10-10T21:01:13Z"
      }
    },
    {
      "type": "Feature",
      "geometry": {
        "type": "Point",
        "coordinates": [
          8.1001,
          47.5831
        ]
      },
      "properties": {
        "temperature_2m": 9.0,
        "precipitation": 0.0,
        "cloud_cover": 58,
        "wind_speed_10m": 1.35,
        "last_updated": "2026-10-10T21:01:13Z"
      }
    },
    {
      "type": "Feature",
      "geometry": {
        "type": "Point",
        "coordinates": [
          8.3528,
          47.5848
        ]
      },
      "properties": {
        "temperature_2m": 8.1,
        "precipitation": 0.0,
        "cloud_cover": 0,
        "wind_speed_10m": 1.14,
        "last_updated": "2026-10-10T21:01:13Z"
      }
    },
    {
      "type": "Feature",
      "geometry": {
        "type": "Point",
        "coordinates": [
          8.6265,
          47.5749
        ]
      },
      "properties": {
        "temperature_2m": 10.2,
        "precipitation": 0.0,
        "cloud_cover": 79,
        "wind_speed_10m": 1.63,
        "last_updated": "2026-10-10T21:01:13Z"
      }
    },
    {
      "type": "Feature",
      "geometry": {
        "type": "Point",
        "coordinates": [
          8.861,
          47.5846
        ]
      },
      "properties": {
        "temperature_2m": 9.8,
        "precipitation": 0.0,
        "cloud_cover": 96,
        "wind_speed_10m": 1.63,
        "last_updated": "2026-10-10T21:01:13Z"
      }
    },
    {
      "type": "Feature",
      "geometry": {
        "type": "Point",
        "coordinates": [
          9.1138,
          47.5848
        ]
      },
      "properties": {
        "temperature_2m": 8.8,
        "precipitation": 0.0,
        "cloud_cover": 100,
        "wind_speed_10m": 2.21,
        "last_updated": "2026-10-10T21:01:13Z"
      }
    },
    {
      "type": "Feature",
      "geometry": {
        "type": "Point",
        "coordinates": [
          9.3458,
          47.5763
        ]
      },
      "properties": {
        "temperature_2m": 11.0,
        "precipitation": 0.0,
        "cloud_cover": 86,
        "wind_speed_10m": 3.66,
        "last_updated": "2026-10-10T21:01:13Z"
      }
    },
    {
      "type": "Feature",
      "geometry": {
        "type": "Point",
        "coordinates": [
          9.6223,
          47.5817
        ]
      },
      "properties": {
        "temperature_2m": 12.6,
        "precipitation": 0.0,
        "cloud_cover": 91,
        "wind_speed_10m": 3.73,
        "last_updated": "2026-10-10T21:01:13Z"
      }
    },
    {
      "type": "Feature",
      "geometry": {
        "type": "Point",
        "coordinates": [
          -5.14,
          47.83
        ]
      },
      "properties": {
        "temperature_2m": 16.0,
        "precipitation": 0.0,
        "cloud_cover": 100,
        "wind_speed_10m": 1.2,
        "last_updated": "2026-10-10T21:01:13Z"
      }
    },
    {
      "type": "Feature",
      "geometry": {
        "type": "Point",
        "coordinates": [
          -4.89,
          47.83
        ]
      },
      "properties": {
        "temperature_2m": 15.7,
        "precipitation": 0.0,
        "cloud_cover": 100,
        "wind_speed_10m": 1.14,
        "last_updated": "2026-10-10T21:01:13Z"
      }
    },
    {
      "type": "Feature",
      "geometry": {
        "type": "Point",
        "coordinates": [
          -4.64,
          47.83
        ]
      },
      "properties": {
        "temperature_2m": 15.5,
        "precipitation": 0.0,
        "cloud_cover": 100,
        "wind_speed_10m": 1.25,
        "last_updated": "2026-10-10T21:01:13Z"
      }
    },
    {
      "type": "Feature",
      "geometry": {
        "type": "Point",
        "coordinates": [
          -4.39,
          47.83
        ]
      },
      "properties": {
        "temperature_2m": 15.5,
        "precipitation": 0.0,
        "cloud_cover": 100,
        "wind_speed_10m": 2.02,
        "last_updated": "2026-10-10T21:01:13Z"
      }
    },
    {
      "type": "Feature",
      "geometry": {
        "type": "Point",
        "coordinates": [
          -4.14,
          47.83
        ]
      },
      "properties": {
        "temperature_2m": 14.5,
        "precipitation": 0.0,
        "cloud_cover": 100,
        "wind_speed_10m": 1.52,
        "last_updated": "2026-10-10T21:01:13Z"
      }
    },
    {
      "type": "Feature",
      "geometry": {
        "type": "Point",
        "coordinates": [
          -3.89,
          47.83
        ]
      },
      "properties": {
        "temperature_2m": 12.3,
        "precipitation": 0.0,
        "cloud_cover": 100,
        "wind_speed_10m": 2.43,
        "last_updated": "2026-10-10T21:01:13Z"
      }
    },
    {
      "type": "Feature",
      "geometry": {
        "type": "Point",
        "coordinates": [
          -3.64,
          47.83
        ]
      },
      "properties": {
        "temperature_2m": 10.1,
        "precipitation": 0.0,
        "cloud_cover": 100,
        "wind_speed_10m": 0.1,
        "last_updated": "2026-10-10T21:01:13Z"
      }
    },
    {
      "type": "Feature",
      "geometry": {
        "type": "Point",
        "coordinates": [
          -3.39,
          47.83
        ]
      },
      "properties": {
        "temperature_2m": 10.3,
        "precipitation": 0.0,
        "cloud_cover": 100,
        "wind_speed_10m": 0.36,
        "last_updated": "2026-10-10T21:01:13Z"
      }
    },
    {
      "type": "Feature",
      "geometry": {
        "type": "Point",
        "coordinates": [
          -3.14,
          47.83
        ]
      },
      "properties": {
        "temperature_2m": 9.9,
        "precipitation": 0.0,
        "cloud_cover": 100,
        "wind_speed_10m": 0.73,
        "last_updated": "2026-10-10T21:01:13Z"
      }
    },
    {
      "type": "Feature",
      "geometry": {
        "type": "Point",
        "coordinates": [
          -2.89,
          47.83
        ]
      },
      "properties": {
        "temperature_2m": 10.7,
        "precipitation": 0.0,
        "cloud_cover": 100,
        "wind_speed_10m": 1.62,
        "last_updated": "2026-10-10T21:01:13Z"
      }
    },
    {
      "type": "Feature",
      "geometry": {
        "type": "Point",
        "coordinates": [
          -2.64,
          47.83
        ]
      },
      "properties": {
        "temperature_2m": 10.8,
        "precipitation": 0.0,
        "cloud_cover": 100,
        "wind_speed_10m": 0.61,
        "last_updated": "2026-10-10T21:01:13Z"
      }
    },
    {
      "type": "Feature",
      "geometry": {
        "type": "Point",
        "coordinates": [
          -2.39,
          47.83
        ]
      },
      "properties": {
        "temperature_2m": 11.3,
        "precipitation": 0.0,
        "cloud_cover": 100,
        "wind_speed_10m": 0.41,
        "last_updated": "2026-10-10T21:01:13Z"
      }
    },
    {
      "type": "Feature",
      "geometry": {
        "type": "Point",
        "coordinates": [
          -2.14,
          47.83
        ]
      },
      "properties": {
        "temperature_2m": 11.2,
        "precipitation": 0.0,
        "cloud_cover": 100,
        "wind_speed_10m": 1.5,
        "last_updated": "2026-10-10T21:01:13Z"
      }
    },
    {
      "type": "Feature",
      "geometry": {
        "type": "Point",
        "coordinates": [
          -1.89,
          47.83
        ]
      },
      "properties": {
        "temperature_2m": 11.3,
        "precipitation": 0.0,
        "cloud_cover": 100,
        "wind_speed_10m": 2.25,
        "last_updated": "2026-10-10T21:01:13Z"
      }
    },
    {
      "type": "Feature",
      "geometry": {
        "type": "Point",
        "coordinates": [
          -1.64,
          47.83
        ]
      },
      "properties": {
        "temperature_2m": 10.5,
        "precipitation": 0.0,
        "cloud_cover": 100,
        "wind_speed_10m": 1.8,
        "last_updated": "2026-10-10T21:01:13Z"
      }
    },
    {
      "type": "Feature",
      "geometry": {
        "type": "Point",
        "coordinates": [
          -1.39,
          47.83
        ]
      },
      "properties": {
        "temperature_2m": 9.6,
        "precipitation": 0.0,
        "cloud_cover": 100,
        "wind_speed_10m": 1.43,
        "last_updated": "2026-10-10T21:01:13Z"
      }
    },
    {
      "type": "Feature",
      "geometry": {
        "type": "Point",
        "coordinates": [
          -1.1409,
          47.8332
        ]
      },
      "properties": {
        "temperature_2m": 11.1,
        "precipitation": 0.0,
        "cloud_cover": 88,
        "wind_speed_10m": 1.43,
        "last_updated": "2026-10-10T21:01:13Z"
      }
    },
    {
      "type": "Feature",
      "geometry": {
        "type": "Point",
        "coordinates": [
          -0.8882,
          47.8348
        ]
      },
      "properties": {
        "temperature_2m": 11.4,
        "precipitation": 0.0,
        "cloud_cover": 82,
        "wind_speed_10m": 1.61,
        "last_updated": "2026-10-10T21:01:13Z"
      }
    },
    {
      "type": "Feature",
      "geometry": {
        "type": "Point",
        "coordinates": [
          -0.6354,
          47.836
        ]
      },
      "properties": {
        "temperature_2m": 11.9,
        "precipitation": 0.0,
        "cloud_cover": 85,
        "wind_speed_10m": 1.33,
        "last_updated": "2026-10-10T21:01:13Z"
      }
    },
    {
      "type": "Feature",
      "geometry": {
        "type": "Point",
        "coordinates": [
          -0.3827,
          47.8367
        ]
      },
      "properties": {
        "temperature_2m": 11.2,
        "precipitation": 0.0,
        "cloud_cover": 97,
        "wind_speed_10m": 1.12,
        "last_updated": "2026-10-10T21:01:13Z"
      }
    },
    {
      "type": "Feature",
      "geometry": {
        "type": "Point",
        "coordinates": [
          -0.151,
          47.829
        ]
      },
      "properties": {
        "temperature_2m": 9.0,
        "precipitation": 0.0,
        "cloud_cover": 97,
        "wind_speed_10m": 0.94,
        "last_updated": "2026-10-10T21:01:13Z"
      }
    },
    {
      "type": "Feature",
      "geometry": {
        "type": "Point",
        "coordinates": [
          0.1016,
          47.8288
        ]
      },
      "properties": {
        "temperature_2m": 10.3,
        "precipitation": 0.0,
        "cloud_cover": 89,
        "wind_speed_10m": 0.95,
        "last_updated": "2026-10-10T21:01:13Z"
      }
    },
    {
      "type": "Feature",
      "geometry": {
        "type": "Point",
        "coordinates": [
          0.3543,
          47.8281
        ]
      },
      "properties": {
        "temperature_2m": 10.1,
        "precipitation": 0.0,
        "cloud_cover": 100,
        "wind_speed_10m": 1.14,
        "last_updated": "2026-10-10T21:01:13Z"
      }
    },
    {
      "type": "Feature",
      "geometry": {
        "type": "Point",
        "coordinates": [
          0.607,
          47.8269
        ]
      },
      "properties": {
        "temperature_2m": 9.1,
        "precipitation": 0.0,
        "cloud_cover": 93,
        "wind_speed_10m": 1.04,
        "last_updated": "2026-10-10T21:01:13Z"
      }
    },
    {
      "type": "Feature",
      "geometry": {
        "type": "Point",
        "coordinates": [
          0.8597,
          47.8253
        ]
      },
      "properties": {
        "temperature_2m": 9.7,
        "precipitation": 0.0,
        "cloud_cover": 40,
        "wind_speed_10m": 1.5,
        "last_updated": "2026-10-10T21:01:13Z"
      }
    },
    {
      "type": "Feature",
      "geometry": {
        "type": "Point",
        "coordinates": [
          1.1123,
          47.8232
        ]
      },
      "properties": {
        "temperature_2m": 8.6,
        "precipitation": 0.0,
        "cloud_cover": 48,
        "wind_speed_10m": 0.78,
        "last_updated": "2026-10-10T21:01:13Z"
      }
    },
    {
      "type": "Feature",
      "geometry": {
        "type": "Point",
        "coordinates": [
          1.3649,
          47.8206
        ]
      },
      "properties": {
        "temperature_2m": 9.2,
        "precipitation": 0.0,
        "cloud_cover": 2,
        "wind_speed_10m": 1.75,
        "last_updated": "2026-10-10T21:01:13Z"
      }
    },
    {
      "type": "Feature",
      "geometry": {
        "type": "Point",
        "coordinates": [
          1.597,
          47.8257
        ]
      },
      "properties": {
        "temperature_2m": 9.6,
        "precipitation": 0.0,
        "cloud_cover": 1,
        "wind_speed_10m": 2.8,
        "last_updated": "2026-10-10T21:01:13Z"
      }
    },
    {
      "type": "Feature",
      "geometry": {
        "type": "Point",
        "coordinates": [
          1.8497,
          47.8222
        ]
      },
      "properties": {
        "temperature_2m": 8.9,
        "precipitation": 0.0,
        "cloud_cover": 5,
        "wind_speed_10m": 1.82,
        "last_updated": "2026-10-10T21:01:13Z"
      }
    },
    {
      "type": "Feature",
      "geometry": {
        "type": "Point",
        "coordinates": [
          2.1029,
          47.8357
        ]
      },
      "properties": {
        "temperature_2m": 10.1,
        "precipitation": 0.0,
        "cloud_cover": 0,
        "wind_speed_10m": 2.9,
        "last_updated": "2026-10-10T21:01:13Z"
      }
    },
    {
      "type": "Feature",
      "geometry": {
        "type": "Point",
        "coordinates": [
          2.3555,
          47.8312
        ]
      },
      "properties": {
        "temperature_2m": 10.1,
        "precipitation": 0.0,
        "cloud_cover": 33,
        "wind_speed_10m": 2.1,
        "last_updated": "2026-10-10T21:01:13Z"
      }
    },
    {
      "type": "Feature",
      "geometry": {
        "type": "Point",
        "coordinates": [
          2.6081,
          47.8263
        ]
      },
      "properties": {
        "temperature_2m": 10.1,
        "precipitation": 0.0,
        "cloud_cover": 69,
        "wind_speed_10m": 2.02,
        "last_updated": "2026-10-10T21:01:13Z"
      }
    },
    {
      "type": "Feature",
      "geometry": {
        "type": "Point",
        "coordinates": [
          2.8606,
          47.8209
        ]
      },
      "properties": {
        "temperature_2m": 10.7,
        "precipitation": 0.0,
        "cloud_cover": 60,
        "wind_speed_10m": 2.4,
        "last_updated": "2026-10-10T21:01:13Z"
      }
    },
    {
      "type": "Feature",
      "geometry": {
        "type": "Point",
        "coordinates": [
          3.0931,
          47.8234
        ]
      },
      "properties": {
        "temperature_2m": 10.9,
        "precipitation": 0.0,
        "cloud_cover": 100,
        "wind_speed_10m": 2.19,
        "last_updated": "2026-10-10T21:01:13Z"
      }
    },
    {
      "type": "Feature",
      "geometry": {
        "type": "Point",
        "coordinates": [
          3.3466,
          47.8346
        ]
      },
      "properties": {
        "temperature_2m": 11.3,
        "precipitation": 0.0,
        "cloud_cover": 88,
        "wind_speed_10m": 3.31,
        "last_updated": "2026-10-10T21:01:13Z"
      }
    },
    {
      "type": "Feature",
      "geometry": {
        "type": "Point",
        "coordinates": [
          3.5991,
          47.8278
        ]
      },
      "properties": {
        "temperature_2m": 10.8,
        "precipitation": 0.0,
        "cloud_cover": 93,
        "wind_speed_10m": 1.93,
        "last_updated": "2026-10-10T21:01:13Z"
      }
    },
    {
      "type": "Feature",
      "geometry": {
        "type": "Point",
        "coordinates": [
          3.8738,
          47.8277
        ]
      },
      "properties": {
        "temperature_2m": 10.8,
        "precipitation": 0.0,
        "cloud_cover": 94,
        "wind_speed_10m": 1.64,
        "last_updated": "2026-10-10T21:01:13Z"
      }
    },
    {
      "type": "Feature",
      "geometry": {
        "type": "Point",
        "coordinates": [
          4.1275,
          47.8374
        ]
      },
      "properties": {
        "temperature_2m": 10.3,
        "precipitation": 0.0,
        "cloud_cover": 87,
        "wind_speed_10m": 1.21,
        "last_updated": "2026-10-10T21:01:13Z"
      }
    },
    {
      "type": "Feature",
      "geometry": {
        "type": "Point",
        "coordinates": [
          4.3603,
          47.8377
        ]
      },
      "properties": {
        "temperature_2m": 10.7,
        "precipitation": 0.0,
        "cloud_cover": 68,
        "wind_speed_10m": 2.22,
        "last_updated": "2026-10-10T21:01:13Z"
      }
    },
    {
      "type": "Feature",
      "geometry": {
        "type": "Point",
        "coordinates": [
          4.6127,
          47.829
        ]
      },
      "properties": {
        "temperature_2m": 10.9,
        "precipitation": 0.0,
        "cloud_cover": 81,
        "wind_speed_10m": 1.72,
        "last_updated": "2026-10-10T21:01:13Z"
      }
    },
    {
      "type": "Feature",
      "geometry": {
        "type": "Point",
        "coordinates": [
          4.8665,
          47.8373
        ]
      },
      "properties": {
        "temperature_2m": 10.8,
        "precipitation": 0.0,
        "cloud_cover": 69,
        "wind_speed_10m": 1.84,
        "last_updated": "2026-10-10T21:01:13Z"
      }
    },
    {
      "type": "Feature",
      "geometry": {
        "type": "Point",
        "coordinates": [
          5.1188,
          47.8276
        ]
      },
      "properties": {
        "temperature_2m": 9.7,
        "precipitation": 0.0,
        "cloud_cover": 94,
        "wind_speed_10m": 1.75,
        "last_updated": "2026-10-10T21:01:13Z"
      }
    },
    {
      "type": "Feature",
      "geometry": {
        "type": "Point",
        "coordinates": [
          5.3517,
          47.8262
        ]
      },
      "properties": {
        "temperature_2m": 10.1,
        "precipitation": 0.0,
        "cloud_cover": 32,
        "wind_speed_10m": 3.11,
        "last_updated": "2026-10-10T21:01:13Z"
      }
    },
    {
      "type": "Feature",
      "geometry": {
        "type": "Point",
        "coordinates": [
          5.6056,
          47.833
        ]
      },
      "properties": {
        "temperature_2m": 11.0,
        "precipitation": 0.0,
        "cloud_cover": 100,
        "wind_speed_10m": 1.71,
        "last_updated": "2026-10-10T21:01:13Z"
      }
    },
    {
      "type": "Feature",
      "geometry": {
        "type": "Point",
        "coordinates": [
          5.8578,
          47.822
        ]
      },
      "properties": {
        "temperature_2m": 10.4,
        "precipitation": 0.0,
        "cloud_cover": 99,
        "wind_speed_10m": 2.35,
        "last_updated": "2026-10-10T21:01:13Z"
      }
    },
    {
      "type": "Feature",
      "geometry": {
        "type": "Point",
        "coordinates": [
          6.0926,
          47.8367
        ]
      },
      "properties": {
        "temperature_2m": 9.7,
        "precipitation": 0.0,
        "cloud_cover": 100,
        "wind_speed_10m": 1.12,
        "last_updated": "2026-10-10T21:01:13Z"
      }
    },
    {
      "type": "Feature",
      "geometry": {
        "type": "Point",
        "coordinates": [
          6.3677,
          47.8314
        ]
      },
      "properties": {
        "temperature_2m": 9.8,
        "precipitation": 0.0,
        "cloud_cover": 54,
        "wind_speed_10m": 0.5,
        "last_updated": "2026-10-10T21:01:13Z"
      }
    },
    {
      "type": "Feature",
      "geometry": {
        "type": "Point",
        "coordinates": [
          6.6217,
          47.8364
        ]
      },
      "properties": {
        "temperature_2m": 7.8,
        "precipitation": 0.0,
        "cloud_cover": 62,
        "wind_speed_10m": 0.67,
        "last_updated": "2026-10-10T21:01:13Z"
      }
    },
    {
      "type": "Feature",
      "geometry": {
        "type": "Point",
        "coordinates": [
          6.8549,
          47.8323
        ]
      },
      "properties": {
        "temperature_2m": 7.2,
        "precipitation": 0.0,
        "cloud_cover": 36,
        "wind_speed_10m": 3.41,
        "last_updated": "2026-10-10T21:01:13Z"
      }
    },
    {
      "type": "Feature",
      "geometry": {
        "type": "Point",
        "coordinates": [
          7.151,
          47.834
        ]
      },
      "properties": {
        "temperature_2m": 8.7,
        "precipitation": 0.0,
        "cloud_cover": 0,
        "wind_speed_10m": 2.6,
        "last_updated": "2026-10-10T21:01:13Z"
      }
    },
    {
      "type": "Feature",
      "geometry": {
        "type": "Point",
        "coordinates": [
          7.3609,
          47.8223
        ]
      },
      "properties": {
        "temperature_2m": 10.4,
        "precipitation": 0.0,
        "cloud_cover": 5,
        "wind_speed_10m": 3.26,
        "last_updated": "2026-10-10T21:01:13Z"
      }
    },
    {
      "type": "Feature",
      "geometry": {
        "type": "Point",
        "coordinates": [
          7.5963,
          47.8343
        ]
      },
      "properties": {
        "temperature_2m": 10.0,
        "precipitation": 0.0,
        "cloud_cover": 0,
        "wind_speed_10m": 2.94,
        "last_updated": "2026-10-10T21:01:13Z"
      }
    },
    {
      "type": "Feature",
      "geometry": {
        "type": "Point",
        "coordinates": [
          7.8481,
          47.8195
        ]
      },
      "properties": {
        "temperature_2m": 4.7,
        "precipitation": 0.0,
        "cloud_cover": 0,
        "wind_speed_10m": 3.62,
        "last_updated": "2026-10-10T21:01:13Z"
      }
    },
    {
      "type": "Feature",
      "geometry": {
        "type": "Point",
        "coordinates": [
          8.1072,
          47.837
        ]
      },
      "properties": {
        "temperature_2m": 5.0,
        "precipitation": 0.0,
        "cloud_cover": 15,
        "wind_speed_10m": 2.15,
        "last_updated": "2026-10-10T21:01:13Z"
      }
    },
    {
      "type": "Feature",
      "geometry": {
        "type": "Point",
        "coordinates": [
          8.3613,
          47.8385
        ]
      },
      "properties": {
        "temperature_2m": 5.5,
        "precipitation": 0.0,
        "cloud_cover": 0,
        "wind_speed_10m": 1.66,
        "last_updated": "2026-10-10T21:01:13Z"
      }
    },
    {
      "type": "Feature",
      "geometry": {
        "type": "Point",
        "coordinates": [
          8.613,
          47.8222
        ]
      },
      "properties": {
        "temperature_2m": 6.9,
        "precipitation": 0.0,
        "cloud_cover": 0,
        "wind_speed_10m": 1.58,
        "last_updated": "2026-10-10T21:01:13Z"
      }
    },
    {
      "type": "Feature",
      "geometry": {
        "type": "Point",
        "coordinates": [
          8.8489,
          47.8319
        ]
      },
      "properties": {
        "temperature_2m": 7.1,
        "precipitation": 0.0,
        "cloud_cover": 32,
        "wind_speed_10m": 0.64,
        "last_updated": "2026-10-10T21:01:13Z"
      }
    },
    {
      "type": "Feature",
      "geometry": {
        "type": "Point",
        "coordinates": [
          9.1241,
          47.8209
        ]
      },
      "properties": {
        "temperature_2m": 9.0,
        "precipitation": 0.0,
        "cloud_cover": 65,
        "wind_speed_10m": 1.08,
        "last_updated": "2026-10-10T21:01:13Z"
      }
    },
    {
      "type": "Feature",
      "geometry": {
        "type": "Point",
        "coordinates": [
          9.3602,
          47.8297
        ]
      },
      "properties": {
        "temperature_2m": 9.0,
        "precipitation": 0.0,
        "cloud_cover": 76,
        "wind_speed_10m": 1.28,
        "last_updated": "2026-10-10T21:01:13Z"
      }
    },
    {
      "type": "Feature",
      "geometry": {
        "type": "Point",
        "coordinates": [
          9.6144,
          47.8288
        ]
      },
      "properties": {
        "temperature_2m": 9.4,
        "precipitation": 0.0,
        "cloud_cover": 95,
        "wind_speed_10m": 0.94,
        "last_updated": "2026-10-10T21:01:13Z"
      }
    },
    {
      "type": "Feature",
      "geometry": {
        "type": "Point",
        "coordinates": [
          -5.14,
          48.08
        ]
      },
      "properties": {
        "temperature_2m": 15.7,
        "precipitation": 0.0,
        "cloud_cover": 100,
        "wind_speed_10m": 2.02,
        "last_updated": "2026-10-10T21:01:13Z"
      }
    },
    {
      "type": "Feature",
      "geometry": {
        "type": "Point",
        "coordinates": [
          -4.89,
          48.08
        ]
      },
      "properties": {
        "temperature_2m": 15.2,
        "precipitation": 0.0,
        "cloud_cover": 100,
        "wind_speed_10m": 1.39,
        "last_updated": "2026-10-10T21:01:13Z"
      }
    },
    {
      "type": "Feature",
      "geometry": {
        "type": "Point",
        "coordinates": [
          -4.64,
          48.08
        ]
      },
      "properties": {
        "temperature_2m": 15.4,
        "precipitation": 0.0,
        "cloud_cover": 100,
        "wind_speed_10m": 2.28,
        "last_updated": "2026-10-10T21:01:13Z"
      }
    },
    {
      "type": "Feature",
      "geometry": {
        "type": "Point",
        "coordinates": [
          -4.39,
          48.08
        ]
      },
      "properties": {
        "temperature_2m": 10.6,
        "precipitation": 0.0,
        "cloud_cover": 100,
        "wind_speed_10m": 1.2,
        "last_updated": "2026-10-10T21:01:13Z"
      }
    },
    {
      "type": "Feature",
      "geometry": {
        "type": "Point",
        "coordinates": [
          -4.14,
          48.08
        ]
      },
      "properties": {
        "temperature_2m": 9.2,
        "precipitation": 0.0,
        "cloud_cover": 100,
        "wind_speed_10m": 1.04,
        "last_updated": "2026-10-10T21:01:13Z"
      }
    },
    {
      "type": "Feature",
      "geometry": {
        "type": "Point",
        "coordinates": [
          -3.89,
          48.08
        ]
      },
      "properties": {
        "temperature_2m": 8.6,
        "precipitation": 0.0,
        "cloud_cover": 100,
        "wind_speed_10m": 1.12,
        "last_updated": "2026-10-10T21:01:13Z"
      }
    },
    {
      "type": "Feature",
      "geometry": {
        "type": "Point",
        "coordinates": [
          -3.64,
          48.08
        ]
      },
      "properties": {
        "temperature_2m": 8.8,
        "precipitation": 0.0,
        "cloud_cover": 100,
        "wind_speed_10m": 2.3,
        "last_updated": "2026-10-10T21:01:13Z"
      }
    },
    {
      "type": "Feature",
      "geometry": {
        "type": "Point",
        "coordinates": [
          -3.39,
          48.08
        ]
      },
      "properties": {
        "temperature_2m": 8.0,
        "precipitation": 0.0,
        "cloud_cover": 100,
        "wind_speed_10m": 0.28,
        "last_updated": "2026-10-10T21:01:13Z"
      }
    },
    {
      "type": "Feature",
      "geometry": {
        "type": "Point",
        "coordinates": [
          -3.14,
          48.08
        ]
      },
      "properties": {
        "temperature_2m": 7.6,
        "precipitation": 0.0,
        "cloud_cover": 100,
        "wind_speed_10m": 0.22,
        "last_updated": "2026-10-10T21:01:13Z"
      }
    },
    {
      "type": "Feature",
      "geometry": {
        "type": "Point",
        "coordinates": [
          -2.89,
          48.08
        ]
      },
      "properties": {
        "temperature_2m": 8.7,
        "precipitation": 0.0,
        "cloud_cover": 100,
        "wind_speed_10m": 1.39,
        "last_updated": "2026-10-10T21:01:13Z"
      }
    },
    {
      "type": "Feature",
      "geometry": {
        "type": "Point",
        "coordinates": [
          -2.64,
          48.08
        ]
      },
      "properties": {
        "temperature_2m": 8.4,
        "precipitation": 0.0,
        "cloud_cover": 100,
        "wind_speed_10m": 0.42,
        "last_updated": "2026-10-10T21:01:13Z"
      }
    },
    {
      "type": "Feature",
      "geometry": {
        "type": "Point",
        "coordinates": [
          -2.39,
          48.08
        ]
      },
      "properties": {
        "temperature_2m": 8.9,
        "precipitation": 0.0,
        "cloud_cover": 100,
        "wind_speed_10m": 1.21,
        "last_updated": "2026-10-10T21:01:13Z"
      }
    },
    {
      "type": "Feature",
      "geometry": {
        "type": "Point",
        "coordinates": [
          -2.14,
          48.08
        ]
      },
      "properties": {
        "temperature_2m": 10.4,
        "precipitation": 0.0,
        "cloud_cover": 100,
        "wind_speed_10m": 1.34,
        "last_updated": "2026-10-10T21:01:13Z"
      }
    },
    {
      "type": "Feature",
      "geometry": {
        "type": "Point",
        "coordinates": [
          -1.89,
          48.08
        ]
      },
      "properties": {
        "temperature_2m": 9.9,
        "precipitation": 0.0,
        "cloud_cover": 100,
        "wind_speed_10m": 1.9,
        "last_updated": "2026-10-10T21:01:13Z"
      }
    },
    {
      "type": "Feature",
      "geometry": {
        "type": "Point",
        "coordinates": [
          -1.64,
          48.08
        ]
      },
      "properties": {
        "temperature_2m": 10.0,
        "precipitation": 0.0,
        "cloud_cover": 100,
        "wind_speed_10m": 1.66,
        "last_updated": "2026-10-10T21:01:13Z"
      }
    },
    {
      "type": "Feature",
      "geometry": {
        "type": "Point",
        "coordinates": [
          -1.39,
          48.08
        ]
      },
      "properties": {
        "temperature_2m": 8.4,
        "precipitation": 0.0,
        "cloud_cover": 100,
        "wind_speed_10m": 1.97,
        "last_updated": "2026-10-10T21:01:13Z"
      }
    },
    {
      "type": "Feature",
      "geometry": {
        "type": "Point",
        "coordinates": [
          -1.1459,
          48.087
        ]
      },
      "properties": {
        "temperature_2m": 10.2,
        "precipitation": 0.0,
        "cloud_cover": 100,
        "wind_speed_10m": 1.65,
        "last_updated": "2026-10-10T21:01:13Z"
      }
    },
    {
      "type": "Feature",
      "geometry": {
        "type": "Point",
        "coordinates": [
          -0.8917,
          48.0886
        ]
      },
      "properties": {
        "temperature_2m": 10.1,
        "precipitation": 0.0,
        "cloud_cover": 78,
        "wind_speed_10m": 1.91,
        "last_updated": "2026-10-10T21:01:13Z"
      }
    },
    {
      "type": "Feature",
      "geometry": {
        "type": "Point",
        "coordinates": [
          -0.6374,
          48.0898
        ]
      },
      "properties": {
        "temperature_2m": 10.4,
        "precipitation": 0.0,
        "cloud_cover": 91,
        "wind_speed_10m": 1.8,
        "last_updated": "2026-10-10T21:01:13Z"
      }
    },
    {
      "type": "Feature",
      "geometry": {
        "type": "Point",
        "coordinates": [
          -0.4044,
          48.0826
        ]
      },
      "properties": {
        "temperature_2m": 9.3,
        "precipitation": 0.0,
        "cloud_cover": 98,
        "wind_speed_10m": 1.71,
        "last_updated": "2026-10-10T21:01:13Z"
      }
    },
    {
      "type": "Feature",
      "geometry": {
        "type": "Point",
        "coordinates": [
          -0.1502,
          48.0828
        ]
      },
      "properties": {
        "temperature_2m": 10.2,
        "precipitation": 0.0,
        "cloud_cover": 88,
        "wind_speed_10m": 1.65,
        "last_updated": "2026-10-10T21:01:13Z"
      }
    },
    {
      "type": "Feature",
      "geometry": {
        "type": "Point",
        "coordinates": [
          0.104,
          48.0826
        ]
      },
      "properties": {
        "temperature_2m": 10.0,
        "precipitation": 0.0,
        "cloud_cover": 96,
        "wind_speed_10m": 1.6,
        "last_updated": "2026-10-10T21:01:13Z"
      }
    },
    {
      "type": "Feature",
      "geometry": {
        "type": "Point",
        "coordinates": [
          0.3582,
          48.0819
        ]
      },
      "properties": {
        "temperature_2m": 9.5,
        "precipitation": 0.0,
        "cloud_cover": 94,
        "wind_speed_10m": 1.17,
        "last_updated": "2026-10-10T21:01:13Z"
      }
    },
    {
      "type": "Feature",
      "geometry": {
        "type": "Point",
        "coordinates": [
          0.6123,
          48.0807
        ]
      },
      "properties": {
        "temperature_2m": 9.8,
        "precipitation": 0.0,
        "cloud_cover": 89,
        "wind_speed_10m": 1.17,
        "last_updated": "2026-10-10T21:01:13Z"
      }
    },
    {
      "type": "Feature",
      "geometry": {
        "type": "Point",
        "coordinates": [
          0.8665,
          48.0791
        ]
      },
      "properties": {
        "temperature_2m": 9.5,
        "precipitation": 0.0,
        "cloud_cover": 44,
        "wind_speed_10m": 0.81,
        "last_updated": "2026-10-10T21:01:13Z"
      }
    },
    {
      "type": "Feature",
      "geometry": {
        "type": "Point",
        "coordinates": [
          1.1206,
          48.0769
        ]
      },
      "properties": {
        "temperature_2m": 9.3,
        "precipitation": 0.0,
        "cloud_cover": 53,
        "wind_speed_10m": 1.75,
        "last_updated": "2026-10-10T21:01:13Z"
      }
    },
    {
      "type": "Feature",
      "geometry": {
        "type": "Point",
        "coordinates": [
          1.354,
          48.0825
        ]
      },
      "properties": {
        "temperature_2m": 9.7,
        "precipitation": 0.0,
        "cloud_cover": 8,
        "wind_speed_10m": 1.43,
        "last_updated": "2026-10-10T21:01:13Z"
      }
    },
    {
      "type": "Feature",
      "geometry": {
        "type": "Point",
        "coordinates": [
          1.6082,
          48.0794
        ]
      },
      "properties": {
        "temperature_2m": 8.6,
        "precipitation": 0.0,
        "cloud_cover": 0,
        "wind_speed_10m": 2.41,
        "last_updated": "2026-10-10T21:01:13Z"
      }
    },
    {
      "type": "Feature",
      "geometry": {
        "type": "Point",
        "coordinates": [
          1.8623,
          48.0759
        ]
      },
      "properties": {
        "temperature_2m": 8.8,
        "precipitation": 0.0,
        "cloud_cover": 0,
        "wind_speed_10m": 1.99,
        "last_updated": "2026-10-10T21:01:13Z"
      }
    },
    {
      "type": "Feature",
      "geometry": {
        "type": "Point",
        "coordinates": [
          2.1164,
          48.0718
        ]
      },
      "properties": {
        "temperature_2m": 9.5,
        "precipitation": 0.0,
        "cloud_cover": 0,
        "wind_speed_10m": 2.53,
        "last_updated": "2026-10-10T21:01:13Z"
      }
    },
    {
      "type": "Feature",
      "geometry": {
        "type": "Point",
        "coordinates": [
          2.3711,
          48.0848
        ]
      },
      "properties": {
        "temperature_2m": 10.5,
        "precipitation": 0.0,
        "cloud_cover": 0,
        "wind_speed_10m": 2.9,
        "last_updated": "2026-10-10T21:01:13Z"
      }
    },
    {
      "type": "Feature",
      "geometry": {
        "type": "Point",
        "coordinates": [
          2.6049,
          48.0882
        ]
      },
      "properties": {
        "temperature_2m": 11.3,
        "precipitation": 0.0,
        "cloud_cover": 67,
        "wind_speed_10m": 2.83,
        "last_updated": "2026-10-10T21:01:13Z"
      }
    },
    {
      "type": "Feature",
      "geometry": {
        "type": "Point",
        "coordinates": [
          2.859,
          48.0827
        ]
      },
      "properties": {
        "temperature_2m": 11.1,
        "precipitation": 0.0,
        "cloud_cover": 100,
        "wind_speed_10m": 2.42,
        "last_updated": "2026-10-10T21:01:13Z"
      }
    },
    {
      "type": "Feature",
      "geometry": {
        "type": "Point",
        "coordinates": [
          3.1131,
          48.0768
        ]
      },
      "properties": {
        "temperature_2m": 11.3,
        "precipitation": 0.0,
        "cloud_cover": 73,
        "wind_speed_10m": 2.5,
        "last_updated": "2026-10-10T21:01:13Z"
      }
    },
    {
      "type": "Feature",
      "geometry": {
        "type": "Point",
        "coordinates": [
          3.368,
          48.0879
        ]
      },
      "properties": {
        "temperature_2m": 10.8,
        "precipitation": 0.0,
        "cloud_cover": 100,
        "wind_speed_10m": 1.66,
        "last_updated": "2026-10-10T21:01:13Z"
      }
    },
    {
      "type": "Feature",
      "geometry": {
        "type": "Point",
        "coordinates": [
          3.622,
          48.0811
        ]
      },
      "properties": {
        "temperature_2m": 10.9,
        "precipitation": 0.0,
        "cloud_cover": 68,
        "wind_speed_10m": 2.41,
        "last_updated": "2026-10-10T21:01:13Z"
      }
    },
    {
      "type": "Feature",
      "geometry": {
        "type": "Point",
        "coordinates": [
          3.8561,
          48.0822
        ]
      },
      "properties": {
        "temperature_2m": 10.2,
        "precipitation": 0.0,
        "cloud_cover": 94,
        "wind_speed_10m": 1.65,
        "last_updated": "2026-10-10T21:01:13Z"
      }
    },
    {
      "type": "Feature",
      "geometry": {
        "type": "Point",
        "coordinates": [
          4.11,
          48.0744
        ]
      },
      "properties": {
        "temperature_2m": 10.0,
        "precipitation": 0.0,
        "cloud_cover": 98,
        "wind_speed_10m": 1.41,
        "last_updated": "2026-10-10T21:01:13Z"
      }
    },
    {
      "type": "Feature",
      "geometry": {
        "type": "Point",
        "coordinates": [
          4.3651,
          48.0836
        ]
      },
      "properties": {
        "temperature_2m": 10.5,
        "precipitation": 0.0,
        "cloud_cover": 75,
        "wind_speed_10m": 3.01,
        "last_updated": "2026-10-10T21:01:13Z"
      }
    },
    {
      "type": "Feature",
      "geometry": {
        "type": "Point",
        "coordinates": [
          4.619,
          48.0748
        ]
      },
      "properties": {
        "temperature_2m": 9.7,
        "precipitation": 0.0,
        "cloud_cover": 29,
        "wind_speed_10m": 1.88,
        "last_updated": "2026-10-10T21:01:13Z"
      }
    },
    {
      "type": "Feature",
      "geometry": {
        "type": "Point",
        "coordinates": [
          4.8531,
          48.0742
        ]
      },
      "properties": {
        "temperature_2m": 10.1,
        "precipitation": 0.0,
        "cloud_cover": 85,
        "wind_speed_10m": 2.51,
        "last_updated": "2026-10-10T21:01:13Z"
      }
    },
    {
      "type": "Feature",
      "geometry": {
        "type": "Point",
        "coordinates": [
          5.1084,
          48.082
        ]
      },
      "properties": {
        "temperature_2m": 9.4,
        "precipitation": 0.0,
        "cloud_cover": 88,
        "wind_speed_10m": 1.89,
        "last_updated": "2026-10-10T21:01:13Z"
      }
    },
    {
      "type": "Feature",
      "geometry": {
        "type": "Point",
        "coordinates": [
          5.3621,
          48.0718
        ]
      },
      "properties": {
        "temperature_2m": 9.6,
        "precipitation": 0.0,
        "cloud_cover": 51,
        "wind_speed_10m": 2.51,
        "last_updated": "2026-10-10T21:01:13Z"
      }
    },
    {
      "type": "Feature",
      "geometry": {
        "type": "Point",
        "coordinates": [
          5.598,
          48.0873
        ]
      },
      "properties": {
        "temperature_2m": 10.0,
        "precipitation": 0.0,
        "cloud_cover": 94,
        "wind_speed_10m": 3.0,
        "last_updated": "2026-10-10T21:01:13Z"
      }
    },
    {
      "type": "Feature",
      "geometry": {
        "type": "Point",
        "coordinates": [
          5.8517,
          48.0763
        ]
      },
      "properties": {
        "temperature_2m": 9.7,
        "precipitation": 0.0,
        "cloud_cover": 39,
        "wind_speed_10m": 2.96,
        "last_updated": "2026-10-10T21:01:13Z"
      }
    },
    {
      "type": "Feature",
      "geometry": {
        "type": "Point",
        "coordinates": [
          6.1283,
          48.0715
        ]
      },
      "properties": {
        "temperature_2m": 10.3,
        "precipitation": 0.0,
        "cloud_cover": 71,
        "wind_speed_10m": 2.05,
        "last_updated": "2026-10-10T21:01:13Z"
      }
    },
    {
      "type": "Feature",
      "geometry": {
        "type": "Point",
        "coordinates": [
          6.3646,
          48.0856
        ]
      },
      "properties": {
        "temperature_2m": 10.4,
        "precipitation": 0.0,
        "cloud_cover": 96,
        "wind_speed_10m": 1.56,
        "last_updated": "2026-10-10T21:01:13Z"
      }
    },
    {
      "type": "Feature",
      "geometry": {
        "type": "Point",
        "coordinates": [
          6.6182,
          48.0731
        ]
      },
      "properties": {
        "temperature_2m": 8.8,
        "precipitation": 0.0,
        "cloud_cover": 100,
        "wind_speed_10m": 1.22,
        "last_updated": "2026-10-10T21:01:13Z"
      }
    },
    {
      "type": "Feature",
      "geometry": {
        "type": "Point",
        "coordinates": [
          6.8547,
          48.0863
        ]
      },
      "properties": {
        "temperature_2m": 7.1,
        "precipitation": 0.0,
        "cloud_cover": 100,
        "wind_speed_10m": 2.47,
        "last_updated": "2026-10-10T21:01:13Z"
      }
    },
    {
      "type": "Feature",
      "geometry": {
        "type": "Point",
        "coordinates": [
          7.1082,
          48.0728
        ]
      },
      "properties": {
        "temperature_2m": 6.9,
        "precipitation": 0.0,
        "cloud_cover": 26,
        "wind_speed_10m": 1.17,
        "last_updated": "2026-10-10T21:01:13Z"
      }
    },
    {
      "type": "Feature",
      "geometry": {
        "type": "Point",
        "coordinates": [
          7.3637,
          48.0762
        ]
      },
      "properties": {
        "temperature_2m": 9.5,
        "precipitation": 0.0,
        "cloud_cover": 0,
        "wind_speed_10m": 0.41,
        "last_updated": "2026-10-10T21:01:13Z"
      }
    },
    {
      "type": "Feature",
      "geometry": {
        "type": "Point",
        "coordinates": [
          7.6005,
          48.0881
        ]
      },
      "properties": {
        "temperature_2m": 10.0,
        "precipitation": 0.0,
        "cloud_cover": 0,
        "wind_speed_10m": 1.4,
        "last_updated": "2026-10-10T21:01:13Z"
      }
    },
    {
      "type": "Feature",
      "geometry": {
        "type": "Point",
        "coordinates": [
          7.8537,
          48.0732
        ]
      },
      "properties": {
        "temperature_2m": 10.4,
        "precipitation": 0.0,
        "cloud_cover": 39,
        "wind_speed_10m": 1.84,
        "last_updated": "2026-10-10T21:01:13Z"
      }
    },
    {
      "type": "Feature",
      "geometry": {
        "type": "Point",
        "coordinates": [
          8.0721,
          48.0933
        ]
      },
      "properties": {
        "temperature_2m": 8.6,
        "precipitation": 0.0,
        "cloud_cover": 30,
        "wind_speed_10m": 0.0,
        "last_updated": "2026-10-10T21:01:13Z"
      }
    },
    {
      "type": "Feature",
      "geometry": {
        "type": "Point",
        "coordinates": [
          8.3676,
          48.0748
        ]
      },
      "properties": {
        "temperature_2m": 7.4,
        "precipitation": 0.0,
        "cloud_cover": 29,
        "wind_speed_10m": 1.84,
        "last_updated": "2026-10-10T21:01:13Z"
      }
    },
    {
      "type": "Feature",
      "geometry": {
        "type": "Point",
        "coordinates": [
          8.6047,
          48.0849
        ]
      },
      "properties": {
        "temperature_2m": 7.0,
        "precipitation": 0.0,
        "cloud_cover": 0,
        "wind_speed_10m": 1.43,
        "last_updated": "2026-10-10T21:01:13Z"
      }
    },
    {
      "type": "Feature",
      "geometry": {
        "type": "Point",
        "coordinates": [
          8.8604,
          48.0853
        ]
      },
      "properties": {
        "temperature_2m": 6.7,
        "precipitation": 0.0,
        "cloud_cover": 33,
        "wind_speed_10m": 1.57,
        "last_updated": "2026-10-10T21:01:13Z"
      }
    },
    {
      "type": "Feature",
      "geometry": {
        "type": "Point",
        "coordinates": [
          9.0951,
          48.0772
        ]
      },
      "properties": {
        "temperature_2m": 7.2,
        "precipitation": 0.0,
        "cloud_cover": 41,
        "wind_speed_10m": 1.51,
        "last_updated": "2026-10-10T21:01:13Z"
      }
    },
    {
      "type": "Feature",
      "geometry": {
        "type": "Point",
        "coordinates": [
          9.3508,
          48.0767
        ]
      },
      "properties": {
        "temperature_2m": 6.5,
        "precipitation": 0.0,
        "cloud_cover": 60,
        "wind_speed_10m": 1.21,
        "last_updated": "2026-10-10T21:01:13Z"
      }
    },
    {
      "type": "Feature",
      "geometry": {
        "type": "Point",
        "coordinates": [
          9.6124,
          48.0911
        ]
      },
      "properties": {
        "temperature_2m": 7.4,
        "precipitation": 0.0,
        "cloud_cover": 48,
        "wind_speed_10m": 1.3,
        "last_updated": "2026-10-10T21:01:13Z"
      }
    },
    {
      "type": "Feature",
      "geometry": {
        "type": "Point",
        "coordinates": [
          -5.14,
          48.33
        ]
      },
      "properties": {
        "temperature_2m": 14.9,
        "precipitation": 0.0,
        "cloud_cover": 100,
        "wind_speed_10m": 1.7,
        "last_updated": "2026-10-10T21:01:13Z"
      }
    },
    {
      "type": "Feature",
      "geometry": {
        "type": "Point",
        "coordinates": [
          -4.89,
          48.33
        ]
      },
      "properties": {
        "temperature_2m": 14.8,
        "precipitation": 0.0,
        "cloud_cover": 100,
        "wind_speed_10m": 1.2,
        "last_updated": "2026-10-10T21:01:13Z"
      }
    },
    {
      "type": "Feature",
      "geometry": {
        "type": "Point",
        "coordinates": [
          -4.64,
          48.33
        ]
      },
      "properties": {
        "temperature_2m": 14.3,
        "precipitation": 0.0,
        "cloud_cover": 100,
        "wind_speed_10m": 1.53,
        "last_updated": "2026-10-10T21:01:13Z"
      }
    },
    {
      "type": "Feature",
      "geometry": {
        "type": "Point",
        "coordinates": [
          -4.39,
          48.33
        ]
      },
      "properties": {
        "temperature_2m": 12.3,
        "precipitation": 0.0,
        "cloud_cover": 100,
        "wind_speed_10m": 3.3,
        "last_updated": "2026-10-10T21:01:13Z"
      }
    },
    {
      "type": "Feature",
      "geometry": {
        "type": "Point",
        "coordinates": [
          -4.14,
          48.33
        ]
      },
      "properties": {
        "temperature_2m": 9.8,
        "precipitation": 0.0,
        "cloud_cover": 100,
        "wind_speed_10m": 0.36,
        "last_updated": "2026-10-10T21:01:13Z"
      }
    },
    {
      "type": "Feature",
      "geometry": {
        "type": "Point",
        "coordinates": [
          -3.89,
          48.33
        ]
      },
      "properties": {
        "temperature_2m": 9.5,
        "precipitation": 0.0,
        "cloud_cover": 100,
        "wind_speed_10m": 0.89,
        "last_updated": "2026-10-10T21:01:13Z"
      }
    },
    {
      "type": "Feature",
      "geometry": {
        "type": "Point",
        "coordinates": [
          -3.64,
          48.33
        ]
      },
      "properties": {
        "temperature_2m": 8.3,
        "precipitation": 0.0,
        "cloud_cover": 100,
        "wind_speed_10m": 1.02,
        "last_updated": "2026-10-10T21:01:13Z"
      }
    },
    {
      "type": "Feature",
      "geometry": {
        "type": "Point",
        "coordinates": [
          -3.39,
          48.33
        ]
      },
      "properties": {
        "temperature_2m": 8.1,
        "precipitation": 0.0,
        "cloud_cover": 100,
        "wind_speed_10m": 1.0,
        "last_updated": "2026-10-10T21:01:13Z"
      }
    },
    {
      "type": "Feature",
      "geometry": {
        "type": "Point",
        "coordinates": [
          -3.14,
          48.33
        ]
      },
      "properties": {
        "temperature_2m": 9.5,
        "precipitation": 0.0,
        "cloud_cover": 100,
        "wind_speed_10m": 1.58,
        "last_updated": "2026-10-10T21:01:13Z"
      }
    },
    {
      "type": "Feature",
      "geometry": {
        "type": "Point",
        "coordinates": [
          -2.89,
          48.33
        ]
      },
      "properties": {
        "temperature_2m": 7.8,
        "precipitation": 0.0,
        "cloud_cover": 100,
        "wind_speed_10m": 0.85,
        "last_updated": "2026-10-10T21:01:13Z"
      }
    },
    {
      "type": "Feature",
      "geometry": {
        "type": "Point",
        "coordinates": [
          -2.64,
          48.33
        ]
      },
      "properties": {
        "temperature_2m": 9.1,
        "precipitation": 0.0,
        "cloud_cover": 100,
        "wind_speed_10m": 2.24,
        "last_updated": "2026-10-10T21:01:13Z"
      }
    },
    {
      "type": "Feature",
      "geometry": {
        "type": "Point",
        "coordinates": [
          -2.39,
          48.33
        ]
      },
      "properties": {
        "temperature_2m": 10.6,
        "precipitation": 0.0,
        "cloud_cover": 100,
        "wind_speed_10m": 2.79,
        "last_updated": "2026-10-10T21:01:13Z"
      }
    },
    {
      "type": "Feature",
      "geometry": {
        "type": "Point",
        "coordinates": [
          -2.14,
          48.33
        ]
      },
      "properties": {
        "temperature_2m": 10.7,
        "precipitation": 0.0,
        "cloud_cover": 100,
        "wind_speed_10m": 1.53,
        "last_updated": "2026-10-10T21:01:13Z"
      }
    },
    {
      "type": "Feature",
      "geometry": {
        "type": "Point",
        "coordinates": [
          -1.89,
          48.33
        ]
      },
      "properties": {
        "temperature_2m": 11.8,
        "precipitation": 0.0,
        "cloud_cover": 100,
        "wind_speed_10m": 2.55,
        "last_updated": "2026-10-10T21:01:13Z"
      }
    },
    {
      "type": "Feature",
      "geometry": {
        "type": "Point",
        "coordinates": [
          -1.64,
          48.33
        ]
      },
      "properties": {
        "temperature_2m": 11.8,
        "precipitation": 0.0,
        "cloud_cover": 100,
        "wind_speed_10m": 2.83,
        "last_updated": "2026-10-10T21:01:13Z"
      }
    },
    {
      "type": "Feature",
      "geometry": {
        "type": "Point",
        "coordinates": [
          -1.3851,
          48.3307
        ]
      },
      "properties": {
        "temperature_2m": 10.1,
        "precipitation": 0.0,
        "cloud_cover": 100,
        "wind_speed_10m": 2.12,
        "last_updated": "2026-10-10T21:01:13Z"
      }
    },
    {
      "type": "Feature",
      "geometry": {
        "type": "Point",
        "coordinates": [
          -1.1295,
          48.3328
        ]
      },
      "properties": {
        "temperature_2m": 10.2,
        "precipitation": 0.0,
        "cloud_cover": 93,
        "wind_speed_10m": 1.71,
        "last_updated": "2026-10-10T21:01:13Z"
      }
    },
    {
      "type": "Feature",
      "geometry": {
        "type": "Point",
        "coordinates": [
          -0.8738,
          48.3344
        ]
      },
      "properties": {
        "temperature_2m": 10.2,
        "precipitation": 0.0,
        "cloud_cover": 96,
        "wind_speed_10m": 2.0,
        "last_updated": "2026-10-10T21:01:13Z"
      }
    },
    {
      "type": "Feature",
      "geometry": {
        "type": "Point",
        "coordinates": [
          -0.6395,
          48.3434
        ]
      },
      "properties": {
        "temperature_2m": 11.1,
        "precipitation": 0.0,
        "cloud_cover": 100,
        "wind_speed_10m": 2.42,
        "last_updated": "2026-10-10T21:01:13Z"
      }
    },
    {
      "type": "Feature",
      "geometry": {
        "type": "Point",
        "coordinates": [
          -0.405,
          48.3362
        ]
      },
      "properties": {
        "temperature_2m": 10.3,
        "precipitation": 0.0,
        "cloud_cover": 99,
        "wind_speed_10m": 2.11,
        "last_updated": "2026-10-10T21:01:13Z"
      }
    },
    {
      "type": "Feature",
      "geometry": {
        "type": "Point",
        "coordinates": [
          -0.1493,
          48.3364
        ]
      },
      "properties": {
        "temperature_2m": 10.4,
        "precipitation": 0.0,
        "cloud_cover": 94,
        "wind_speed_10m": 1.92,
        "last_updated": "2026-10-10T21:01:13Z"
      }
    },
    {
      "type": "Feature",
      "geometry": {
        "type": "Point",
        "coordinates": [
          0.1063,
          48.3362
        ]
      },
      "properties": {
        "temperature_2m": 10.4,
        "precipitation": 0.0,
        "cloud_cover": 88,
        "wind_speed_10m": 1.17,
        "last_updated": "2026-10-10T21:01:13Z"
      }
    },
    {
      "type": "Feature",
      "geometry": {
        "type": "Point",
        "coordinates": [
          0.362,
          48.3355
        ]
      },
      "properties": {
        "temperature_2m": 10.8,
        "precipitation": 0.0,
        "cloud_cover": 89,
        "wind_speed_10m": 1.53,
        "last_updated": "2026-10-10T21:01:13Z"
      }
    },
    {
      "type": "Feature",
      "geometry": {
        "type": "Point",
        "coordinates": [
          0.6177,
          48.3343
        ]
      },
      "properties": {
        "temperature_2m": 10.5,
        "precipitation": 0.0,
        "cloud_cover": 90,
        "wind_speed_10m": 1.26,
        "last_updated": "2026-10-10T21:01:13Z"
      }
    },
    {
      "type": "Feature",
      "geometry": {
        "type": "Point",
        "coordinates": [
          0.8733,
          48.3327
        ]
      },
      "properties": {
        "temperature_2m": 9.6,
        "precipitation": 0.0,
        "cloud_cover": 88,
        "wind_speed_10m": 1.2,
        "last_updated": "2026-10-10T21:01:13Z"
      }
    },
    {
      "type": "Feature",
      "geometry": {
        "type": "Point",
        "coordinates": [
          1.1081,
          48.3386
        ]
      },
      "properties": {
        "temperature_2m": 9.7,
        "precipitation": 0.0,
        "cloud_cover": 57,
        "wind_speed_10m": 1.82,
        "last_updated": "2026-10-10T21:01:13Z"
      }
    },
    {
      "type": "Feature",
      "geometry": {
        "type": "Point",
        "coordinates": [
          1.3638,
          48.336
        ]
      },
      "properties": {
        "temperature_2m": 10.4,
        "precipitation": 0.0,
        "cloud_cover": 100,
        "wind_speed_10m": 2.42,
        "last_updated": "2026-10-10T21:01:13Z"
      }
    },
    {
      "type": "Feature",
      "geometry": {
        "type": "Point",
        "coordinates": [
          1.6195,
          48.3329
        ]
      },
      "properties": {
        "temperature_2m": 10.0,
        "precipitation": 0.0,
        "cloud_cover": 77,
        "wind_speed_10m": 2.47,
        "last_updated": "2026-10-10T21:01:13Z"
      }
    },
    {
      "type": "Feature",
      "geometry": {
        "type": "Point",
        "coordinates": [
          1.8531,
          48.3218
        ]
      },
      "properties": {
        "temperature_2m": 9.2,
        "precipitation": 0.0,
        "cloud_cover": 0,
        "wind_speed_10m": 2.26,
        "last_updated": "2026-10-10T21:01:13Z"
      }
    },
    {
      "type": "Feature",
      "geometry": {
        "type": "Point",
        "coordinates": [
          2.1086,
          48.3177
        ]
      },
      "properties": {
        "temperature_2m": 10.2,
        "precipitation": 0.0,
        "cloud_cover": 0,
        "wind_speed_10m": 2.55,
        "last_updated": "2026-10-10T21:01:13Z"
      }
    },
    {
      "type": "Feature",
      "geometry": {
        "type": "Point",
        "coordinates": [
          2.3443,
          48.339
        ]
      },
      "properties": {
        "temperature_2m": 10.4,
        "precipitation": 0.0,
        "cloud_cover": 2,
        "wind_speed_10m": 2.77,
        "last_updated": "2026-10-10T21:01:13Z"
      }
    },
    {
      "type": "Feature",
      "geometry": {
        "type": "Point",
        "coordinates": [
          2.5999,
          48.334
        ]
      },
      "properties": {
        "temperature_2m": 10.9,
        "precipitation": 0.0,
        "cloud_cover": 12,
        "wind_speed_10m": 2.3,
        "last_updated": "2026-10-10T21:01:13Z"
      }
    },
    {
      "type": "Feature",
      "geometry": {
        "type": "Point",
        "coordinates": [
          2.8554,
          48.3286
        ]
      },
      "properties": {
        "temperature_2m": 11.7,
        "precipitation": 0.0,
        "cloud_cover": 49,
        "wind_speed_10m": 1.44,
        "last_updated": "2026-10-10T21:01:13Z"
      }
    },
    {
      "type": "Feature",
      "geometry": {
        "type": "Point",
        "coordinates": [
          3.1109,
          48.3227
        ]
      },
      "properties": {
        "temperature_2m": 12.6,
        "precipitation": 0.0,
        "cloud_cover": 100,
        "wind_speed_10m": 2.16,
        "last_updated": "2026-10-10T21:01:13Z"
      }
    },
    {
      "type": "Feature",
      "geometry": {
        "type": "Point",
        "coordinates": [
          3.3461,
          48.3247
        ]
      },
      "properties": {
        "temperature_2m": 11.4,
        "precipitation": 0.0,
        "cloud_cover": 100,
        "wind_speed_10m": 1.8,
        "last_updated": "2026-10-10T21:01:13Z"
      }
    },
    {
      "type": "Feature",
      "geometry": {
        "type": "Point",
        "coordinates": [
          3.6026,
          48.3353
        ]
      },
      "properties": {
        "temperature_2m": 11.1,
        "precipitation": 0.0,
        "cloud_cover": 100,
        "wind_speed_10m": 1.63,
        "last_updated": "2026-10-10T21:01:13Z"
      }
    },
    {
      "type": "Feature",
      "geometry": {
        "type": "Point",
        "coordinates": [
          3.8581,
          48.328
        ]
      },
      "properties": {
        "temperature_2m": 10.0,
        "precipitation": 0.0,
        "cloud_cover": 57,
        "wind_speed_10m": 1.84,
        "last_updated": "2026-10-10T21:01:13Z"
      }
    },
    {
      "type": "Feature",
      "geometry": {
        "type": "Point",
        "coordinates": [
          4.1134,
          48.3201
        ]
      },
      "properties": {
        "temperature_2m": 10.3,
        "precipitation": 0.0,
        "cloud_cover": 98,
        "wind_speed_10m": 1.43,
        "last_updated": "2026-10-10T21:01:13Z"
      }
    },
    {
      "type": "Feature",
      "geometry": {
        "type": "Point",
        "coordinates": [
          4.3502,
          48.3378
        ]
      },
      "properties": {
        "temperature_2m": 10.0,
        "precipitation": 0.0,
        "cloud_cover": 93,
        "wind_speed_10m": 2.44,
        "last_updated": "2026-10-10T21:01:13Z"
      }
    },
    {
      "type": "Feature",
      "geometry": {
        "type": "Point",
        "coordinates": [
          4.6055,
          48.3291
        ]
      },
      "properties": {
        "temperature_2m": 9.9,
        "precipitation": 0.0,
        "cloud_cover": 65,
        "wind_speed_10m": 1.75,
        "last_updated": "2026-10-10T21:01:13Z"
      }
    },
    {
      "type": "Feature",
      "geometry": {
        "type": "Point",
        "coordinates": [
          4.8607,
          48.3198
        ]
      },
      "properties": {
        "temperature_2m": 9.9,
        "precipitation": 0.0,
        "cloud_cover": 13,
        "wind_speed_10m": 1.61,
        "last_updated": "2026-10-10T21:01:13Z"
      }
    },
    {
      "type": "Feature",
      "geometry": {
        "type": "Point",
        "coordinates": [
          5.0978,
          48.3362
        ]
      },
      "properties": {
        "temperature_2m": 10.3,
        "precipitation": 0.0,
        "cloud_cover": 42,
        "wind_speed_10m": 2.55,
        "last_updated": "2026-10-10T21:01:13Z"
      }
    },
    {
      "type": "Feature",
      "geometry": {
        "type": "Point",
        "coordinates": [
          5.3531,
          48.326
        ]
      },
      "properties": {
        "temperature_2m": 9.8,
        "precipitation": 0.0,
        "cloud_cover": 95,
        "wind_speed_10m": 1.91,
        "last_updated": "2026-10-10T21:01:13Z"
      }
    },
    {
      "type": "Feature",
      "geometry": {
        "type": "Point",
        "coordinates": [
          5.6082,
          48.3153
        ]
      },
      "properties": {
        "temperature_2m": 9.4,
        "precipitation": 0.0,
        "cloud_cover": 87,
        "wind_speed_10m": 2.33,
        "last_updated": "2026-10-10T21:01:13Z"
      }
    },
    {
      "type": "Feature",
      "geometry": {
        "type": "Point",
        "coordinates": [
          5.8687,
          48.3372
        ]
      },
      "properties": {
        "temperature_2m": 10.9,
        "precipitation": 0.0,
        "cloud_cover": 93,
        "wind_speed_10m": 2.98,
        "last_updated": "2026-10-10T21:01:13Z"
      }
    },
    {
      "type": "Feature",
      "geometry": {
        "type": "Point",
        "coordinates": [
          6.1238,
          48.3255
        ]
      },
      "properties": {
        "temperature_2m": 11.0,
        "precipitation": 0.0,
        "cloud_cover": 94,
        "wind_speed_10m": 2.88,
        "last_updated": "2026-10-10T21:01:13Z"
      }
    },
    {
      "type": "Feature",
      "geometry": {
        "type": "Point",
        "coordinates": [
          6.3615,
          48.3396
        ]
      },
      "properties": {
        "temperature_2m": 11.6,
        "precipitation": 0.0,
        "cloud_cover": 91,
        "wind_speed_10m": 2.69,
        "last_updated": "2026-10-10T21:01:13Z"
      }
    },
    {
      "type": "Feature",
      "geometry": {
        "type": "Point",
        "coordinates": [
          6.6166,
          48.327
        ]
      },
      "properties": {
        "temperature_2m": 10.8,
        "precipitation": 0.0,
        "cloud_cover": 100,
        "wind_speed_10m": 2.41,
        "last_updated": "2026-10-10T21:01:13Z"
      }
    },
    {
      "type": "Feature",
      "geometry": {
        "type": "Point",
        "coordinates": [
          6.8736,
          48.3313
        ]
      },
      "properties": {
        "temperature_2m": 11.0,
        "precipitation": 0.0,
        "cloud_cover": 100,
        "wind_speed_10m": 3.28,
        "last_updated": "2026-10-10T21:01:13Z"
      }
    },
    {
      "type": "Feature",
      "geometry": {
        "type": "Point",
        "coordinates": [
          7.1095,
          48.3267
        ]
      },
      "properties": {
        "temperature_2m": 8.0,
        "precipitation": 0.0,
        "cloud_cover": 94,
        "wind_speed_10m": 1.41,
        "last_updated": "2026-10-10T21:01:13Z"
      }
    },
    {
      "type": "Feature",
      "geometry": {
        "type": "Point",
        "coordinates": [
          7.3665,
          48.33
        ]
      },
      "properties": {
        "temperature_2m": 9.1,
        "precipitation": 0.0,
        "cloud_cover": 91,
        "wind_speed_10m": 1.03,
        "last_updated": "2026-10-10T21:01:13Z"
      }
    },
    {
      "type": "Feature",
      "geometry": {
        "type": "Point",
        "coordinates": [
          7.6024,
          48.3245
        ]
      },
      "properties": {
        "temperature_2m": 9.0,
        "precipitation": 0.0,
        "cloud_cover": 47,
        "wind_speed_10m": 2.52,
        "last_updated": "2026-10-10T21:01:13Z"
      }
    },
    {
      "type": "Feature",
      "geometry": {
        "type": "Point",
        "coordinates": [
          7.8595,
          48.3268
        ]
      },
      "properties": {
        "temperature_2m": 11.2,
        "precipitation": 0.0,
        "cloud_cover": 5,
        "wind_speed_10m": 2.15,
        "last_updated": "2026-10-10T21:01:13Z"
      }
    },
    {
      "type": "Feature",
      "geometry": {
        "type": "Point",
        "coordinates": [
          8.1216,
          48.3442
        ]
      },
      "properties": {
        "temperature_2m": 8.3,
        "precipitation": 0.0,
        "cloud_cover": 62,
        "wind_speed_10m": 1.92,
        "last_updated": "2026-10-10T21:01:13Z"
      }
    },
    {
      "type": "Feature",
      "geometry": {
        "type": "Point",
        "coordinates": [
          8.3686,
          48.2954
        ]
      },
      "properties": {
        "temperature_2m": 8.6,
        "precipitation": 0.0,
        "cloud_cover": 54,
        "wind_speed_10m": 0.81,
        "last_updated": "2026-10-10T21:01:13Z"
      }
    },
    {
      "type": "Feature",
      "geometry": {
        "type": "Point",
        "coordinates": [
          8.6149,
          48.3382
        ]
      },
      "properties": {
        "temperature_2m": 9.3,
        "precipitation": 0.0,
        "cloud_cover": 57,
        "wind_speed_10m": 2.59,
        "last_updated": "2026-10-10T21:01:13Z"
      }
    },
    {
      "type": "Feature",
      "geometry": {
        "type": "Point",
        "coordinates": [
          8.8695,
          48.3212
        ]
      },
      "properties": {
        "temperature_2m": 9.4,
        "precipitation": 0.0,
        "cloud_cover": 75,
        "wind_speed_10m": 2.33,
        "last_updated": "2026-10-10T21:01:13Z"
      }
    },
    {
      "type": "Feature",
      "geometry": {
        "type": "Point",
        "coordinates": [
          9.1082,
          48.3303
        ]
      },
      "properties": {
        "temperature_2m": 7.5,
        "precipitation": 0.0,
        "cloud_cover": 0,
        "wind_speed_10m": 2.5,
        "last_updated": "2026-10-10T21:01:13Z"
      }
    },
    {
      "type": "Feature",
      "geometry": {
        "type": "Point",
        "coordinates": [
          9.3654,
          48.3296
        ]
      },
      "properties": {
        "temperature_2m": 6.7,
        "precipitation": 0.0,
        "cloud_cover": 8,
        "wind_speed_10m": 1.75,
        "last_updated": "2026-10-10T21:01:13Z"
      }
    },
    {
      "type": "Feature",
      "geometry": {
        "type": "Point",
        "coordinates": [
          9.6043,
          48.3378
        ]
      },
      "properties": {
        "temperature_2m": 6.4,
        "precipitation": 0.0,
        "cloud_cover": 6,
        "wind_speed_10m": 1.72,
        "last_updated": "2026-10-10T21:01:13Z"
      }
    },
    {
      "type": "Feature",
      "geometry": {
        "type": "Point",
        "coordinates": [
          -5.14,
          48.58
        ]
      },
      "properties": {
        "temperature_2m": 14.9,
        "precipitation": 0.0,
        "cloud_cover": 100,
        "wind_speed_10m": 2.28,
        "last_updated": "2026-10-10T21:01:13Z"
      }
    },
    {
      "type": "Feature",
      "geometry": {
        "type": "Point",
        "coordinates": [
          -4.89,
          48.58
        ]
      },
      "properties": {
        "temperature_2m": 14.9,
        "precipitation": 0.0,
        "cloud_cover": 100,
        "wind_speed_10m": 3.07,
        "last_updated": "2026-10-10T21:01:13Z"
      }
    },
    {
      "type": "Feature",
      "geometry": {
        "type": "Point",
        "coordinates": [
          -4.64,
          48.58
        ]
      },
      "properties": {
        "temperature_2m": 12.8,
        "precipitation": 0.0,
        "cloud_cover": 100,
        "wind_speed_10m": 2.27,
        "last_updated": "2026-10-10T21:01:13Z"
      }
    },
    {
      "type": "Feature",
      "geometry": {
        "type": "Point",
        "coordinates": [
          -4.39,
          48.58
        ]
      },
      "properties": {
        "temperature_2m": 10.5,
        "precipitation": 0.0,
        "cloud_cover": 100,
        "wind_speed_10m": 1.98,
        "last_updated": "2026-10-10T21:01:13Z"
      }
    },
    {
      "type": "Feature",
      "geometry": {
        "type": "Point",
        "coordinates": [
          -4.14,
          48.58
        ]
      },
      "properties": {
        "temperature_2m": 10.1,
        "precipitation": 0.0,
        "cloud_cover": 100,
        "wind_speed_10m": 2.28,
        "last_updated": "2026-10-10T21:01:13Z"
      }
    },
    {
      "type": "Feature",
      "geometry": {
        "type": "Point",
        "coordinates": [
          -3.89,
          48.58
        ]
      },
      "properties": {
        "temperature_2m": 10.1,
        "precipitation": 0.0,
        "cloud_cover": 100,
        "wind_speed_10m": 2.19,
        "last_updated": "2026-10-10T21:01:13Z"
      }
    },
    {
      "type": "Feature",
      "geometry": {
        "type": "Point",
        "coordinates": [
          -3.64,
          48.58
        ]
      },
      "properties": {
        "temperature_2m": 10.9,
        "precipitation": 0.0,
        "cloud_cover": 100,
        "wind_speed_10m": 1.63,
        "last_updated": "2026-10-10T21:01:13Z"
      }
    },
    {
      "type": "Feature",
      "geometry": {
        "type": "Point",
        "coordinates": [
          -3.39,
          48.58
        ]
      },
      "properties": {
        "temperature_2m": 10.7,
        "precipitation": 0.0,
        "cloud_cover": 100,
        "wind_speed_10m": 1.86,
        "last_updated": "2026-10-10T21:01:13Z"
      }
    },
    {
      "type": "Feature",
      "geometry": {
        "type": "Point",
        "coordinates": [
          -3.14,
          48.58
        ]
      },
      "properties": {
        "temperature_2m": 11.5,
        "precipitation": 0.0,
        "cloud_cover": 100,
        "wind_speed_10m": 2.56,
        "last_updated": "2026-10-10T21:01:13Z"
      }
    },
    {
      "type": "Feature",
      "geometry": {
        "type": "Point",
        "coordinates": [
          -2.89,
          48.58
        ]
      },
      "properties": {
        "temperature_2m": 11.7,
        "precipitation": 0.0,
        "cloud_cover": 100,
        "wind_speed_10m": 2.95,
        "last_updated": "2026-10-10T21:01:13Z"
      }
    },
    {
      "type": "Feature",
      "geometry": {
        "type": "Point",
        "coordinates": [
          -2.64,
          48.58
        ]
      },
      "properties": {
        "temperature_2m": 14.1,
        "precipitation": 0.0,
        "cloud_cover": 98,
        "wind_speed_10m": 5.7,
        "last_updated": "2026-10-10T21:01:13Z"
      }
    },
    {
      "type": "Feature",
      "geometry": {
        "type": "Point",
        "coordinates": [
          -2.39,
          48.58
        ]
      },
      "properties": {
        "temperature_2m": 11.4,
        "precipitation": 0.0,
        "cloud_cover": 100,
        "wind_speed_10m": 2.97,
        "last_updated": "2026-10-10T21:01:13Z"
      }
    },
    {
      "type": "Feature",
      "geometry": {
        "type": "Point",
        "coordinates": [
          -2.14,
          48.58
        ]
      },
      "properties": {
        "temperature_2m": 12.6,
        "precipitation": 0.0,
        "cloud_cover": 100,
        "wind_speed_10m": 3.05,
        "last_updated": "2026-10-10T21:01:13Z"
      }
    },
    {
      "type": "Feature",
      "geometry": {
        "type": "Point",
        "coordinates": [
          -1.89,
          48.58
        ]
      },
      "properties": {
        "temperature_2m": 12.4,
        "precipitation": 0.0,
        "cloud_cover": 100,
        "wind_speed_10m": 3.13,
        "last_updated": "2026-10-10T21:01:13Z"
      }
    },
    {
      "type": "Feature",
      "geometry": {
        "type": "Point",
        "coordinates": [
          -1.64,
          48.58
        ]
      },
      "properties": {
        "temperature_2m": 12.4,
        "precipitation": 0.0,
        "cloud_cover": 100,
        "wind_speed_10m": 4.3,
        "last_updated": "2026-10-10T21:01:13Z"
      }
    },
    {
      "type": "Feature",
      "geometry": {
        "type": "Point",
        "coordinates": [
          -1.3916,
          48.584
        ]
      },
      "properties": {
        "temperature_2m": 11.5,
        "precipitation": 0.0,
        "cloud_cover": 95,
        "wind_speed_10m": 2.66,
        "last_updated": "2026-10-10T21:01:13Z"
      }
    },
    {
      "type": "Feature",
      "geometry": {
        "type": "Point",
        "coordinates": [
          -1.1345,
          48.5862
        ]
      },
      "properties": {
        "temperature_2m": 11.2,
        "precipitation": 0.0,
        "cloud_cover": 91,
        "wind_speed_10m": 3.0,
        "last_updated": "2026-10-10T21:01:13Z"
      }
    },
    {
      "type": "Feature",
      "geometry": {
        "type": "Point",
        "coordinates": [
          -0.8773,
          48.5878
        ]
      },
      "properties": {
        "temperature_2m": 11.4,
        "precipitation": 0.0,
        "cloud_cover": 99,
        "wind_speed_10m": 2.1,
        "last_updated": "2026-10-10T21:01:13Z"
      }
    },
    {
      "type": "Feature",
      "geometry": {
        "type": "Point",
        "coordinates": [
          -0.6199,
          48.5716
        ]
      },
      "properties": {
        "temperature_2m": 10.7,
        "precipitation": 0.0,
        "cloud_cover": 96,
        "wind_speed_10m": 1.75,
        "last_updated": "2026-10-10T21:01:13Z"
      }
    },
    {
      "type": "Feature",
      "geometry": {
        "type": "Point",
        "coordinates": [
          -0.4057,
          48.5722
        ]
      },
      "properties": {
        "temperature_2m": 10.5,
        "precipitation": 0.0,
        "cloud_cover": 92,
        "wind_speed_10m": 1.36,
        "last_updated": "2026-10-10T21:01:13Z"
      }
    },
    {
      "type": "Feature",
      "geometry": {
        "type": "Point",
        "coordinates": [
          -0.1485,
          48.5725
        ]
      },
      "properties": {
        "temperature_2m": 10.5,
        "precipitation": 0.0,
        "cloud_cover": 99,
        "wind_speed_10m": 1.92,
        "last_updated": "2026-10-10T21:01:13Z"
      }
    },
    {
      "type": "Feature",
      "geometry": {
        "type": "Point",
        "coordinates": [
          0.1086,
          48.5722
        ]
      },
      "properties": {
        "temperature_2m": 10.2,
        "precipitation": 0.0,
        "cloud_cover": 94,
        "wind_speed_10m": 3.21,
        "last_updated": "2026-10-10T21:01:13Z"
      }
    },
    {
      "type": "Feature",
      "geometry": {
        "type": "Point",
        "coordinates": [
          0.3657,
          48.5715
        ]
      },
      "properties": {
        "temperature_2m": 10.4,
        "precipitation": 0.0,
        "cloud_cover": 82,
        "wind_speed_10m": 2.31,
        "last_updated": "2026-10-10T21:01:13Z"
      }
    },
    {
      "type": "Feature",
      "geometry": {
        "type": "Point",
        "coordinates": [
          0.6231,
          48.5877
        ]
      },
      "properties": {
        "temperature_2m": 10.1,
        "precipitation": 0.0,
        "cloud_cover": 14,
        "wind_speed_10m": 2.73,
        "last_updated": "2026-10-10T21:01:13Z"
      }
    },
    {
      "type": "Feature",
      "geometry": {
        "type": "Point",
        "coordinates": [
          0.8592,
          48.5941
        ]
      },
      "properties": {
        "temperature_2m": 9.5,
        "precipitation": 0.0,
        "cloud_cover": 58,
        "wind_speed_10m": 2.11,
        "last_updated": "2026-10-10T21:01:13Z"
      }
    },
    {
      "type": "Feature",
      "geometry": {
        "type": "Point",
        "coordinates": [
          1.0946,
          48.5842
        ]
      },
      "properties": {
        "temperature_2m": 10.3,
        "precipitation": 0.0,
        "cloud_cover": 63,
        "wind_speed_10m": 3.1,
        "last_updated": "2026-10-10T21:01:13Z"
      }
    },
    {
      "type": "Feature",
      "geometry": {
        "type": "Point",
        "coordinates": [
          1.3517,
          48.5817
        ]
      },
      "properties": {
        "temperature_2m": 10.1,
        "precipitation": 0.0,
        "cloud_cover": 0,
        "wind_speed_10m": 2.4,
        "last_updated": "2026-10-10T21:01:13Z"
      }
    },
    {
      "type": "Feature",
      "geometry": {
        "type": "Point",
        "coordinates": [
          1.6088,
          48.5786
        ]
      },
      "properties": {
        "temperature_2m": 10.7,
        "precipitation": 0.0,
        "cloud_cover": 64,
        "wind_speed_10m": 1.81,
        "last_updated": "2026-10-10T21:01:13Z"
      }
    },
    {
      "type": "Feature",
      "geometry": {
        "type": "Point",
        "coordinates": [
          1.8659,
          48.575
        ]
      },
      "properties": {
        "temperature_2m": 9.3,
        "precipitation": 0.0,
        "cloud_cover": 96,
        "wind_speed_10m": 2.72,
        "last_updated": "2026-10-10T21:01:13Z"
      }
    },
    {
      "type": "Feature",
      "geometry": {
        "type": "Point",
        "coordinates": [
          2.1022,
          48.5792
        ]
      },
      "properties": {
        "temperature_2m": 9.3,
        "precipitation": 0.0,
        "cloud_cover": 93,
        "wind_speed_10m": 1.68,
        "last_updated": "2026-10-10T21:01:13Z"
      }
    },
    {
      "type": "Feature",
      "geometry": {
        "type": "Point",
        "coordinates": [
          2.3593,
          48.5747
        ]
      },
      "properties": {
        "temperature_2m": 9.2,
        "precipitation": 0.0,
        "cloud_cover": 0,
        "wind_speed_10m": 2.2,
        "last_updated": "2026-10-10T21:01:13Z"
      }
    },
    {
      "type": "Feature",
      "geometry": {
        "type": "Point",
        "coordinates": [
          2.6171,
          48.5871
        ]
      },
      "properties": {
        "temperature_2m": 10.9,
        "precipitation": 0.0,
        "cloud_cover": 0,
        "wind_speed_10m": 2.33,
        "last_updated": "2026-10-10T21:01:13Z"
      }
    },
    {
      "type": "Feature",
      "geometry": {
        "type": "Point",
        "coordinates": [
          2.8742,
          48.5816
        ]
      },
      "properties": {
        "temperature_2m": 10.8,
        "precipitation": 0.0,
        "cloud_cover": 37,
        "wind_speed_10m": 2.28,
        "last_updated": "2026-10-10T21:01:13Z"
      }
    },
    {
      "type": "Feature",
      "geometry": {
        "type": "Point",
        "coordinates": [
          3.1108,
          48.5841
        ]
      },
      "properties": {
        "temperature_2m": 11.4,
        "precipitation": 0.0,
        "cloud_cover": 46,
        "wind_speed_10m": 2.75,
        "last_updated": "2026-10-10T21:01:13Z"
      }
    },
    {
      "type": "Feature",
      "geometry": {
        "type": "Point",
        "coordinates": [
          3.3678,
          48.5777
        ]
      },
      "properties": {
        "temperature_2m": 11.8,
        "precipitation": 0.0,
        "cloud_cover": 100,
        "wind_speed_10m": 2.93,
        "last_updated": "2026-10-10T21:01:13Z"
      }
    },
    {
      "type": "Feature",
      "geometry": {
        "type": "Point",
        "coordinates": [
          3.6258,
          48.5881
        ]
      },
      "properties": {
        "temperature_2m": 12.1,
        "precipitation": 0.0,
        "cloud_cover": 100,
        "wind_speed_10m": 1.57,
        "last_updated": "2026-10-10T21:01:13Z"
      }
    },
    {
      "type": "Feature",
      "geometry": {
        "type": "Point",
        "coordinates": [
          3.8627,
          48.5892
        ]
      },
      "properties": {
        "temperature_2m": 10.8,
        "precipitation": 0.0,
        "cloud_cover": 100,
        "wind_speed_10m": 2.24,
        "last_updated": "2026-10-10T21:01:13Z"
      }
    },
    {
      "type": "Feature",
      "geometry": {
        "type": "Point",
        "coordinates": [
          4.1196,
          48.5814
        ]
      },
      "properties": {
        "temperature_2m": 10.3,
        "precipitation": 0.0,
        "cloud_cover": 100,
        "wind_speed_10m": 1.92,
        "last_updated": "2026-10-10T21:01:13Z"
      }
    },
    {
      "type": "Feature",
      "geometry": {
        "type": "Point",
        "coordinates": [
          4.3765,
          48.573
        ]
      },
      "properties": {
        "temperature_2m": 10.9,
        "precipitation": 0.0,
        "cloud_cover": 74,
        "wind_speed_10m": 1.98,
        "last_updated": "2026-10-10T21:01:13Z"
      }
    },
    {
      "type": "Feature",
      "geometry": {
        "type": "Point",
        "coordinates": [
          4.6148,
          48.5902
        ]
      },
      "properties": {
        "temperature_2m": 11.2,
        "precipitation": 0.0,
        "cloud_cover": 56,
        "wind_speed_10m": 3.23,
        "last_updated": "2026-10-10T21:01:13Z"
      }
    },
    {
      "type": "Feature",
      "geometry": {
        "type": "Point",
        "coordinates": [
          4.8716,
          48.5809
        ]
      },
      "properties": {
        "temperature_2m": 11.6,
        "precipitation": 0.0,
        "cloud_cover": 100,
        "wind_speed_10m": 2.25,
        "last_updated": "2026-10-10T21:01:13Z"
      }
    },
    {
      "type": "Feature",
      "geometry": {
        "type": "Point",
        "coordinates": [
          5.1284,
          48.5711
        ]
      },
      "properties": {
        "temperature_2m": 10.5,
        "precipitation": 0.0,
        "cloud_cover": 64,
        "wind_speed_10m": 2.0,
        "last_updated": "2026-10-10T21:01:13Z"
      }
    },
    {
      "type": "Feature",
      "geometry": {
        "type": "Point",
        "coordinates": [
          5.367,
          48.5869
        ]
      },
      "properties": {
        "temperature_2m": 9.6,
        "precipitation": 0.0,
        "cloud_cover": 66,
        "wind_speed_10m": 2.42,
        "last_updated": "2026-10-10T21:01:13Z"
      }
    },
    {
      "type": "Feature",
      "geometry": {
        "type": "Point",
        "coordinates": [
          5.6237,
          48.5762
        ]
      },
      "properties": {
        "temperature_2m": 9.8,
        "precipitation": 0.0,
        "cloud_cover": 6,
        "wind_speed_10m": 2.53,
        "last_updated": "2026-10-10T21:01:13Z"
      }
    },
    {
      "type": "Feature",
      "geometry": {
        "type": "Point",
        "coordinates": [
          5.8626,
          48.5911
        ]
      },
      "properties": {
        "temperature_2m": 11.1,
        "precipitation": 0.0,
        "cloud_cover": 84,
        "wind_speed_10m": 2.55,
        "last_updated": "2026-10-10T21:01:13Z"
      }
    },
    {
      "type": "Feature",
      "geometry": {
        "type": "Point",
        "coordinates": [
          6.1193,
          48.5794
        ]
      },
      "properties": {
        "temperature_2m": 11.4,
        "precipitation": 0.0,
        "cloud_cover": 100,
        "wind_speed_10m": 2.92,
        "last_updated": "2026-10-10T21:01:13Z"
      }
    },
    {
      "type": "Feature",
      "geometry": {
        "type": "Point",
        "coordinates": [
          6.3777,
          48.5845
        ]
      },
      "properties": {
        "temperature_2m": 11.6,
        "precipitation": 0.0,
        "cloud_cover": 100,
        "wind_speed_10m": 2.77,
        "last_updated": "2026-10-10T21:01:13Z"
      }
    },
    {
      "type": "Feature",
      "geometry": {
        "type": "Point",
        "coordinates": [
          6.615,
          48.5808
        ]
      },
      "properties": {
        "temperature_2m": 11.5,
        "precipitation": 0.0,
        "cloud_cover": 100,
        "wind_speed_10m": 2.91,
        "last_updated": "2026-10-10T21:01:13Z"
      }
    },
    {
      "type": "Feature",
      "geometry": {
        "type": "Point",
        "coordinates": [
          6.8735,
          48.5849
        ]
      },
      "properties": {
        "temperature_2m": 11.2,
        "precipitation": 0.1,
        "cloud_cover": 100,
        "wind_speed_10m": 3.14,
        "last_updated": "2026-10-10T21:01:13Z"
      }
    },
    {
      "type": "Feature",
      "geometry": {
        "type": "Point",
        "coordinates": [
          7.1108,
          48.5803
        ]
      },
      "properties": {
        "temperature_2m": 10.7,
        "precipitation": 0.4,
        "cloud_cover": 100,
        "wind_speed_10m": 3.81,
        "last_updated": "2026-10-10T21:01:13Z"
      }
    },
    {
      "type": "Feature",
      "geometry": {
        "type": "Point",
        "coordinates": [
          7.3693,
          48.5835
        ]
      },
      "properties": {
        "temperature_2m": 10.2,
        "precipitation": 0.0,
        "cloud_cover": 100,
        "wind_speed_10m": 1.63,
        "last_updated": "2026-10-10T21:01:13Z"
      }
    },
    {
      "type": "Feature",
      "geometry": {
        "type": "Point",
        "coordinates": [
          7.6067,
          48.5779
        ]
      },
      "properties": {
        "temperature_2m": 12.2,
        "precipitation": 0.0,
        "cloud_cover": 100,
        "wind_speed_10m": 2.2,
        "last_updated": "2026-10-10T21:01:13Z"
      }
    },
    {
      "type": "Feature",
      "geometry": {
        "type": "Point",
        "coordinates": [
          7.8652,
          48.5801
        ]
      },
      "properties": {
        "temperature_2m": 10.8,
        "precipitation": 0.0,
        "cloud_cover": 100,
        "wind_speed_10m": 2.95,
        "last_updated": "2026-10-10T21:01:13Z"
      }
    },
    {
      "type": "Feature",
      "geometry": {
        "type": "Point",
        "coordinates": [
          8.1026,
          48.5737
        ]
      },
      "properties": {
        "temperature_2m": 11.2,
        "precipitation": 0.0,
        "cloud_cover": 100,
        "wind_speed_10m": 2.7,
        "last_updated": "2026-10-10T21:01:13Z"
      }
    },
    {
      "type": "Feature",
      "geometry": {
        "type": "Point",
        "coordinates": [
          8.3612,
          48.575
        ]
      },
      "properties": {
        "temperature_2m": 7.5,
        "precipitation": 0.0,
        "cloud_cover": 78,
        "wind_speed_10m": 2.53,
        "last_updated": "2026-10-10T21:01:13Z"
      }
    },
    {
      "type": "Feature",
      "geometry": {
        "type": "Point",
        "coordinates": [
          8.6012,
          48.5849
        ]
      },
      "properties": {
        "temperature_2m": 5.9,
        "precipitation": 0.0,
        "cloud_cover": 88,
        "wind_speed_10m": 1.39,
        "last_updated": "2026-10-10T21:01:13Z"
      }
    },
    {
      "type": "Feature",
      "geometry": {
        "type": "Point",
        "coordinates": [
          8.8571,
          48.5679
        ]
      },
      "properties": {
        "temperature_2m": 9.2,
        "precipitation": 0.0,
        "cloud_cover": 25,
        "wind_speed_10m": 2.19,
        "last_updated": "2026-10-10T21:01:13Z"
      }
    },
    {
      "type": "Feature",
      "geometry": {
        "type": "Point",
        "coordinates": [
          9.1214,
          48.5832
        ]
      },
      "properties": {
        "temperature_2m": 8.8,
        "precipitation": 0.0,
        "cloud_cover": 67,
        "wind_speed_10m": 2.05,
        "last_updated": "2026-10-10T21:01:13Z"
      }
    },
    {
      "type": "Feature",
      "geometry": {
        "type": "Point",
        "coordinates": [
          9.3617,
          48.5917
        ]
      },
      "properties": {
        "temperature_2m": 10.0,
        "precipitation": 0.0,
        "cloud_cover": 53,
        "wind_speed_10m": 2.3,
        "last_updated": "2026-10-10T21:01:13Z"
      }
    },
    {
      "type": "Feature",
      "geometry": {
        "type": "Point",
        "coordinates": [
          9.6176,
          48.5732
        ]
      },
      "properties": {
        "temperature_2m": 8.5,
        "precipitation": 0.0,
        "cloud_cover": 46,
        "wind_speed_10m": 3.47,
        "last_updated": "2026-10-10T21:01:13Z"
      }
    },
    {
      "type": "Feature",
      "geometry": {
        "type": "Point",
        "coordinates": [
          -5.14,
          48.83
        ]
      },
      "properties": {
        "temperature_2m": 14.9,
        "precipitation": 0.0,
        "cloud_cover": 100,
        "wind_speed_10m": 2.21,
        "last_updated": "2026-10-10T21:01:13Z"
      }
    },
    {
      "type": "Feature",
      "geometry": {
        "type": "Point",
        "coordinates": [
          -4.89,
          48.83
        ]
      },
      "properties": {
        "temperature_2m": 14.9,
        "precipitation": 0.0,
        "cloud_cover": 100,
        "wind_speed_10m": 3.01,
        "last_updated": "2026-10-10T21:01:13Z"
      }
    },
    {
      "type": "Feature",
      "geometry": {
        "type": "Point",
        "coordinates": [
          -4.64,
          48.83
        ]
      },
      "properties": {
        "temperature_2m": 15.1,
        "precipitation": 0.0,
        "cloud_cover": 100,
        "wind_speed_10m": 4.12,
        "last_updated": "2026-10-10T21:01:13Z"
      }
    },
    {
      "type": "Feature",
      "geometry": {
        "type": "Point",
        "coordinates": [
          -4.39,
          48.83
        ]
      },
      "properties": {
        "temperature_2m": 15.2,
        "precipitation": 0.0,
        "cloud_cover": 100,
        "wind_speed_10m": 4.11,
        "last_updated": "2026-10-10T21:01:13Z"
      }
    },
    {
      "type": "Feature",
      "geometry": {
        "type": "Point",
        "coordinates": [
          -4.14,
          48.83
        ]
      },
      "properties": {
        "temperature_2m": 15.1,
        "precipitation": 0.0,
        "cloud_cover": 100,
        "wind_speed_10m": 3.69,
        "last_updated": "2026-10-10T21:01:13Z"
      }
    },
    {
      "type": "Feature",
      "geometry": {
        "type": "Point",
        "coordinates": [
          -3.89,
          48.83
        ]
      },
      "properties": {
        "temperature_2m": 15.2,
        "precipitation": 0.0,
        "cloud_cover": 100,
        "wind_speed_10m": 4.37,
        "last_updated": "2026-10-10T21:01:13Z"
      }
    },
    {
      "type": "Feature",
      "geometry": {
        "type": "Point",
        "coordinates": [
          -3.64,
          48.83
        ]
      },
      "properties": {
        "temperature_2m": 15.1,
        "precipitation": 0.0,
        "cloud_cover": 100,
        "wind_speed_10m": 4.81,
        "last_updated": "2026-10-10T21:01:13Z"
      }
    },
    {
      "type": "Feature",
      "geometry": {
        "type": "Point",
        "coordinates": [
          -3.38,
          48.83
        ]
      },
      "properties": {
        "temperature_2m": 14.9,
        "precipitation": 0.0,
        "cloud_cover": 100,
        "wind_speed_10m": 5.54,
        "last_updated": "2026-10-10T21:01:13Z"
      }
    },
    {
      "type": "Feature",
      "geometry": {
        "type": "Point",
        "coordinates": [
          -3.14,
          48.83
        ]
      },
      "properties": {
        "temperature_2m": 12.8,
        "precipitation": 0.0,
        "cloud_cover": 100,
        "wind_speed_10m": 3.11,
        "last_updated": "2026-10-10T21:01:13Z"
      }
    },
    {
      "type": "Feature",
      "geometry": {
        "type": "Point",
        "coordinates": [
          -2.89,
          48.83
        ]
      },
      "properties": {
        "temperature_2m": 14.9,
        "precipitation": 0.0,
        "cloud_cover": 100,
        "wind_speed_10m": 5.22,
        "last_updated": "2026-10-10T21:01:13Z"
      }
    },
    {
      "type": "Feature",
      "geometry": {
        "type": "Point",
        "coordinates": [
          -2.64,
          48.83
        ]
      },
      "properties": {
        "temperature_2m": 15.3,
        "precipitation": 0.0,
        "cloud_cover": 100,
        "wind_speed_10m": 6.6,
        "last_updated": "2026-10-10T21:01:13Z"
      }
    },
    {
      "type": "Feature",
      "geometry": {
        "type": "Point",
        "coordinates": [
          -2.39,
          48.83
        ]
      },
      "properties": {
        "temperature_2m": 15.4,
        "precipitation": 0.0,
        "cloud_cover": 100,
        "wind_speed_10m": 7.94,
        "last_updated": "2026-10-10T21:01:13Z"
      }
    },
    {
      "type": "Feature",
      "geometry": {
        "type": "Point",
        "coordinates": [
          -2.14,
          48.83
        ]
      },
      "properties": {
        "temperature_2m": 15.6,
        "precipitation": 0.0,
        "cloud_cover": 100,
        "wind_speed_10m": 8.71,
        "last_updated": "2026-10-10T21:01:13Z"
      }
    },
    {
      "type": "Feature",
      "geometry": {
        "type": "Point",
        "coordinates": [
          -1.89,
          48.83
        ]
      },
      "properties": {
        "temperature_2m": 15.7,
        "precipitation": 0.0,
        "cloud_cover": 100,
        "wind_speed_10m": 6.94,
        "last_updated": "2026-10-10T21:01:13Z"
      }
    },
    {
      "type": "Feature",
      "geometry": {
        "type": "Point",
        "coordinates": [
          -1.64,
          48.83
        ]
      },
      "properties": {
        "temperature_2m": 15.7,
        "precipitation": 0.0,
        "cloud_cover": 100,
        "wind_speed_10m": 8.23,
        "last_updated": "2026-10-10T21:01:13Z"
      }
    },
    {
      "type": "Feature",
      "geometry": {
        "type": "Point",
        "coordinates": [
          -1.3983,
          48.8371
        ]
      },
      "properties": {
        "temperature_2m": 12.2,
        "precipitation": 0.0,
        "cloud_cover": 82,
        "wind_speed_10m": 2.18,
        "last_updated": "2026-10-10T21:01:13Z"
      }
    },
    {
      "type": "Feature",
      "geometry": {
        "type": "Point",
        "coordinates": [
          -1.1393,
          48.822
        ]
      },
      "properties": {
        "temperature_2m": 11.3,
        "precipitation": 0.0,
        "cloud_cover": 90,
        "wind_speed_10m": 1.77,
        "last_updated": "2026-10-10T21:01:13Z"
      }
    },
    {
      "type": "Feature",
      "geometry": {
        "type": "Point",
        "coordinates": [
          -0.8806,
          48.8236
        ]
      },
      "properties": {
        "temperature_2m": 10.9,
        "precipitation": 0.0,
        "cloud_cover": 97,
        "wind_speed_10m": 2.12,
        "last_updated": "2026-10-10T21:01:13Z"
      }
    },
    {
      "type": "Feature",
      "geometry": {
        "type": "Point",
        "coordinates": [
          -0.6219,
          48.8248
        ]
      },
      "properties": {
        "temperature_2m": 10.1,
        "precipitation": 0.0,
        "cloud_cover": 95,
        "wind_speed_10m": 2.35,
        "last_updated": "2026-10-10T21:01:13Z"
      }
    },
    {
      "type": "Feature",
      "geometry": {
        "type": "Point",
        "coordinates": [
          -0.4064,
          48.8254
        ]
      },
      "properties": {
        "temperature_2m": 11.0,
        "precipitation": 0.0,
        "cloud_cover": 88,
        "wind_speed_10m": 2.73,
        "last_updated": "2026-10-10T21:01:13Z"
      }
    },
    {
      "type": "Feature",
      "geometry": {
        "type": "Point",
        "coordinates": [
          -0.1477,
          48.8257
        ]
      },
      "properties": {
        "temperature_2m": 9.9,
        "precipitation": 0.0,
        "cloud_cover": 57,
        "wind_speed_10m": 2.62,
        "last_updated": "2026-10-10T21:01:13Z"
      }
    },
    {
      "type": "Feature",
      "geometry": {
        "type": "Point",
        "coordinates": [
          0.111,
          48.8254
        ]
      },
      "properties": {
        "temperature_2m": 10.2,
        "precipitation": 0.0,
        "cloud_cover": 76,
        "wind_speed_10m": 2.35,
        "last_updated": "2026-10-10T21:01:13Z"
      }
    },
    {
      "type": "Feature",
      "geometry": {
        "type": "Point",
        "coordinates": [
          0.3697,
          48.8247
        ]
      },
      "properties": {
        "temperature_2m": 9.6,
        "precipitation": 0.0,
        "cloud_cover": 13,
        "wind_speed_10m": 3.13,
        "last_updated": "2026-10-10T21:01:13Z"
      }
    },
    {
      "type": "Feature",
      "geometry": {
        "type": "Point",
        "coordinates": [
          0.6283,
          48.8235
        ]
      },
      "properties": {
        "temperature_2m": 9.6,
        "precipitation": 0.0,
        "cloud_cover": 0,
        "wind_speed_10m": 3.24,
        "last_updated": "2026-10-10T21:01:13Z"
      }
    },
    {
      "type": "Feature",
      "geometry": {
        "type": "Point",
        "coordinates": [
          0.8439,
          48.8221
        ]
      },
      "properties": {
        "temperature_2m": 8.8,
        "precipitation": 0.0,
        "cloud_cover": 5,
        "wind_speed_10m": 1.8,
        "last_updated": "2026-10-10T21:01:13Z"
      }
    },
    {
      "type": "Feature",
      "geometry": {
        "type": "Point",
        "coordinates": [
          1.1028,
          48.8374
        ]
      },
      "properties": {
        "temperature_2m": 9.9,
        "precipitation": 0.0,
        "cloud_cover": 2,
        "wind_speed_10m": 2.64,
        "last_updated": "2026-10-10T21:01:13Z"
      }
    },
    {
      "type": "Feature",
      "geometry": {
        "type": "Point",
        "coordinates": [
          1.3615,
          48.8347
        ]
      },
      "properties": {
        "temperature_2m": 11.2,
        "precipitation": 0.0,
        "cloud_cover": 56,
        "wind_speed_10m": 2.92,
        "last_updated": "2026-10-10T21:01:13Z"
      }
    },
    {
      "type": "Feature",
      "geometry": {
        "type": "Point",
        "coordinates": [
          1.6202,
          48.8316
        ]
      },
      "properties": {
        "temperature_2m": 10.4,
        "precipitation": 0.0,
        "cloud_cover": 66,
        "wind_speed_10m": 2.95,
        "last_updated": "2026-10-10T21:01:13Z"
      }
    },
    {
      "type": "Feature",
      "geometry": {
        "type": "Point",
        "coordinates": [
          1.8579,
          48.8363
        ]
      },
      "properties": {
        "temperature_2m": 11.3,
        "precipitation": 0.0,
        "cloud_cover": 94,
        "wind_speed_10m": 3.1,
        "last_updated": "2026-10-10T21:01:13Z"
      }
    },
    {
      "type": "Feature",
      "geometry": {
        "type": "Point",
        "coordinates": [
          2.1166,
          48.8323
        ]
      },
      "properties": {
        "temperature_2m": 11.1,
        "precipitation": 0.0,
        "cloud_cover": 67,
        "wind_speed_10m": 2.72,
        "last_updated": "2026-10-10T21:01:13Z"
      }
    },
    {
      "type": "Feature",
      "geometry": {
        "type": "Point",
        "coordinates": [
          2.3752,
          48.8277
        ]
      },
      "properties": {
        "temperature_2m": 13.4,
        "precipitation": 0.0,
        "cloud_cover": 51,
        "wind_speed_10m": 2.57,
        "last_updated": "2026-10-10T21:01:13Z"
      }
    },
    {
      "type": "Feature",
      "geometry": {
        "type": "Point",
        "coordinates": [
          2.5906,
          48.8235
        ]
      },
      "properties": {
        "temperature_2m": 12.1,
        "precipitation": 0.0,
        "cloud_cover": 87,
        "wind_speed_10m": 2.18,
        "last_updated": "2026-10-10T21:01:13Z"
      }
    },
    {
      "type": "Feature",
      "geometry": {
        "type": "Point",
        "coordinates": [
          2.85,
          48.8354
        ]
      },
      "properties": {
        "temperature_2m": 10.7,
        "precipitation": 0.0,
        "cloud_cover": 94,
        "wind_speed_10m": 2.66,
        "last_updated": "2026-10-10T21:01:13Z"
      }
    },
    {
      "type": "Feature",
      "geometry": {
        "type": "Point",
        "coordinates": [
          3.1086,
          48.8295
        ]
      },
      "properties": {
        "temperature_2m": 11.7,
        "precipitation": 0.0,
        "cloud_cover": 90,
        "wind_speed_10m": 1.77,
        "last_updated": "2026-10-10T21:01:13Z"
      }
    },
    {
      "type": "Feature",
      "geometry": {
        "type": "Point",
        "coordinates": [
          3.367,
          48.823
        ]
      },
      "properties": {
        "temperature_2m": 10.6,
        "precipitation": 0.0,
        "cloud_cover": 0,
        "wind_speed_10m": 2.69,
        "last_updated": "2026-10-10T21:01:13Z"
      }
    },
    {
      "type": "Feature",
      "geometry": {
        "type": "Point",
        "coordinates": [
          3.6051,
          48.8246
        ]
      },
      "properties": {
        "temperature_2m": 10.4,
        "precipitation": 0.0,
        "cloud_cover": 44,
        "wind_speed_10m": 2.89,
        "last_updated": "2026-10-10T21:01:13Z"
      }
    },
    {
      "type": "Feature",
      "geometry": {
        "type": "Point",
        "coordinates": [
          3.8647,
          48.8345
        ]
      },
      "properties": {
        "temperature_2m": 11.1,
        "precipitation": 0.0,
        "cloud_cover": 41,
        "wind_speed_10m": 3.01,
        "last_updated": "2026-10-10T21:01:13Z"
      }
    },
    {
      "type": "Feature",
      "geometry": {
        "type": "Point",
        "coordinates": [
          4.103,
          48.8352
        ]
      },
      "properties": {
        "temperature_2m": 10.9,
        "precipitation": 0.0,
        "cloud_cover": 40,
        "wind_speed_10m": 3.98,
        "last_updated": "2026-10-10T21:01:13Z"
      }
    },
    {
      "type": "Feature",
      "geometry": {
        "type": "Point",
        "coordinates": [
          4.3614,
          48.8269
        ]
      },
      "properties": {
        "temperature_2m": 11.2,
        "precipitation": 0.0,
        "cloud_cover": 100,
        "wind_speed_10m": 3.54,
        "last_updated": "2026-10-10T21:01:13Z"
      }
    },
    {
      "type": "Feature",
      "geometry": {
        "type": "Point",
        "coordinates": [
          4.6211,
          48.8353
        ]
      },
      "properties": {
        "temperature_2m": 10.7,
        "precipitation": 0.0,
        "cloud_cover": 39,
        "wind_speed_10m": 2.83,
        "last_updated": "2026-10-10T21:01:13Z"
      }
    },
    {
      "type": "Feature",
      "geometry": {
        "type": "Point",
        "coordinates": [
          4.8595,
          48.8347
        ]
      },
      "properties": {
        "temperature_2m": 10.4,
        "precipitation": 0.0,
        "cloud_cover": 79,
        "wind_speed_10m": 2.83,
        "last_updated": "2026-10-10T21:01:13Z"
      }
    },
    {
      "type": "Feature",
      "geometry": {
        "type": "Point",
        "coordinates": [
          5.1178,
          48.8249
        ]
      },
      "properties": {
        "temperature_2m": 10.2,
        "precipitation": 0.0,
        "cloud_cover": 69,
        "wind_speed_10m": 1.9,
        "last_updated": "2026-10-10T21:01:13Z"
      }
    },
    {
      "type": "Feature",
      "geometry": {
        "type": "Point",
        "coordinates": [
          5.3579,
          48.8406
        ]
      },
      "properties": {
        "temperature_2m": 9.9,
        "precipitation": 0.0,
        "cloud_cover": 86,
        "wind_speed_10m": 2.44,
        "last_updated": "2026-10-10T21:01:13Z"
      }
    },
    {
      "type": "Feature",
      "geometry": {
        "type": "Point",
        "coordinates": [
          5.6161,
          48.8299
        ]
      },
      "properties": {
        "temperature_2m": 9.4,
        "precipitation": 0.0,
        "cloud_cover": 78,
        "wind_speed_10m": 3.16,
        "last_updated": "2026-10-10T21:01:13Z"
      }
    },
    {
      "type": "Feature",
      "geometry": {
        "type": "Point",
        "coordinates": [
          5.8761,
          48.8359
        ]
      },
      "properties": {
        "temperature_2m": 9.8,
        "precipitation": 0.0,
        "cloud_cover": 68,
        "wind_speed_10m": 2.82,
        "last_updated": "2026-10-10T21:01:13Z"
      }
    },
    {
      "type": "Feature",
      "geometry": {
        "type": "Point",
        "coordinates": [
          6.1146,
          48.833
        ]
      },
      "properties": {
        "temperature_2m": 10.6,
        "precipitation": 0.0,
        "cloud_cover": 69,
        "wind_speed_10m": 3.49,
        "last_updated": "2026-10-10T21:01:13Z"
      }
    },
    {
      "type": "Feature",
      "geometry": {
        "type": "Point",
        "coordinates": [
          6.3727,
          48.8208
        ]
      },
      "properties": {
        "temperature_2m": 11.4,
        "precipitation": 0.0,
        "cloud_cover": 97,
        "wind_speed_10m": 4.36,
        "last_updated": "2026-10-10T21:01:13Z"
      }
    },
    {
      "type": "Feature",
      "geometry": {
        "type": "Point",
        "coordinates": [
          6.6133,
          48.8343
        ]
      },
      "properties": {
        "temperature_2m": 11.6,
        "precipitation": 0.0,
        "cloud_cover": 100,
        "wind_speed_10m": 3.63,
        "last_updated": "2026-10-10T21:01:13Z"
      }
    },
    {
      "type": "Feature",
      "geometry": {
        "type": "Point",
        "coordinates": [
          6.8713,
          48.8211
        ]
      },
      "properties": {
        "temperature_2m": 11.8,
        "precipitation": 0.0,
        "cloud_cover": 100,
        "wind_speed_10m": 3.93,
        "last_updated": "2026-10-10T21:01:13Z"
      }
    },
    {
      "type": "Feature",
      "geometry": {
        "type": "Point",
        "coordinates": [
          7.1121,
          48.8337
        ]
      },
      "properties": {
        "temperature_2m": 11.9,
        "precipitation": 0.1,
        "cloud_cover": 100,
        "wind_speed_10m": 4.71,
        "last_updated": "2026-10-10T21:01:13Z"
      }
    },
    {
      "type": "Feature",
      "geometry": {
        "type": "Point",
        "coordinates": [
          7.3722,
          48.8368
        ]
      },
      "properties": {
        "temperature_2m": 10.6,
        "precipitation": 0.1,
        "cloud_cover": 100,
        "wind_speed_10m": 2.26,
        "last_updated": "2026-10-10T21:01:13Z"
      }
    },
    {
      "type": "Feature",
      "geometry": {
        "type": "Point",
        "coordinates": [
          7.611,
          48.8312
        ]
      },
      "properties": {
        "temperature_2m": 11.9,
        "precipitation": 0.0,
        "cloud_cover": 100,
        "wind_speed_10m": 2.59,
        "last_updated": "2026-10-10T21:01:13Z"
      }
    },
    {
      "type": "Feature",
      "geometry": {
        "type": "Point",
        "coordinates": [
          7.8711,
          48.8333
        ]
      },
      "properties": {
        "temperature_2m": 11.9,
        "precipitation": 0.0,
        "cloud_cover": 100,
        "wind_speed_10m": 2.5,
        "last_updated": "2026-10-10T21:01:13Z"
      }
    },
    {
      "type": "Feature",
      "geometry": {
        "type": "Point",
        "coordinates": [
          8.1099,
          48.8268
        ]
      },
      "properties": {
        "temperature_2m": 11.3,
        "precipitation": 0.0,
        "cloud_cover": 100,
        "wind_speed_10m": 3.18,
        "last_updated": "2026-10-10T21:01:13Z"
      }
    },
    {
      "type": "Feature",
      "geometry": {
        "type": "Point",
        "coordinates": [
          8.37,
          48.8279
        ]
      },
      "properties": {
        "temperature_2m": 10.1,
        "precipitation": 0.0,
        "cloud_cover": 100,
        "wind_speed_10m": 2.69,
        "last_updated": "2026-10-10T21:01:13Z"
      }
    },
    {
      "type": "Feature",
      "geometry": {
        "type": "Point",
        "coordinates": [
          8.6114,
          48.8378
        ]
      },
      "properties": {
        "temperature_2m": 9.8,
        "precipitation": 0.0,
        "cloud_cover": 65,
        "wind_speed_10m": 3.4,
        "last_updated": "2026-10-10T21:01:13Z"
      }
    },
    {
      "type": "Feature",
      "geometry": {
        "type": "Point",
        "coordinates": [
          8.8503,
          48.8299
        ]
      },
      "properties": {
        "temperature_2m": 8.2,
        "precipitation": 0.0,
        "cloud_cover": 99,
        "wind_speed_10m": 2.06,
        "last_updated": "2026-10-10T21:01:13Z"
      }
    },
    {
      "type": "Feature",
      "geometry": {
        "type": "Point",
        "coordinates": [
          9.1105,
          48.8296
        ]
      },
      "properties": {
        "temperature_2m": 10.6,
        "precipitation": 0.0,
        "cloud_cover": 100,
        "wind_speed_10m": 2.69,
        "last_updated": "2026-10-10T21:01:13Z"
      }
    },
    {
      "type": "Feature",
      "geometry": {
        "type": "Point",
        "coordinates": [
          9.3521,
          48.838
        ]
      },
      "properties": {
        "temperature_2m": 10.5,
        "precipitation": 0.0,
        "cloud_cover": 13,
        "wind_speed_10m": 1.39,
        "last_updated": "2026-10-10T21:01:13Z"
      }
    },
    {
      "type": "Feature",
      "geometry": {
        "type": "Point",
        "coordinates": [
          9.6095,
          48.8195
        ]
      },
      "properties": {
        "temperature_2m": 8.7,
        "precipitation": 0.0,
        "cloud_cover": 0,
        "wind_speed_10m": 0.94,
        "last_updated": "2026-10-10T21:01:13Z"
      }
    },
    {
      "type": "Feature",
      "geometry": {
        "type": "Point",
        "coordinates": [
          -5.14,
          49.08
        ]
      },
      "properties": {
        "temperature_2m": 15.1,
        "precipitation": 0.0,
        "cloud_cover": 100,
        "wind_speed_10m": 4.65,
        "last_updated": "2026-10-10T21:01:13Z"
      }
    },
    {
      "type": "Feature",
      "geometry": {
        "type": "Point",
        "coordinates": [
          -4.89,
          49.08
        ]
      },
      "properties": {
        "temperature_2m": 15.1,
        "precipitation": 0.0,
        "cloud_cover": 100,
        "wind_speed_10m": 4.61,
        "last_updated": "2026-10-10T21:01:13Z"
      }
    },
    {
      "type": "Feature",
      "geometry": {
        "type": "Point",
        "coordinates": [
          -4.64,
          49.08
        ]
      },
      "properties": {
        "temperature_2m": 15.0,
        "precipitation": 0.0,
        "cloud_cover": 100,
        "wind_speed_10m": 4.47,
        "last_updated": "2026-10-10T21:01:13Z"
      }
    },
    {
      "type": "Feature",
      "geometry": {
        "type": "Point",
        "coordinates": [
          -4.39,
          49.08
        ]
      },
      "properties": {
        "temperature_2m": 15.0,
        "precipitation": 0.0,
        "cloud_cover": 100,
        "wind_speed_10m": 4.02,
        "last_updated": "2026-10-10T21:01:13Z"
      }
    },
    {
      "type": "Feature",
      "geometry": {
        "type": "Point",
        "coordinates": [
          -4.14,
          49.08
        ]
      },
      "properties": {
        "temperature_2m": 15.0,
        "precipitation": 0.0,
        "cloud_cover": 100,
        "wind_speed_10m": 4.03,
        "last_updated": "2026-10-10T21:01:13Z"
      }
    },
    {
      "type": "Feature",
      "geometry": {
        "type": "Point",
        "coordinates": [
          -3.89,
          49.08
        ]
      },
      "properties": {
        "temperature_2m": 15.0,
        "precipitation": 0.0,
        "cloud_cover": 100,
        "wind_speed_10m": 4.65,
        "last_updated": "2026-10-10T21:01:13Z"
      }
    },
    {
      "type": "Feature",
      "geometry": {
        "type": "Point",
        "coordinates": [
          -3.64,
          49.08
        ]
      },
      "properties": {
        "temperature_2m": 15.1,
        "precipitation": 0.0,
        "cloud_cover": 100,
        "wind_speed_10m": 5.35,
        "last_updated": "2026-10-10T21:01:13Z"
      }
    },
    {
      "type": "Feature",
      "geometry": {
        "type": "Point",
        "coordinates": [
          -3.39,
          49.08
        ]
      },
      "properties": {
        "temperature_2m": 15.2,
        "precipitation": 0.0,
        "cloud_cover": 100,
        "wind_speed_10m": 5.2,
        "last_updated": "2026-10-10T21:01:13Z"
      }
    },
    {
      "type": "Feature",
      "geometry": {
        "type": "Point",
        "coordinates": [
          -3.14,
          49.08
        ]
      },
      "properties": {
        "temperature_2m": 15.4,
        "precipitation": 0.0,
        "cloud_cover": 100,
        "wind_speed_10m": 6.95,
        "last_updated": "2026-10-10T21:01:13Z"
      }
    },
    {
      "type": "Feature",
      "geometry": {
        "type": "Point",
        "coordinates": [
          -2.89,
          49.08
        ]
      },
      "properties": {
        "temperature_2m": 15.5,
        "precipitation": 0.0,
        "cloud_cover": 100,
        "wind_speed_10m": 7.89,
        "last_updated": "2026-10-10T21:01:13Z"
      }
    },
    {
      "type": "Feature",
      "geometry": {
        "type": "Point",
        "coordinates": [
          -2.64,
          49.08
        ]
      },
      "properties": {
        "temperature_2m": 15.6,
        "precipitation": 0.0,
        "cloud_cover": 100,
        "wind_speed_10m": 8.75,
        "last_updated": "2026-10-10T21:01:13Z"
      }
    },
    {
      "type": "Feature",
      "geometry": {
        "type": "Point",
        "coordinates": [
          -2.39,
          49.08
        ]
      },
      "properties": {
        "temperature_2m": 15.5,
        "precipitation": 0.0,
        "cloud_cover": 100,
        "wind_speed_10m": 7.81,
        "last_updated": "2026-10-10T21:01:13Z"
      }
    },
    {
      "type": "Feature",
      "geometry": {
        "type": "Point",
        "coordinates": [
          -2.14,
          49.08
        ]
      },
      "properties": {
        "temperature_2m": 15.3,
        "precipitation": 0.0,
        "cloud_cover": 100,
        "wind_speed_10m": 8.72,
        "last_updated": "2026-10-10T21:01:13Z"
      }
    },
    {
      "type": "Feature",
      "geometry": {
        "type": "Point",
        "coordinates": [
          -1.89,
          49.08
        ]
      },
      "properties": {
        "temperature_2m": 15.4,
        "precipitation": 0.0,
        "cloud_cover": 100,
        "wind_speed_10m": 7.81,
        "last_updated": "2026-10-10T21:01:13Z"
      }
    },
    {
      "type": "Feature",
      "geometry": {
        "type": "Point",
        "coordinates": [
          -1.64,
          49.08
        ]
      },
      "properties": {
        "temperature_2m": 15.6,
        "precipitation": 0.0,
        "cloud_cover": 100,
        "wind_speed_10m": 7.02,
        "last_updated": "2026-10-10T21:01:13Z"
      }
    },
    {
      "type": "Feature",
      "geometry": {
        "type": "Point",
        "coordinates": [
          -1.4047,
          49.0727
        ]
      },
      "properties": {
        "temperature_2m": 11.8,
        "precipitation": 0.0,
        "cloud_cover": 83,
        "wind_speed_10m": 2.5,
        "last_updated": "2026-10-10T21:01:13Z"
      }
    },
    {
      "type": "Feature",
      "geometry": {
        "type": "Point",
        "coordinates": [
          -1.1444,
          49.0749
        ]
      },
      "properties": {
        "temperature_2m": 11.3,
        "precipitation": 0.0,
        "cloud_cover": 86,
        "wind_speed_10m": 1.62,
        "last_updated": "2026-10-10T21:01:13Z"
      }
    },
    {
      "type": "Feature",
      "geometry": {
        "type": "Point",
        "coordinates": [
          -0.8842,
          49.0766
        ]
      },
      "properties": {
        "temperature_2m": 10.3,
        "precipitation": 0.0,
        "cloud_cover": 95,
        "wind_speed_10m": 1.92,
        "last_updated": "2026-10-10T21:01:13Z"
      }
    },
    {
      "type": "Feature",
      "geometry": {
        "type": "Point",
        "coordinates": [
          -0.624,
          49.0778
        ]
      },
      "properties": {
        "temperature_2m": 9.9,
        "precipitation": 0.0,
        "cloud_cover": 93,
        "wind_speed_10m": 2.55,
        "last_updated": "2026-10-10T21:01:13Z"
      }
    },
    {
      "type": "Feature",
      "geometry": {
        "type": "Point",
        "coordinates": [
          -0.3854,
          49.0705
        ]
      },
      "properties": {
        "temperature_2m": 10.8,
        "precipitation": 0.0,
        "cloud_cover": 77,
        "wind_speed_10m": 2.97,
        "last_updated": "2026-10-10T21:01:13Z"
      }
    },
    {
      "type": "Feature",
      "geometry": {
        "type": "Point",
        "coordinates": [
          -0.1469,
          49.0787
        ]
      },
      "properties": {
        "temperature_2m": 11.2,
        "precipitation": 0.0,
        "cloud_cover": 61,
        "wind_speed_10m": 3.83,
        "last_updated": "2026-10-10T21:01:13Z"
      }
    },
    {
      "type": "Feature",
      "geometry": {
        "type": "Point",
        "coordinates": [
          0.1134,
          49.0784
        ]
      },
      "properties": {
        "temperature_2m": 9.8,
        "precipitation": 0.0,
        "cloud_cover": 2,
        "wind_speed_10m": 2.09,
        "last_updated": "2026-10-10T21:01:13Z"
      }
    },
    {
      "type": "Feature",
      "geometry": {
        "type": "Point",
        "coordinates": [
          0.3736,
          49.0777
        ]
      },
      "properties": {
        "temperature_2m": 9.7,
        "precipitation": 0.0,
        "cloud_cover": 0,
        "wind_speed_10m": 2.28,
        "last_updated": "2026-10-10T21:01:13Z"
      }
    },
    {
      "type": "Feature",
      "geometry": {
        "type": "Point",
        "coordinates": [
          0.6118,
          49.0686
        ]
      },
      "properties": {
        "temperature_2m": 10.2,
        "precipitation": 0.0,
        "cloud_cover": 41,
        "wind_speed_10m": 3.1,
        "last_updated": "2026-10-10T21:01:13Z"
      }
    },
    {
      "type": "Feature",
      "geometry": {
        "type": "Point",
        "coordinates": [
          0.8507,
          49.0751
        ]
      },
      "properties": {
        "temperature_2m": 10.3,
        "precipitation": 0.0,
        "cloud_cover": 47,
        "wind_speed_10m": 3.61,
        "last_updated": "2026-10-10T21:01:13Z"
      }
    },
    {
      "type": "Feature",
      "geometry": {
        "type": "Point",
        "coordinates": [
          1.1108,
          49.073
        ]
      },
      "properties": {
        "temperature_2m": 10.8,
        "precipitation": 0.0,
        "cloud_cover": 53,
        "wind_speed_10m": 4.33,
        "last_updated": "2026-10-10T21:01:13Z"
      }
    },
    {
      "type": "Feature",
      "geometry": {
        "type": "Point",
        "coordinates": [
          1.3714,
          49.0876
        ]
      },
      "properties": {
        "temperature_2m": 10.6,
        "precipitation": 0.0,
        "cloud_cover": 64,
        "wind_speed_10m": 3.0,
        "last_updated": "2026-10-10T21:01:13Z"
      }
    },
    {
      "type": "Feature",
      "geometry": {
        "type": "Point",
        "coordinates": [
          1.6106,
          49.0927
        ]
      },
      "properties": {
        "temperature_2m": 11.4,
        "precipitation": 0.0,
        "cloud_cover": 95,
        "wind_speed_10m": 2.39,
        "last_updated": "2026-10-10T21:01:13Z"
      }
    },
    {
      "type": "Feature",
      "geometry": {
        "type": "Point",
        "coordinates": [
          1.8485,
          49.0815
        ]
      },
      "properties": {
        "temperature_2m": 11.2,
        "precipitation": 0.0,
        "cloud_cover": 79,
        "wind_speed_10m": 3.62,
        "last_updated": "2026-10-10T21:01:13Z"
      }
    },
    {
      "type": "Feature",
      "geometry": {
        "type": "Point",
        "coordinates": [
          2.1086,
          49.0774
        ]
      },
      "properties": {
        "temperature_2m": 10.9,
        "precipitation": 0.0,
        "cloud_cover": 100,
        "wind_speed_10m": 2.51,
        "last_updated": "2026-10-10T21:01:13Z"
      }
    },
    {
      "type": "Feature",
      "geometry": {
        "type": "Point",
        "coordinates": [
          2.3479,
          49.0812
        ]
      },
      "properties": {
        "temperature_2m": 11.0,
        "precipitation": 0.0,
        "cloud_cover": 72,
        "wind_speed_10m": 2.51,
        "last_updated": "2026-10-10T21:01:13Z"
      }
    },
    {
      "type": "Feature",
      "geometry": {
        "type": "Point",
        "coordinates": [
          2.608,
          49.0762
        ]
      },
      "properties": {
        "temperature_2m": 10.8,
        "precipitation": 0.0,
        "cloud_cover": 72,
        "wind_speed_10m": 2.85,
        "last_updated": "2026-10-10T21:01:13Z"
      }
    },
    {
      "type": "Feature",
      "geometry": {
        "type": "Point",
        "coordinates": [
          2.869,
          49.088
        ]
      },
      "properties": {
        "temperature_2m": 10.3,
        "precipitation": 0.0,
        "cloud_cover": 40,
        "wind_speed_10m": 2.91,
        "last_updated": "2026-10-10T21:01:13Z"
      }
    },
    {
      "type": "Feature",
      "geometry": {
        "type": "Point",
        "coordinates": [
          3.1084,
          49.0905
        ]
      },
      "properties": {
        "temperature_2m": 10.8,
        "precipitation": 0.0,
        "cloud_cover": 40,
        "wind_speed_10m": 3.1,
        "last_updated": "2026-10-10T21:01:13Z"
      }
    },
    {
      "type": "Feature",
      "geometry": {
        "type": "Point",
        "coordinates": [
          3.3686,
          49.084
        ]
      },
      "properties": {
        "temperature_2m": 10.2,
        "precipitation": 0.0,
        "cloud_cover": 12,
        "wind_speed_10m": 3.54,
        "last_updated": "2026-10-10T21:01:13Z"
      }
    },
    {
      "type": "Feature",
      "geometry": {
        "type": "Point",
        "coordinates": [
          3.6057,
          49.0697
        ]
      },
      "properties": {
        "temperature_2m": 11.0,
        "precipitation": 0.0,
        "cloud_cover": 88,
        "wind_speed_10m": 2.2,
        "last_updated": "2026-10-10T21:01:13Z"
      }
    },
    {
      "type": "Feature",
      "geometry": {
        "type": "Point",
        "coordinates": [
          3.8464,
          49.0881
        ]
      },
      "properties": {
        "temperature_2m": 9.7,
        "precipitation": 0.0,
        "cloud_cover": 90,
        "wind_speed_10m": 2.53,
        "last_updated": "2026-10-10T21:01:13Z"
      }
    },
    {
      "type": "Feature",
      "geometry": {
        "type": "Point",
        "coordinates": [
          4.1064,
          49.0802
        ]
      },
      "properties": {
        "temperature_2m": 10.0,
        "precipitation": 0.0,
        "cloud_cover": 43,
        "wind_speed_10m": 2.26,
        "last_updated": "2026-10-10T21:01:13Z"
      }
    },
    {
      "type": "Feature",
      "geometry": {
        "type": "Point",
        "coordinates": [
          4.3461,
          49.0805
        ]
      },
      "properties": {
        "temperature_2m": 9.6,
        "precipitation": 0.0,
        "cloud_cover": 61,
        "wind_speed_10m": 3.4,
        "last_updated": "2026-10-10T21:01:13Z"
      }
    },
    {
      "type": "Feature",
      "geometry": {
        "type": "Point",
        "coordinates": [
          4.606,
          49.0716
        ]
      },
      "properties": {
        "temperature_2m": 9.4,
        "precipitation": 0.0,
        "cloud_cover": 0,
        "wind_speed_10m": 2.82,
        "last_updated": "2026-10-10T21:01:13Z"
      }
    },
    {
      "type": "Feature",
      "geometry": {
        "type": "Point",
        "coordinates": [
          4.8673,
          49.0795
        ]
      },
      "properties": {
        "temperature_2m": 10.1,
        "precipitation": 0.0,
        "cloud_cover": 8,
        "wind_speed_10m": 2.97,
        "last_updated": "2026-10-10T21:01:13Z"
      }
    },
    {
      "type": "Feature",
      "geometry": {
        "type": "Point",
        "coordinates": [
          5.1071,
          49.0785
        ]
      },
      "properties": {
        "temperature_2m": 10.2,
        "precipitation": 0.0,
        "cloud_cover": 40,
        "wind_speed_10m": 3.08,
        "last_updated": "2026-10-10T21:01:13Z"
      }
    },
    {
      "type": "Feature",
      "geometry": {
        "type": "Point",
        "coordinates": [
          5.3685,
          49.0854
        ]
      },
      "properties": {
        "temperature_2m": 9.5,
        "precipitation": 0.0,
        "cloud_cover": 38,
        "wind_speed_10m": 3.85,
        "last_updated": "2026-10-10T21:01:13Z"
      }
    },
    {
      "type": "Feature",
      "geometry": {
        "type": "Point",
        "coordinates": [
          5.6084,
          49.0834
        ]
      },
      "properties": {
        "temperature_2m": 10.3,
        "precipitation": 0.0,
        "cloud_cover": 81,
        "wind_speed_10m": 3.57,
        "last_updated": "2026-10-10T21:01:13Z"
      }
    },
    {
      "type": "Feature",
      "geometry": {
        "type": "Point",
        "coordinates": [
          5.8681,
          49.0721
        ]
      },
      "properties": {
        "temperature_2m": 10.5,
        "precipitation": 0.0,
        "cloud_cover": 100,
        "wind_speed_10m": 3.4,
        "last_updated": "2026-10-10T21:01:13Z"
      }
    },
    {
      "type": "Feature",
      "geometry": {
        "type": "Point",
        "coordinates": [
          6.11,
          49.0864
        ]
      },
      "properties": {
        "temperature_2m": 11.5,
        "precipitation": 0.0,
        "cloud_cover": 99,
        "wind_speed_10m": 1.78,
        "last_updated": "2026-10-10T21:01:13Z"
      }
    },
    {
      "type": "Feature",
      "geometry": {
        "type": "Point",
        "coordinates": [
          6.3696,
          49.0742
        ]
      },
      "properties": {
        "temperature_2m": 10.8,
        "precipitation": 0.0,
        "cloud_cover": 100,
        "wind_speed_10m": 2.72,
        "last_updated": "2026-10-10T21:01:13Z"
      }
    },
    {
      "type": "Feature",
      "geometry": {
        "type": "Point",
        "coordinates": [
          6.6116,
          49.0876
        ]
      },
      "properties": {
        "temperature_2m": 9.8,
        "precipitation": 0.0,
        "cloud_cover": 79,
        "wind_speed_10m": 3.86,
        "last_updated": "2026-10-10T21:01:13Z"
      }
    },
    {
      "type": "Feature",
      "geometry": {
        "type": "Point",
        "coordinates": [
          6.8712,
          49.0744
        ]
      },
      "properties": {
        "temperature_2m": 11.2,
        "precipitation": 0.0,
        "cloud_cover": 95,
        "wind_speed_10m": 3.34,
        "last_updated": "2026-10-10T21:01:13Z"
      }
    },
    {
      "type": "Feature",
      "geometry": {
        "type": "Point",
        "coordinates": [
          7.1134,
          49.0869
        ]
      },
      "properties": {
        "temperature_2m": 11.3,
        "precipitation": 0.0,
        "cloud_cover": 100,
        "wind_speed_10m": 2.82,
        "last_updated": "2026-10-10T21:01:13Z"
      }
    },
    {
      "type": "Feature",
      "geometry": {
        "type": "Point",
        "coordinates": [
          7.3729,
          49.0727
        ]
      },
      "properties": {
        "temperature_2m": 10.5,
        "precipitation": 0.0,
        "cloud_cover": 100,
        "wind_speed_10m": 3.47,
        "last_updated": "2026-10-10T21:01:13Z"
      }
    },
    {
      "type": "Feature",
      "geometry": {
        "type": "Point",
        "coordinates": [
          7.6153,
          49.0842
        ]
      },
      "properties": {
        "temperature_2m": 10.5,
        "precipitation": 0.1,
        "cloud_cover": 100,
        "wind_speed_10m": 3.29,
        "last_updated": "2026-10-10T21:01:13Z"
      }
    },
    {
      "type": "Feature",
      "geometry": {
        "type": "Point",
        "coordinates": [
          7.877,
          49.0862
        ]
      },
      "properties": {
        "temperature_2m": 11.0,
        "precipitation": 0.1,
        "cloud_cover": 100,
        "wind_speed_10m": 3.0,
        "last_updated": "2026-10-10T21:01:13Z"
      }
    },
    {
      "type": "Feature",
      "geometry": {
        "type": "Point",
        "coordinates": [
          8.1172,
          49.0797
        ]
      },
      "properties": {
        "temperature_2m": 11.4,
        "precipitation": 0.1,
        "cloud_cover": 100,
        "wind_speed_10m": 2.72,
        "last_updated": "2026-10-10T21:01:13Z"
      }
    },
    {
      "type": "Feature",
      "geometry": {
        "type": "Point",
        "coordinates": [
          8.36,
          49.0899
        ]
      },
      "properties": {
        "temperature_2m": 12.6,
        "precipitation": 0.0,
        "cloud_cover": 100,
        "wind_speed_10m": 2.78,
        "last_updated": "2026-10-10T21:01:13Z"
      }
    },
    {
      "type": "Feature",
      "geometry": {
        "type": "Point",
        "coordinates": [
          8.6192,
          49.0733
        ]
      },
      "properties": {
        "temperature_2m": 10.4,
        "precipitation": 0.0,
        "cloud_cover": 90,
        "wind_speed_10m": 3.47,
        "last_updated": "2026-10-10T21:01:13Z"
      }
    },
    {
      "type": "Feature",
      "geometry": {
        "type": "Point",
        "coordinates": [
          8.8621,
          49.0825
        ]
      },
      "properties": {
        "temperature_2m": 10.8,
        "precipitation": 0.0,
        "cloud_cover": 100,
        "wind_speed_10m": 2.27,
        "last_updated": "2026-10-10T21:01:13Z"
      }
    },
    {
      "type": "Feature",
      "geometry": {
        "type": "Point",
        "coordinates": [
          9.1238,
          49.0821
        ]
      },
      "properties": {
        "temperature_2m": 10.4,
        "precipitation": 0.0,
        "cloud_cover": 94,
        "wind_speed_10m": 2.11,
        "last_updated": "2026-10-10T21:01:13Z"
      }
    },
    {
      "type": "Feature",
      "geometry": {
        "type": "Point",
        "coordinates": [
          9.3641,
          49.0733
        ]
      },
      "properties": {
        "temperature_2m": 8.7,
        "precipitation": 0.0,
        "cloud_cover": 87,
        "wind_speed_10m": 2.02,
        "last_updated": "2026-10-10T21:01:13Z"
      }
    },
    {
      "type": "Feature",
      "geometry": {
        "type": "Point",
        "coordinates": [
          9.6073,
          49.0811
        ]
      },
      "properties": {
        "temperature_2m": 8.4,
        "precipitation": 0.0,
        "cloud_cover": 56,
        "wind_speed_10m": 2.33,
        "last_updated": "2026-10-10T21:01:13Z"
      }
    },
    {
      "type": "Feature",
      "geometry": {
        "type": "Point",
        "coordinates": [
          -5.14,
          49.33
        ]
      },
      "properties": {
        "temperature_2m": 15.1,
        "precipitation": 0.0,
        "cloud_cover": 100,
        "wind_speed_10m": 5.68,
        "last_updated": "2026-10-10T21:01:13Z"
      }
    },
    {
      "type": "Feature",
      "geometry": {
        "type": "Point",
        "coordinates": [
          -4.89,
          49.33
        ]
      },
      "properties": {
        "temperature_2m": 14.9,
        "precipitation": 0.0,
        "cloud_cover": 100,
        "wind_speed_10m": 5.46,
        "last_updated": "2026-10-10T21:01:13Z"
      }
    },
    {
      "type": "Feature",
      "geometry": {
        "type": "Point",
        "coordinates": [
          -4.64,
          49.33
        ]
      },
      "properties": {
        "temperature_2m": 14.9,
        "precipitation": 0.0,
        "cloud_cover": 100,
        "wind_speed_10m": 3.99,
        "last_updated": "2026-10-10T21:01:13Z"
      }
    },
    {
      "type": "Feature",
      "geometry": {
        "type": "Point",
        "coordinates": [
          -4.39,
          49.33
        ]
      },
      "properties": {
        "temperature_2m": 14.9,
        "precipitation": 0.0,
        "cloud_cover": 100,
        "wind_speed_10m": 4.16,
        "last_updated": "2026-10-10T21:01:13Z"
      }
    },
    {
      "type": "Feature",
      "geometry": {
        "type": "Point",
        "coordinates": [
          -4.14,
          49.33
        ]
      },
      "properties": {
        "temperature_2m": 14.8,
        "precipitation": 0.0,
        "cloud_cover": 100,
        "wind_speed_10m": 5.01,
        "last_updated": "2026-10-10T21:01:13Z"
      }
    },
    {
      "type": "Feature",
      "geometry": {
        "type": "Point",
        "coordinates": [
          -3.89,
          49.33
        ]
      },
      "properties": {
        "temperature_2m": 14.9,
        "precipitation": 0.0,
        "cloud_cover": 100,
        "wind_speed_10m": 5.83,
        "last_updated": "2026-10-10T21:01:13Z"
      }
    },
    {
      "type": "Feature",
      "geometry": {
        "type": "Point",
        "coordinates": [
          -3.64,
          49.33
        ]
      },
      "properties": {
        "temperature_2m": 15.0,
        "precipitation": 0.0,
        "cloud_cover": 100,
        "wind_speed_10m": 6.38,
        "last_updated": "2026-10-10T21:01:13Z"
      }
    },
    {
      "type": "Feature",
      "geometry": {
        "type": "Point",
        "coordinates": [
          -3.39,
          49.33
        ]
      },
      "properties": {
        "temperature_2m": 15.1,
        "precipitation": 0.0,
        "cloud_cover": 100,
        "wind_speed_10m": 7.02,
        "last_updated": "2026-10-10T21:01:13Z"
      }
    },
    {
      "type": "Feature",
      "geometry": {
        "type": "Point",
        "coordinates": [
          -3.14,
          49.33
        ]
      },
      "properties": {
        "temperature_2m": 15.3,
        "precipitation": 0.0,
        "cloud_cover": 100,
        "wind_speed_10m": 6.8,
        "last_updated": "2026-10-10T21:01:13Z"
      }
    },
    {
      "type": "Feature",
      "geometry": {
        "type": "Point",
        "coordinates": [
          -2.89,
          49.33
        ]
      },
      "properties": {
        "temperature_2m": 15.3,
        "precipitation": 0.0,
        "cloud_cover": 100,
        "wind_speed_10m": 7.87,
        "last_updated": "2026-10-10T21:01:13Z"
      }
    },
    {
      "type": "Feature",
      "geometry": {
        "type": "Point",
        "coordinates": [
          -2.64,
          49.33
        ]
      },
      "properties": {
        "temperature_2m": 15.6,
        "precipitation": 0.0,
        "cloud_cover": 100,
        "wind_speed_10m": 8.64,
        "last_updated": "2026-10-10T21:01:13Z"
      }
    },
    {
      "type": "Feature",
      "geometry": {
        "type": "Point",
        "coordinates": [
          -2.39,
          49.33
        ]
      },
      "properties": {
        "temperature_2m": 15.5,
        "precipitation": 0.0,
        "cloud_cover": 100,
        "wind_speed_10m": 7.34,
        "last_updated": "2026-10-10T21:01:13Z"
      }
    },
    {
      "type": "Feature",
      "geometry": {
        "type": "Point",
        "coordinates": [
          -2.14,
          49.33
        ]
      },
      "properties": {
        "temperature_2m": 15.2,
        "precipitation": 0.0,
        "cloud_cover": 100,
        "wind_speed_10m": 7.35,
        "last_updated": "2026-10-10T21:01:13Z"
      }
    },
    {
      "type": "Feature",
      "geometry": {
        "type": "Point",
        "coordinates": [
          -1.89,
          49.33
        ]
      },
      "properties": {
        "temperature_2m": 15.5,
        "precipitation": 0.0,
        "cloud_cover": 100,
        "wind_speed_10m": 8.17,
        "last_updated": "2026-10-10T21:01:13Z"
      }
    },
    {
      "type": "Feature",
      "geometry": {
        "type": "Point",
        "coordinates": [
          -1.6086,
          49.3487
        ]
      },
      "properties": {
        "temperature_2m": 13.0,
        "precipitation": 0.0,
        "cloud_cover": 83,
        "wind_speed_10m": 3.04,
        "last_updated": "2026-10-10T21:01:13Z"
      }
    },
    {
      "type": "Feature",
      "geometry": {
        "type": "Point",
        "coordinates": [
          -1.3894,
          49.3177
        ]
      },
      "properties": {
        "temperature_2m": 12.3,
        "precipitation": 0.0,
        "cloud_cover": 94,
        "wind_speed_10m": 2.14,
        "last_updated": "2026-10-10T21:01:13Z"
      }
    },
    {
      "type": "Feature",
      "geometry": {
        "type": "Point",
        "coordinates": [
          -1.1497,
          49.3277
        ]
      },
      "properties": {
        "temperature_2m": 11.0,
        "precipitation": 0.0,
        "cloud_cover": 98,
        "wind_speed_10m": 2.67,
        "last_updated": "2026-10-10T21:01:13Z"
      }
    },
    {
      "type": "Feature",
      "geometry": {
        "type": "Point",
        "coordinates": [
          -0.8879,
          49.3294
        ]
      },
      "properties": {
        "temperature_2m": 10.1,
        "precipitation": 0.0,
        "cloud_cover": 98,
        "wind_speed_10m": 2.25,
        "last_updated": "2026-10-10T21:01:13Z"
      }
    },
    {
      "type": "Feature",
      "geometry": {
        "type": "Point",
        "coordinates": [
          -0.6261,
          49.3306
        ]
      },
      "properties": {
        "temperature_2m": 10.6,
        "precipitation": 0.0,
        "cloud_cover": 94,
        "wind_speed_10m": 4.4,
        "last_updated": "2026-10-10T21:01:13Z"
      }
    },
    {
      "type": "Feature",
      "geometry": {
        "type": "Point",
        "coordinates": [
          -0.3861,
          49.3232
        ]
      },
      "properties": {
        "temperature_2m": 11.3,
        "precipitation": 0.0,
        "cloud_cover": 97,
        "wind_speed_10m": 5.28,
        "last_updated": "2026-10-10T21:01:13Z"
      }
    },
    {
      "type": "Feature",
      "geometry": {
        "type": "Point",
        "coordinates": [
          -0.1461,
          49.3314
        ]
      },
      "properties": {
        "temperature_2m": 14.2,
        "precipitation": 0.0,
        "cloud_cover": 87,
        "wind_speed_10m": 8.74,
        "last_updated": "2026-10-10T21:01:13Z"
      }
    },
    {
      "type": "Feature",
      "geometry": {
        "type": "Point",
        "coordinates": [
          0.1157,
          49.3312
        ]
      },
      "properties": {
        "temperature_2m": 11.4,
        "precipitation": 0.0,
        "cloud_cover": 63,
        "wind_speed_10m": 3.62,
        "last_updated": "2026-10-10T21:01:13Z"
      }
    },
    {
      "type": "Feature",
      "geometry": {
        "type": "Point",
        "coordinates": [
          0.3555,
          49.3226
        ]
      },
      "properties": {
        "temperature_2m": 10.3,
        "precipitation": 0.0,
        "cloud_cover": 57,
        "wind_speed_10m": 4.88,
        "last_updated": "2026-10-10T21:01:13Z"
      }
    },
    {
      "type": "Feature",
      "geometry": {
        "type": "Point",
        "coordinates": [
          0.5957,
          49.3295
        ]
      },
      "properties": {
        "temperature_2m": 12.1,
        "precipitation": 0.1,
        "cloud_cover": 100,
        "wind_speed_10m": 4.31,
        "last_updated": "2026-10-10T21:01:13Z"
      }
    },
    {
      "type": "Feature",
      "geometry": {
        "type": "Point",
        "coordinates": [
          0.8575,
          49.3278
        ]
      },
      "properties": {
        "temperature_2m": 11.2,
        "precipitation": 0.0,
        "cloud_cover": 80,
        "wind_speed_10m": 3.83,
        "last_updated": "2026-10-10T21:01:13Z"
      }
    },
    {
      "type": "Feature",
      "geometry": {
        "type": "Point",
        "coordinates": [
          1.1193,
          49.3257
        ]
      },
      "properties": {
        "temperature_2m": 12.1,
        "precipitation": 0.0,
        "cloud_cover": 89,
        "wind_speed_10m": 3.45,
        "last_updated": "2026-10-10T21:01:13Z"
      }
    },
    {
      "type": "Feature",
      "geometry": {
        "type": "Point",
        "coordinates": [
          1.3587,
          49.3153
        ]
      },
      "properties": {
        "temperature_2m": 11.0,
        "precipitation": 0.0,
        "cloud_cover": 77,
        "wind_speed_10m": 3.7,
        "last_updated": "2026-10-10T21:01:13Z"
      }
    },
    {
      "type": "Feature",
      "geometry": {
        "type": "Point",
        "coordinates": [
          1.5996,
          49.3377
        ]
      },
      "properties": {
        "temperature_2m": 10.9,
        "precipitation": 0.0,
        "cloud_cover": 95,
        "wind_speed_10m": 3.29,
        "last_updated": "2026-10-10T21:01:13Z"
      }
    },
    {
      "type": "Feature",
      "geometry": {
        "type": "Point",
        "coordinates": [
          1.8614,
          49.3341
        ]
      },
      "properties": {
        "temperature_2m": 10.5,
        "precipitation": 0.0,
        "cloud_cover": 81,
        "wind_speed_10m": 2.52,
        "last_updated": "2026-10-10T21:01:13Z"
      }
    },
    {
      "type": "Feature",
      "geometry": {
        "type": "Point",
        "coordinates": [
          2.1231,
          49.33
        ]
      },
      "properties": {
        "temperature_2m": 10.8,
        "precipitation": 0.0,
        "cloud_cover": 99,
        "wind_speed_10m": 5.52,
        "last_updated": "2026-10-10T21:01:13Z"
      }
    },
    {
      "type": "Feature",
      "geometry": {
        "type": "Point",
        "coordinates": [
          2.3638,
          49.3338
        ]
      },
      "properties": {
        "temperature_2m": 11.0,
        "precipitation": 0.0,
        "cloud_cover": 100,
        "wind_speed_10m": 2.39,
        "last_updated": "2026-10-10T21:01:13Z"
      }
    },
    {
      "type": "Feature",
      "geometry": {
        "type": "Point",
        "coordinates": [
          2.6028,
          49.3212
        ]
      },
      "properties": {
        "temperature_2m": 10.8,
        "precipitation": 0.0,
        "cloud_cover": 87,
        "wind_speed_10m": 2.91,
        "last_updated": "2026-10-10T21:01:13Z"
      }
    },
    {
      "type": "Feature",
      "geometry": {
        "type": "Point",
        "coordinates": [
          2.8436,
          49.3241
        ]
      },
      "properties": {
        "temperature_2m": 10.7,
        "precipitation": 0.0,
        "cloud_cover": 100,
        "wind_speed_10m": 2.97,
        "last_updated": "2026-10-10T21:01:13Z"
      }
    },
    {
      "type": "Feature",
      "geometry": {
        "type": "Point",
        "coordinates": [
          3.1061,
          49.3354
        ]
      },
      "properties": {
        "temperature_2m": 10.4,
        "precipitation": 0.0,
        "cloud_cover": 76,
        "wind_speed_10m": 3.54,
        "last_updated": "2026-10-10T21:01:13Z"
      }
    },
    {
      "type": "Feature",
      "geometry": {
        "type": "Point",
        "coordinates": [
          3.3677,
          49.3289
        ]
      },
      "properties": {
        "temperature_2m": 11.1,
        "precipitation": 0.0,
        "cloud_cover": 71,
        "wind_speed_10m": 3.85,
        "last_updated": "2026-10-10T21:01:13Z"
      }
    },
    {
      "type": "Feature",
      "geometry": {
        "type": "Point",
        "coordinates": [
          3.6087,
          49.3305
        ]
      },
      "properties": {
        "temperature_2m": 10.7,
        "precipitation": 0.0,
        "cloud_cover": 100,
        "wind_speed_10m": 2.73,
        "last_updated": "2026-10-10T21:01:13Z"
      }
    },
    {
      "type": "Feature",
      "geometry": {
        "type": "Point",
        "coordinates": [
          3.8703,
          49.323
        ]
      },
      "properties": {
        "temperature_2m": 9.8,
        "precipitation": 0.0,
        "cloud_cover": 100,
        "wind_speed_10m": 3.42,
        "last_updated": "2026-10-10T21:01:13Z"
      }
    },
    {
      "type": "Feature",
      "geometry": {
        "type": "Point",
        "coordinates": [
          4.1126,
          49.3409
        ]
      },
      "properties": {
        "temperature_2m": 10.4,
        "precipitation": 0.0,
        "cloud_cover": 71,
        "wind_speed_10m": 3.81,
        "last_updated": "2026-10-10T21:01:13Z"
      }
    },
    {
      "type": "Feature",
      "geometry": {
        "type": "Point",
        "coordinates": [
          4.3509,
          49.3252
        ]
      },
      "properties": {
        "temperature_2m": 10.5,
        "precipitation": 0.0,
        "cloud_cover": 100,
        "wind_speed_10m": 3.77,
        "last_updated": "2026-10-10T21:01:13Z"
      }
    },
    {
      "type": "Feature",
      "geometry": {
        "type": "Point",
        "coordinates": [
          4.5921,
          49.325
        ]
      },
      "properties": {
        "temperature_2m": 10.3,
        "precipitation": 0.0,
        "cloud_cover": 100,
        "wind_speed_10m": 4.18,
        "last_updated": "2026-10-10T21:01:13Z"
      }
    },
    {
      "type": "Feature",
      "geometry": {
        "type": "Point",
        "coordinates": [
          4.8549,
          49.3329
        ]
      },
      "properties": {
        "temperature_2m": 10.2,
        "precipitation": 0.0,
        "cloud_cover": 96,
        "wind_speed_10m": 3.01,
        "last_updated": "2026-10-10T21:01:13Z"
      }
    },
    {
      "type": "Feature",
      "geometry": {
        "type": "Point",
        "coordinates": [
          5.1163,
          49.323
        ]
      },
      "properties": {
        "temperature_2m": 9.3,
        "precipitation": 0.0,
        "cloud_cover": 84,
        "wind_speed_10m": 3.42,
        "last_updated": "2026-10-10T21:01:13Z"
      }
    },
    {
      "type": "Feature",
      "geometry": {
        "type": "Point",
        "coordinates": [
          5.3576,
          49.3215
        ]
      },
      "properties": {
        "temperature_2m": 9.6,
        "precipitation": 0.0,
        "cloud_cover": 34,
        "wind_speed_10m": 3.96,
        "last_updated": "2026-10-10T21:01:13Z"
      }
    },
    {
      "type": "Feature",
      "geometry": {
        "type": "Point",
        "coordinates": [
          5.6205,
          49.3278
        ]
      },
      "properties": {
        "temperature_2m": 10.4,
        "precipitation": 0.0,
        "cloud_cover": 71,
        "wind_speed_10m": 3.7,
        "last_updated": "2026-10-10T21:01:13Z"
      }
    },
    {
      "type": "Feature",
      "geometry": {
        "type": "Point",
        "coordinates": [
          5.8619,
          49.3254
        ]
      },
      "properties": {
        "temperature_2m": 9.7,
        "precipitation": 0.0,
        "cloud_cover": 100,
        "wind_speed_10m": 3.48,
        "last_updated": "2026-10-10T21:01:13Z"
      }
    },
    {
      "type": "Feature",
      "geometry": {
        "type": "Point",
        "coordinates": [
          6.1249,
          49.3307
        ]
      },
      "properties": {
        "temperature_2m": 11.4,
        "precipitation": 0.0,
        "cloud_cover": 100,
        "wind_speed_10m": 2.33,
        "last_updated": "2026-10-10T21:01:13Z"
      }
    },
    {
      "type": "Feature",
      "geometry": {
        "type": "Point",
        "coordinates": [
          6.3664,
          49.3274
        ]
      },
      "properties": {
        "temperature_2m": 10.6,
        "precipitation": 0.0,
        "cloud_cover": 100,
        "wind_speed_10m": 3.07,
        "last_updated": "2026-10-10T21:01:13Z"
      }
    },
    {
      "type": "Feature",
      "geometry": {
        "type": "Point",
        "coordinates": [
          6.6099,
          49.3407
        ]
      },
      "properties": {
        "temperature_2m": 10.5,
        "precipitation": 0.0,
        "cloud_cover": 100,
        "wind_speed_10m": 3.42,
        "last_updated": "2026-10-10T21:01:13Z"
      }
    },
    {
      "type": "Feature",
      "geometry": {
        "type": "Point",
        "coordinates": [
          6.871,
          49.3274
        ]
      },
      "properties": {
        "temperature_2m": 10.7,
        "precipitation": 0.0,
        "cloud_cover": 75,
        "wind_speed_10m": 2.82,
        "last_updated": "2026-10-10T21:01:13Z"
      }
    },
    {
      "type": "Feature",
      "geometry": {
        "type": "Point",
        "coordinates": [
          7.1148,
          49.3399
        ]
      },
      "properties": {
        "temperature_2m": 10.1,
        "precipitation": 0.0,
        "cloud_cover": 80,
        "wind_speed_10m": 2.98,
        "last_updated": "2026-10-10T21:01:13Z"
      }
    },
    {
      "type": "Feature",
      "geometry": {
        "type": "Point",
        "coordinates": [
          7.3758,
          49.3256
        ]
      },
      "properties": {
        "temperature_2m": 10.7,
        "precipitation": 0.0,
        "cloud_cover": 83,
        "wind_speed_10m": 2.51,
        "last_updated": "2026-10-10T21:01:13Z"
      }
    },
    {
      "type": "Feature",
      "geometry": {
        "type": "Point",
        "coordinates": [
          7.5955,
          49.3305
        ]
      },
      "properties": {
        "temperature_2m": 9.6,
        "precipitation": 0.0,
        "cloud_cover": 100,
        "wind_speed_10m": 2.69,
        "last_updated": "2026-10-10T21:01:13Z"
      }
    },
    {
      "type": "Feature",
      "geometry": {
        "type": "Point",
        "coordinates": [
          7.8563,
          49.3153
        ]
      },
      "properties": {
        "temperature_2m": 8.5,
        "precipitation": 0.1,
        "cloud_cover": 98,
        "wind_speed_10m": 3.57,
        "last_updated": "2026-10-10T21:01:13Z"
      }
    },
    {
      "type": "Feature",
      "geometry": {
        "type": "Point",
        "coordinates": [
          8.1003,
          49.3259
        ]
      },
      "properties": {
        "temperature_2m": 9.7,
        "precipitation": 0.0,
        "cloud_cover": 100,
        "wind_speed_10m": 3.37,
        "last_updated": "2026-10-10T21:01:13Z"
      }
    },
    {
      "type": "Feature",
      "geometry": {
        "type": "Point",
        "coordinates": [
          8.3445,
          49.336
        ]
      },
      "properties": {
        "temperature_2m": 11.5,
        "precipitation": 0.0,
        "cloud_cover": 100,
        "wind_speed_10m": 2.76,
        "last_updated": "2026-10-10T21:01:13Z"
      }
    },
    {
      "type": "Feature",
      "geometry": {
        "type": "Point",
        "coordinates": [
          8.6051,
          49.3193
        ]
      },
      "properties": {
        "temperature_2m": 11.5,
        "precipitation": 0.0,
        "cloud_cover": 100,
        "wind_speed_10m": 2.47,
        "last_updated": "2026-10-10T21:01:13Z"
      }
    },
    {
      "type": "Feature",
      "geometry": {
        "type": "Point",
        "coordinates": [
          8.8495,
          49.3286
        ]
      },
      "properties": {
        "temperature_2m": 9.8,
        "precipitation": 0.0,
        "cloud_cover": 89,
        "wind_speed_10m": 1.63,
        "last_updated": "2026-10-10T21:01:13Z"
      }
    },
    {
      "type": "Feature",
      "geometry": {
        "type": "Point",
        "coordinates": [
          9.0939,
          49.3373
        ]
      },
      "properties": {
        "temperature_2m": 10.9,
        "precipitation": 0.0,
        "cloud_cover": 100,
        "wind_speed_10m": 2.0,
        "last_updated": "2026-10-10T21:01:13Z"
      }
    },
    {
      "type": "Feature",
      "geometry": {
        "type": "Point",
        "coordinates": [
          9.3544,
          49.3192
        ]
      },
      "properties": {
        "temperature_2m": 9.4,
        "precipitation": 0.0,
        "cloud_cover": 92,
        "wind_speed_10m": 2.28,
        "last_updated": "2026-10-10T21:01:13Z"
      }
    },
    {
      "type": "Feature",
      "geometry": {
        "type": "Point",
        "coordinates": [
          9.599,
          49.327
        ]
      },
      "properties": {
        "temperature_2m": 8.5,
        "precipitation": 0.0,
        "cloud_cover": 96,
        "wind_speed_10m": 2.08,
        "last_updated": "2026-10-10T21:01:13Z"
      }
    },
    {
      "type": "Feature",
      "geometry": {
        "type": "Point",
        "coordinates": [
          -5.14,
          49.58
        ]
      },
      "properties": {
        "temperature_2m": 14.9,
        "precipitation": 0.0,
        "cloud_cover": 100,
        "wind_speed_10m": 6.11,
        "last_updated": "2026-10-10T21:01:13Z"
      }
    },
    {
      "type": "Feature",
      "geometry": {
        "type": "Point",
        "coordinates": [
          -4.89,
          49.58
        ]
      },
      "properties": {
        "temperature_2m": 14.9,
        "precipitation": 0.0,
        "cloud_cover": 100,
        "wind_speed_10m": 6.06,
        "last_updated": "2026-10-10T21:01:13Z"
      }
    },
    {
      "type": "Feature",
      "geometry": {
        "type": "Point",
        "coordinates": [
          -4.64,
          49.58
        ]
      },
      "properties": {
        "temperature_2m": 14.9,
        "precipitation": 0.0,
        "cloud_cover": 100,
        "wind_speed_10m": 5.41,
        "last_updated": "2026-10-10T21:01:13Z"
      }
    },
    {
      "type": "Feature",
      "geometry": {
        "type": "Point",
        "coordinates": [
          -4.39,
          49.58
        ]
      },
      "properties": {
        "temperature_2m": 14.9,
        "precipitation": 0.0,
        "cloud_cover": 100,
        "wind_speed_10m": 4.3,
        "last_updated": "2026-10-10T21:01:13Z"
      }
    },
    {
      "type": "Feature",
      "geometry": {
        "type": "Point",
        "coordinates": [
          -4.14,
          49.58
        ]
      },
      "properties": {
        "temperature_2m": 14.8,
        "precipitation": 0.0,
        "cloud_cover": 100,
        "wind_speed_10m": 5.66,
        "last_updated": "2026-10-10T21:01:13Z"
      }
    },
    {
      "type": "Feature",
      "geometry": {
        "type": "Point",
        "coordinates": [
          -3.89,
          49.58
        ]
      },
      "properties": {
        "temperature_2m": 14.8,
        "precipitation": 0.0,
        "cloud_cover": 100,
        "wind_speed_10m": 6.26,
        "last_updated": "2026-10-10T21:01:13Z"
      }
    },
    {
      "type": "Feature",
      "geometry": {
        "type": "Point",
        "coordinates": [
          -3.64,
          49.58
        ]
      },
      "properties": {
        "temperature_2m": 15.0,
        "precipitation": 0.0,
        "cloud_cover": 100,
        "wind_speed_10m": 7.26,
        "last_updated": "2026-10-10T21:01:13Z"
      }
    },
    {
      "type": "Feature",
      "geometry": {
        "type": "Point",
        "coordinates": [
          -3.39,
          49.58
        ]
      },
      "properties": {
        "temperature_2m": 15.1,
        "precipitation": 0.0,
        "cloud_cover": 100,
        "wind_speed_10m": 7.52,
        "last_updated": "2026-10-10T21:01:13Z"
      }
    },
    {
      "type": "Feature",
      "geometry": {
        "type": "Point",
        "coordinates": [
          -3.14,
          49.58
        ]
      },
      "properties": {
        "temperature_2m": 15.2,
        "precipitation": 0.0,
        "cloud_cover": 100,
        "wind_speed_10m": 8.1,
        "last_updated": "2026-10-10T21:01:13Z"
      }
    },
    {
      "type": "Feature",
      "geometry": {
        "type": "Point",
        "coordinates": [
          -2.89,
          49.58
        ]
      },
      "properties": {
        "temperature_2m": 15.3,
        "precipitation": 0.0,
        "cloud_cover": 100,
        "wind_speed_10m": 8.19,
        "last_updated": "2026-10-10T21:01:13Z"
      }
    },
    {
      "type": "Feature",
      "geometry": {
        "type": "Point",
        "coordinates": [
          -2.64,
          49.58
        ]
      },
      "properties": {
        "temperature_2m": 15.5,
        "precipitation": 0.0,
        "cloud_cover": 100,
        "wind_speed_10m": 8.52,
        "last_updated": "2026-10-10T21:01:13Z"
      }
    },
    {
      "type": "Feature",
      "geometry": {
        "type": "Point",
        "coordinates": [
          -2.39,
          49.58
        ]
      },
      "properties": {
        "temperature_2m": 15.6,
        "precipitation": 0.0,
        "cloud_cover": 100,
        "wind_speed_10m": 8.9,
        "last_updated": "2026-10-10T21:01:13Z"
      }
    },
    {
      "type": "Feature",
      "geometry": {
        "type": "Point",
        "coordinates": [
          -2.14,
          49.58
        ]
      },
      "properties": {
        "temperature_2m": 15.7,
        "precipitation": 0.0,
        "cloud_cover": 100,
        "wind_speed_10m": 8.99,
        "last_updated": "2026-10-10T21:01:13Z"
      }
    },
    {
      "type": "Feature",
      "geometry": {
        "type": "Point",
        "coordinates": [
          -1.89,
          49.58
        ]
      },
      "properties": {
        "temperature_2m": 15.7,
        "precipitation": 0.0,
        "cloud_cover": 100,
        "wind_speed_10m": 9.54,
        "last_updated": "2026-10-10T21:01:13Z"
      }
    },
    {
      "type": "Feature",
      "geometry": {
        "type": "Point",
        "coordinates": [
          -1.6379,
          49.5757
        ]
      },
      "properties": {
        "temperature_2m": 12.1,
        "precipitation": 0.0,
        "cloud_cover": 100,
        "wind_speed_10m": 3.49,
        "last_updated": "2026-10-10T21:01:13Z"
      }
    },
    {
      "type": "Feature",
      "geometry": {
        "type": "Point",
        "coordinates": [
          -1.3745,
          49.5783
        ]
      },
      "properties": {
        "temperature_2m": 11.7,
        "precipitation": 0.0,
        "cloud_cover": 100,
        "wind_speed_10m": 2.42,
        "last_updated": "2026-10-10T21:01:13Z"
      }
    },
    {
      "type": "Feature",
      "geometry": {
        "type": "Point",
        "coordinates": [
          -1.1329,
          49.5723
        ]
      },
      "properties": {
        "temperature_2m": 14.9,
        "precipitation": 0.0,
        "cloud_cover": 100,
        "wind_speed_10m": 6.21,
        "last_updated": "2026-10-10T21:01:13Z"
      }
    },
    {
      "type": "Feature",
      "geometry": {
        "type": "Point",
        "coordinates": [
          -0.8916,
          49.5819
        ]
      },
      "properties": {
        "temperature_2m": 15.9,
        "precipitation": 0.0,
        "cloud_cover": 100,
        "wind_speed_10m": 9.56,
        "last_updated": "2026-10-10T21:01:13Z"
      }
    },
    {
      "type": "Feature",
      "geometry": {
        "type": "Point",
        "coordinates": [
          -0.6282,
          49.5831
        ]
      },
      "properties": {
        "temperature_2m": 16.0,
        "precipitation": 0.0,
        "cloud_cover": 95,
        "wind_speed_10m": 10.43,
        "last_updated": "2026-10-10T21:01:13Z"
      }
    },
    {
      "type": "Feature",
      "geometry": {
        "type": "Point",
        "coordinates": [
          -0.3868,
          49.5758
        ]
      },
      "properties": {
        "temperature_2m": 16.1,
        "precipitation": 0.0,
        "cloud_cover": 90,
        "wind_speed_10m": 10.44,
        "last_updated": "2026-10-10T21:01:13Z"
      }
    },
    {
      "type": "Feature",
      "geometry": {
        "type": "Point",
        "coordinates": [
          -0.1453,
          49.584
        ]
      },
      "properties": {
        "temperature_2m": 16.1,
        "precipitation": 0.0,
        "cloud_cover": 87,
        "wind_speed_10m": 10.2,
        "last_updated": "2026-10-10T21:01:13Z"
      }
    },
    {
      "type": "Feature",
      "geometry": {
        "type": "Point",
        "coordinates": [
          0.1181,
          49.5838
        ]
      },
      "properties": {
        "temperature_2m": 14.8,
        "precipitation": 0.0,
        "cloud_cover": 86,
        "wind_speed_10m": 8.23,
        "last_updated": "2026-10-10T21:01:13Z"
      }
    },
    {
      "type": "Feature",
      "geometry": {
        "type": "Point",
        "coordinates": [
          0.3594,
          49.5751
        ]
      },
      "properties": {
        "temperature_2m": 13.8,
        "precipitation": 0.0,
        "cloud_cover": 100,
        "wind_speed_10m": 4.41,
        "last_updated": "2026-10-10T21:01:13Z"
      }
    },
    {
      "type": "Feature",
      "geometry": {
        "type": "Point",
        "coordinates": [
          0.6011,
          49.582
        ]
      },
      "properties": {
        "temperature_2m": 12.4,
        "precipitation": 0.0,
        "cloud_cover": 100,
        "wind_speed_10m": 3.11,
        "last_updated": "2026-10-10T21:01:13Z"
      }
    },
    {
      "type": "Feature",
      "geometry": {
        "type": "Point",
        "coordinates": [
          0.8645,
          49.5804
        ]
      },
      "properties": {
        "temperature_2m": 12.0,
        "precipitation": 0.0,
        "cloud_cover": 81,
        "wind_speed_10m": 2.41,
        "last_updated": "2026-10-10T21:01:13Z"
      }
    },
    {
      "type": "Feature",
      "geometry": {
        "type": "Point",
        "coordinates": [
          1.1054,
          49.5704
        ]
      },
      "properties": {
        "temperature_2m": 10.8,
        "precipitation": 0.0,
        "cloud_cover": 87,
        "wind_speed_10m": 2.51,
        "last_updated": "2026-10-10T21:01:13Z"
      }
    },
    {
      "type": "Feature",
      "geometry": {
        "type": "Point",
        "coordinates": [
          1.3473,
          49.576
        ]
      },
      "properties": {
        "temperature_2m": 10.9,
        "precipitation": 0.0,
        "cloud_cover": 58,
        "wind_speed_10m": 2.79,
        "last_updated": "2026-10-10T21:01:13Z"
      }
    },
    {
      "type": "Feature",
      "geometry": {
        "type": "Point",
        "coordinates": [
          1.6106,
          49.5729
        ]
      },
      "properties": {
        "temperature_2m": 11.1,
        "precipitation": 0.0,
        "cloud_cover": 92,
        "wind_speed_10m": 3.45,
        "last_updated": "2026-10-10T21:01:13Z"
      }
    },
    {
      "type": "Feature",
      "geometry": {
        "type": "Point",
        "coordinates": [
          1.8745,
          49.5865
        ]
      },
      "properties": {
        "temperature_2m": 10.5,
        "precipitation": 0.0,
        "cloud_cover": 72,
        "wind_speed_10m": 3.4,
        "last_updated": "2026-10-10T21:01:13Z"
      }
    },
    {
      "type": "Feature",
      "geometry": {
        "type": "Point",
        "coordinates": [
          2.0939,
          49.5831
        ]
      },
      "properties": {
        "temperature_2m": 10.3,
        "precipitation": 0.0,
        "cloud_cover": 83,
        "wind_speed_10m": 3.14,
        "last_updated": "2026-10-10T21:01:13Z"
      }
    },
    {
      "type": "Feature",
      "geometry": {
        "type": "Point",
        "coordinates": [
          2.349,
          49.576
        ]
      },
      "properties": {
        "temperature_2m": 9.9,
        "precipitation": 0.0,
        "cloud_cover": 100,
        "wind_speed_10m": 4.5,
        "last_updated": "2026-10-10T21:01:13Z"
      }
    },
    {
      "type": "Feature",
      "geometry": {
        "type": "Point",
        "coordinates": [
          2.61,
          49.576
        ]
      },
      "properties": {
        "temperature_2m": 10.4,
        "precipitation": 0.0,
        "cloud_cover": 100,
        "wind_speed_10m": 4.5,
        "last_updated": "2026-10-10T21:01:13Z"
      }
    },
    {
      "type": "Feature",
      "geometry": {
        "type": "Point",
        "coordinates": [
          2.871,
          49.576
        ]
      },
      "properties": {
        "temperature_2m": 10.8,
        "precipitation": 0.0,
        "cloud_cover": 99,
        "wind_speed_10m": 4.5,
        "last_updated": "2026-10-10T21:01:13Z"
      }
    },
    {
      "type": "Feature",
      "geometry": {
        "type": "Point",
        "coordinates": [
          3.103,
          49.576
        ]
      },
      "properties": {
        "temperature_2m": 10.8,
        "precipitation": 0.1,
        "cloud_cover": 0,
        "wind_speed_10m": 3.7,
        "last_updated": "2026-10-10T21:01:13Z"
      }
    },
    {
      "type": "Feature",
      "geometry": {
        "type": "Point",
        "coordinates": [
          3.364,
          49.576
        ]
      },
      "properties": {
        "temperature_2m": 9.9,
        "precipitation": 0.0,
        "cloud_cover": 5,
        "wind_speed_10m": 3.6,
        "last_updated": "2026-10-10T21:01:13Z"
      }
    },
    {
      "type": "Feature",
      "geometry": {
        "type": "Point",
        "coordinates": [
          3.596,
          49.576
        ]
      },
      "properties": {
        "temperature_2m": 10.7,
        "precipitation": 0.0,
        "cloud_cover": 81,
        "wind_speed_10m": 4.2,
        "last_updated": "2026-10-10T21:01:13Z"
      }
    },
    {
      "type": "Feature",
      "geometry": {
        "type": "Point",
        "coordinates": [
          3.857,
          49.576
        ]
      },
      "properties": {
        "temperature_2m": 10.4,
        "precipitation": 0.0,
        "cloud_cover": 100,
        "wind_speed_10m": 3.6,
        "last_updated": "2026-10-10T21:01:13Z"
      }
    },
    {
      "type": "Feature",
      "geometry": {
        "type": "Point",
        "coordinates": [
          4.118,
          49.576
        ]
      },
      "properties": {
        "temperature_2m": 9.9,
        "precipitation": 0.0,
        "cloud_cover": 0,
        "wind_speed_10m": 4.0,
        "last_updated": "2026-10-10T21:01:13Z"
      }
    },
    {
      "type": "Feature",
      "geometry": {
        "type": "Point",
        "coordinates": [
          4.35,
          49.576
        ]
      },
      "properties": {
        "temperature_2m": 9.5,
        "precipitation": 0.0,
        "cloud_cover": 0,
        "wind_speed_10m": 3.0,
        "last_updated": "2026-10-10T21:01:13Z"
      }
    },
    {
      "type": "Feature",
      "geometry": {
        "type": "Point",
        "coordinates": [
          4.611,
          49.576
        ]
      },
      "properties": {
        "temperature_2m": 9.3,
        "precipitation": 0.1,
        "cloud_cover": 10,
        "wind_speed_10m": 2.8,
        "last_updated": "2026-10-10T21:01:13Z"
      }
    },
    {
      "type": "Feature",
      "geometry": {
        "type": "Point",
        "coordinates": [
          4.872,
          49.576
        ]
      },
      "properties": {
        "temperature_2m": 9.2,
        "precipitation": 0.1,
        "cloud_cover": 74,
        "wind_speed_10m": 2.3,
        "last_updated": "2026-10-10T21:01:13Z"
      }
    },
    {
      "type": "Feature",
      "geometry": {
        "type": "Point",
        "coordinates": [
          5.104,
          49.576
        ]
      },
      "properties": {
        "temperature_2m": 9.5,
        "precipitation": 0.0,
        "cloud_cover": 100,
        "wind_speed_10m": 3.7,
        "last_updated": "2026-10-10T21:01:13Z"
      }
    },
    {
      "type": "Feature",
      "geometry": {
        "type": "Point",
        "coordinates": [
          5.365,
          49.576
        ]
      },
      "properties": {
        "temperature_2m": 9.0,
        "precipitation": 0.0,
        "cloud_cover": 100,
        "wind_speed_10m": 3.8,
        "last_updated": "2026-10-10T21:01:13Z"
      }
    },
    {
      "type": "Feature",
      "geometry": {
        "type": "Point",
        "coordinates": [
          5.597,
          49.576
        ]
      },
      "properties": {
        "temperature_2m": 7.9,
        "precipitation": 0.0,
        "cloud_cover": 100,
        "wind_speed_10m": 1.2,
        "last_updated": "2026-10-10T21:01:13Z"
      }
    },
    {
      "type": "Feature",
      "geometry": {
        "type": "Point",
        "coordinates": [
          5.858,
          49.576
        ]
      },
      "properties": {
        "temperature_2m": 8.0,
        "precipitation": 0.0,
        "cloud_cover": 100,
        "wind_speed_10m": 2.7,
        "last_updated": "2026-10-10T21:01:13Z"
      }
    },
    {
      "type": "Feature",
      "geometry": {
        "type": "Point",
        "coordinates": [
          6.119,
          49.576
        ]
      },
      "properties": {
        "temperature_2m": 9.0,
        "precipitation": 0.0,
        "cloud_cover": 0,
        "wind_speed_10m": 3.1,
        "last_updated": "2026-10-10T21:01:13Z"
      }
    },
    {
      "type": "Feature",
      "geometry": {
        "type": "Point",
        "coordinates": [
          6.351,
          49.576
        ]
      },
      "properties": {
        "temperature_2m": 8.5,
        "precipitation": 0.0,
        "cloud_cover": 0,
        "wind_speed_10m": 1.7,
        "last_updated": "2026-10-10T21:01:13Z"
      }
    },
    {
      "type": "Feature",
      "geometry": {
        "type": "Point",
        "coordinates": [
          6.612,
          49.576
        ]
      },
      "properties": {
        "temperature_2m": 8.4,
        "precipitation": 0.0,
        "cloud_cover": 96,
        "wind_speed_10m": 1.8,
        "last_updated": "2026-10-10T21:01:13Z"
      }
    },
    {
      "type": "Feature",
      "geometry": {
        "type": "Point",
        "coordinates": [
          6.873,
          49.576
        ]
      },
      "properties": {
        "temperature_2m": 8.1,
        "precipitation": 0.0,
        "cloud_cover": 91,
        "wind_speed_10m": 3.4,
        "last_updated": "2026-10-10T21:01:13Z"
      }
    },
    {
      "type": "Feature",
      "geometry": {
        "type": "Point",
        "coordinates": [
          7.105,
          49.576
        ]
      },
      "properties": {
        "temperature_2m": 8.0,
        "precipitation": 0.0,
        "cloud_cover": 1,
        "wind_speed_10m": 3.1,
        "last_updated": "2026-10-10T21:01:13Z"
      }
    },
    {
      "type": "Feature",
      "geometry": {
        "type": "Point",
        "coordinates": [
          7.366,
          49.576
        ]
      },
      "properties": {
        "temperature_2m": 7.7,
        "precipitation": 0.0,
        "cloud_cover": 20,
        "wind_speed_10m": 3.3,
        "last_updated": "2026-10-10T21:01:13Z"
      }
    },
    {
      "type": "Feature",
      "geometry": {
        "type": "Point",
        "coordinates": [
          7.598,
          49.576
        ]
      },
      "properties": {
        "temperature_2m": 10.1,
        "precipitation": 0.0,
        "cloud_cover": 0,
        "wind_speed_10m": 3.0,
        "last_updated": "2026-10-10T21:01:13Z"
      }
    },
    {
      "type": "Feature",
      "geometry": {
        "type": "Point",
        "coordinates": [
          7.8428,
          49.577
        ]
      },
      "properties": {
        "temperature_2m": 10.1,
        "precipitation": 0.0,
        "cloud_cover": 88,
        "wind_speed_10m": 2.38,
        "last_updated": "2026-10-10T21:01:13Z"
      }
    },
    {
      "type": "Feature",
      "geometry": {
        "type": "Point",
        "coordinates": [
          8.1077,
          49.5783
        ]
      },
      "properties": {
        "temperature_2m": 10.4,
        "precipitation": 0.0,
        "cloud_cover": 100,
        "wind_speed_10m": 2.61,
        "last_updated": "2026-10-10T21:01:13Z"
      }
    },
    {
      "type": "Feature",
      "geometry": {
        "type": "Point",
        "coordinates": [
          8.3533,
          49.5884
        ]
      },
      "properties": {
        "temperature_2m": 11.6,
        "precipitation": 0.0,
        "cloud_cover": 100,
        "wind_speed_10m": 1.98,
        "last_updated": "2026-10-10T21:01:13Z"
      }
    },
    {
      "type": "Feature",
      "geometry": {
        "type": "Point",
        "coordinates": [
          8.5965,
          49.5809
        ]
      },
      "properties": {
        "temperature_2m": 11.6,
        "precipitation": 0.0,
        "cloud_cover": 100,
        "wind_speed_10m": 1.94,
        "last_updated": "2026-10-10T21:01:13Z"
      }
    },
    {
      "type": "Feature",
      "geometry": {
        "type": "Point",
        "coordinates": [
          8.8614,
          49.5807
        ]
      },
      "properties": {
        "temperature_2m": 8.9,
        "precipitation": 0.1,
        "cloud_cover": 99,
        "wind_speed_10m": 2.33,
        "last_updated": "2026-10-10T21:01:13Z"
      }
    },
    {
      "type": "Feature",
      "geometry": {
        "type": "Point",
        "coordinates": [
          9.1045,
          49.5723
        ]
      },
      "properties": {
        "temperature_2m": 8.8,
        "precipitation": 0.0,
        "cloud_cover": 100,
        "wind_speed_10m": 2.66,
        "last_updated": "2026-10-10T21:01:13Z"
      }
    },
    {
      "type": "Feature",
      "geometry": {
        "type": "Point",
        "coordinates": [
          9.3506,
          49.5805
        ]
      },
      "properties": {
        "temperature_2m": 9.2,
        "precipitation": 0.0,
        "cloud_cover": 100,
        "wind_speed_10m": 2.25,
        "last_updated": "2026-10-10T21:01:13Z"
      }
    },
    {
      "type": "Feature",
      "geometry": {
        "type": "Point",
        "coordinates": [
          9.6155,
          49.5788
        ]
      },
      "properties": {
        "temperature_2m": 9.2,
        "precipitation": 0.0,
        "cloud_cover": 85,
        "wind_speed_10m": 2.55,
        "last_updated": "2026-10-10T21:01:13Z"
      }
    },
    {
      "type": "Feature",
      "geometry": {
        "type": "Point",
        "coordinates": [
          -5.14,
          49.83
        ]
      },
      "properties": {
        "temperature_2m": 14.9,
        "precipitation": 0.0,
        "cloud_cover": 100,
        "wind_speed_10m": 6.79,
        "last_updated": "2026-10-10T21:01:13Z"
      }
    },
    {
      "type": "Feature",
      "geometry": {
        "type": "Point",
        "coordinates": [
          -4.89,
          49.83
        ]
      },
      "properties": {
        "temperature_2m": 14.8,
        "precipitation": 0.0,
        "cloud_cover": 100,
        "wind_speed_10m": 4.66,
        "last_updated": "2026-10-10T21:01:13Z"
      }
    },
    {
      "type": "Feature",
      "geometry": {
        "type": "Point",
        "coordinates": [
          -4.64,
          49.83
        ]
      },
      "properties": {
        "temperature_2m": 14.6,
        "precipitation": 0.0,
        "cloud_cover": 100,
        "wind_speed_10m": 4.66,
        "last_updated": "2026-10-10T21:01:13Z"
      }
    },
    {
      "type": "Feature",
      "geometry": {
        "type": "Point",
        "coordinates": [
          -4.39,
          49.83
        ]
      },
      "properties": {
        "temperature_2m": 14.7,
        "precipitation": 0.0,
        "cloud_cover": 100,
        "wind_speed_10m": 5.12,
        "last_updated": "2026-10-10T21:01:13Z"
      }
    },
    {
      "type": "Feature",
      "geometry": {
        "type": "Point",
        "coordinates": [
          -4.14,
          49.83
        ]
      },
      "properties": {
        "temperature_2m": 14.7,
        "precipitation": 0.0,
        "cloud_cover": 100,
        "wind_speed_10m": 5.24,
        "last_updated": "2026-10-10T21:01:13Z"
      }
    },
    {
      "type": "Feature",
      "geometry": {
        "type": "Point",
        "coordinates": [
          -3.89,
          49.83
        ]
      },
      "properties": {
        "temperature_2m": 14.8,
        "precipitation": 0.0,
        "cloud_cover": 100,
        "wind_speed_10m": 6.85,
        "last_updated": "2026-10-10T21:01:13Z"
      }
    },
    {
      "type": "Feature",
      "geometry": {
        "type": "Point",
        "coordinates": [
          -3.64,
          49.83
        ]
      },
      "properties": {
        "temperature_2m": 14.9,
        "precipitation": 0.0,
        "cloud_cover": 100,
        "wind_speed_10m": 7.12,
        "last_updated": "2026-10-10T21:01:13Z"
      }
    },
    {
      "type": "Feature",
      "geometry": {
        "type": "Point",
        "coordinates": [
          -3.39,
          49.83
        ]
      },
      "properties": {
        "temperature_2m": 14.9,
        "precipitation": 0.0,
        "cloud_cover": 100,
        "wind_speed_10m": 7.74,
        "last_updated": "2026-10-10T21:01:13Z"
      }
    },
    {
      "type": "Feature",
      "geometry": {
        "type": "Point",
        "coordinates": [
          -3.14,
          49.83
        ]
      },
      "properties": {
        "temperature_2m": 15.0,
        "precipitation": 0.0,
        "cloud_cover": 100,
        "wind_speed_10m": 8.33,
        "last_updated": "2026-10-10T21:01:13Z"
      }
    },
    {
      "type": "Feature",
      "geometry": {
        "type": "Point",
        "coordinates": [
          -2.89,
          49.83
        ]
      },
      "properties": {
        "temperature_2m": 15.1,
        "precipitation": 0.0,
        "cloud_cover": 100,
        "wind_speed_10m": 8.41,
        "last_updated": "2026-10-10T21:01:13Z"
      }
    },
    {
      "type": "Feature",
      "geometry": {
        "type": "Point",
        "coordinates": [
          -2.64,
          49.83
        ]
      },
      "properties": {
        "temperature_2m": 15.2,
        "precipitation": 0.0,
        "cloud_cover": 100,
        "wind_speed_10m": 8.73,
        "last_updated": "2026-10-10T21:01:13Z"
      }
    },
    {
      "type": "Feature",
      "geometry": {
        "type": "Point",
        "coordinates": [
          -2.39,
          49.83
        ]
      },
      "properties": {
        "temperature_2m": 15.3,
        "precipitation": 0.0,
        "cloud_cover": 100,
        "wind_speed_10m": 9.04,
        "last_updated": "2026-10-10T21:01:13Z"
      }
    },
    {
      "type": "Feature",
      "geometry": {
        "type": "Point",
        "coordinates": [
          -2.14,
          49.83
        ]
      },
      "properties": {
        "temperature_2m": 15.5,
        "precipitation": 0.0,
        "cloud_cover": 100,
        "wind_speed_10m": 9.44,
        "last_updated": "2026-10-10T21:01:13Z"
      }
    },
    {
      "type": "Feature",
      "geometry": {
        "type": "Point",
        "coordinates": [
          -1.89,
          49.83
        ]
      },
      "properties": {
        "temperature_2m": 15.6,
        "precipitation": 0.0,
        "cloud_cover": 100,
        "wind_speed_10m": 9.84,
        "last_updated": "2026-10-10T21:01:13Z"
      }
    },
    {
      "type": "Feature",
      "geometry": {
        "type": "Point",
        "coordinates": [
          -1.6463,
          49.8279
        ]
      },
      "properties": {
        "temperature_2m": 15.3,
        "precipitation": 0.0,
        "cloud_cover": 100,
        "wind_speed_10m": 9.4,
        "last_updated": "2026-10-10T21:01:13Z"
      }
    },
    {
      "type": "Feature",
      "geometry": {
        "type": "Point",
        "coordinates": [
          -1.3813,
          49.8306
        ]
      },
      "properties": {
        "temperature_2m": 15.5,
        "precipitation": 0.0,
        "cloud_cover": 100,
        "wind_speed_10m": 9.79,
        "last_updated": "2026-10-10T21:01:13Z"
      }
    },
    {
      "type": "Feature",
      "geometry": {
        "type": "Point",
        "coordinates": [
          -1.1382,
          49.8246
        ]
      },
      "properties": {
        "temperature_2m": 15.5,
        "precipitation": 0.0,
        "cloud_cover": 100,
        "wind_speed_10m": 9.73,
        "last_updated": "2026-10-10T21:01:13Z"
      }
    },
    {
      "type": "Feature",
      "geometry": {
        "type": "Point",
        "coordinates": [
          -0.8955,
          49.8342
        ]
      },
      "properties": {
        "temperature_2m": 15.6,
        "precipitation": 0.0,
        "cloud_cover": 95,
        "wind_speed_10m": 9.54,
        "last_updated": "2026-10-10T21:01:13Z"
      }
    },
    {
      "type": "Feature",
      "geometry": {
        "type": "Point",
        "coordinates": [
          -0.6304,
          49.8354
        ]
      },
      "properties": {
        "temperature_2m": 15.7,
        "precipitation": 0.0,
        "cloud_cover": 77,
        "wind_speed_10m": 9.84,
        "last_updated": "2026-10-10T21:01:13Z"
      }
    },
    {
      "type": "Feature",
      "geometry": {
        "type": "Point",
        "coordinates": [
          -0.3875,
          49.8281
        ]
      },
      "properties": {
        "temperature_2m": 15.7,
        "precipitation": 0.0,
        "cloud_cover": 98,
        "wind_speed_10m": 9.62,
        "last_updated": "2026-10-10T21:01:13Z"
      }
    },
    {
      "type": "Feature",
      "geometry": {
        "type": "Point",
        "coordinates": [
          -0.1445,
          49.8364
        ]
      },
      "properties": {
        "temperature_2m": 15.9,
        "precipitation": 0.0,
        "cloud_cover": 70,
        "wind_speed_10m": 9.78,
        "last_updated": "2026-10-10T21:01:13Z"
      }
    },
    {
      "type": "Feature",
      "geometry": {
        "type": "Point",
        "coordinates": [
          0.0983,
          49.8281
        ]
      },
      "properties": {
        "temperature_2m": 16.1,
        "precipitation": 0.0,
        "cloud_cover": 78,
        "wind_speed_10m": 9.94,
        "last_updated": "2026-10-10T21:01:13Z"
      }
    },
    {
      "type": "Feature",
      "geometry": {
        "type": "Point",
        "coordinates": [
          0.3633,
          49.8274
        ]
      },
      "properties": {
        "temperature_2m": 16.2,
        "precipitation": 0.0,
        "cloud_cover": 70,
        "wind_speed_10m": 9.67,
        "last_updated": "2026-10-10T21:01:13Z"
      }
    },
    {
      "type": "Feature",
      "geometry": {
        "type": "Point",
        "coordinates": [
          0.6064,
          49.8344
        ]
      },
      "properties": {
        "temperature_2m": 14.3,
        "precipitation": 0.0,
        "cloud_cover": 100,
        "wind_speed_10m": 6.11,
        "last_updated": "2026-10-10T21:01:13Z"
      }
    },
    {
      "type": "Feature",
      "geometry": {
        "type": "Point",
        "coordinates": [
          0.8714,
          49.8327
        ]
      },
      "properties": {
        "temperature_2m": 13.7,
        "precipitation": 0.0,
        "cloud_cover": 100,
        "wind_speed_10m": 3.88,
        "last_updated": "2026-10-10T21:01:13Z"
      }
    },
    {
      "type": "Feature",
      "geometry": {
        "type": "Point",
        "coordinates": [
          1.1139,
          49.8226
        ]
      },
      "properties": {
        "temperature_2m": 12.2,
        "precipitation": 0.0,
        "cloud_cover": 100,
        "wind_speed_10m": 2.42,
        "last_updated": "2026-10-10T21:01:13Z"
      }
    },
    {
      "type": "Feature",
      "geometry": {
        "type": "Point",
        "coordinates": [
          1.3572,
          49.8282
        ]
      },
      "properties": {
        "temperature_2m": 11.5,
        "precipitation": 0.0,
        "cloud_cover": 99,
        "wind_speed_10m": 2.2,
        "last_updated": "2026-10-10T21:01:13Z"
      }
    },
    {
      "type": "Feature",
      "geometry": {
        "type": "Point",
        "coordinates": [
          1.6222,
          49.8251
        ]
      },
      "properties": {
        "temperature_2m": 10.6,
        "precipitation": 0.0,
        "cloud_cover": 90,
        "wind_speed_10m": 2.65,
        "last_updated": "2026-10-10T21:01:13Z"
      }
    },
    {
      "type": "Feature",
      "geometry": {
        "type": "Point",
        "coordinates": [
          1.8429,
          49.8221
        ]
      },
      "properties": {
        "temperature_2m": 10.9,
        "precipitation": 0.0,
        "cloud_cover": 87,
        "wind_speed_10m": 3.01,
        "last_updated": "2026-10-10T21:01:13Z"
      }
    },
    {
      "type": "Feature",
      "geometry": {
        "type": "Point",
        "coordinates": [
          2.1085,
          49.8352
        ]
      },
      "properties": {
        "temperature_2m": 11.5,
        "precipitation": 0.0,
        "cloud_cover": 84,
        "wind_speed_10m": 3.77,
        "last_updated": "2026-10-10T21:01:13Z"
      }
    },
    {
      "type": "Feature",
      "geometry": {
        "type": "Point",
        "coordinates": [
          2.349,
          49.828
        ]
      },
      "properties": {
        "temperature_2m": 10.7,
        "precipitation": 0.0,
        "cloud_cover": 98,
        "wind_speed_10m": 4.3,
        "last_updated": "2026-10-10T21:01:13Z"
      }
    },
    {
      "type": "Feature",
      "geometry": {
        "type": "Point",
        "coordinates": [
          2.61,
          49.828
        ]
      },
      "properties": {
        "temperature_2m": 10.4,
        "precipitation": 0.0,
        "cloud_cover": 100,
        "wind_speed_10m": 4.4,
        "last_updated": "2026-10-10T21:01:13Z"
      }
    },
    {
      "type": "Feature",
      "geometry": {
        "type": "Point",
        "coordinates": [
          2.871,
          49.828
        ]
      },
      "properties": {
        "temperature_2m": 10.6,
        "precipitation": 0.0,
        "cloud_cover": 100,
        "wind_speed_10m": 4.8,
        "last_updated": "2026-10-10T21:01:13Z"
      }
    },
    {
      "type": "Feature",
      "geometry": {
        "type": "Point",
        "coordinates": [
          3.103,
          49.828
        ]
      },
      "properties": {
        "temperature_2m": 10.5,
        "precipitation": 0.0,
        "cloud_cover": 6,
        "wind_speed_10m": 4.6,
        "last_updated": "2026-10-10T21:01:13Z"
      }
    },
    {
      "type": "Feature",
      "geometry": {
        "type": "Point",
        "coordinates": [
          3.364,
          49.828
        ]
      },
      "properties": {
        "temperature_2m": 10.2,
        "precipitation": 0.0,
        "cloud_cover": 100,
        "wind_speed_10m": 3.5,
        "last_updated": "2026-10-10T21:01:13Z"
      }
    },
    {
      "type": "Feature",
      "geometry": {
        "type": "Point",
        "coordinates": [
          3.596,
          49.828
        ]
      },
      "properties": {
        "temperature_2m": 10.6,
        "precipitation": 0.0,
        "cloud_cover": 100,
        "wind_speed_10m": 4.9,
        "last_updated": "2026-10-10T21:01:13Z"
      }
    },
    {
      "type": "Feature",
      "geometry": {
        "type": "Point",
        "coordinates": [
          3.857,
          49.828
        ]
      },
      "properties": {
        "temperature_2m": 10.1,
        "precipitation": 0.1,
        "cloud_cover": 100,
        "wind_speed_10m": 3.8,
        "last_updated": "2026-10-10T21:01:13Z"
      }
    },
    {
      "type": "Feature",
      "geometry": {
        "type": "Point",
        "coordinates": [
          4.118,
          49.828
        ]
      },
      "properties": {
        "temperature_2m": 10.2,
        "precipitation": 0.0,
        "cloud_cover": 79,
        "wind_speed_10m": 3.9,
        "last_updated": "2026-10-10T21:01:13Z"
      }
    },
    {
      "type": "Feature",
      "geometry": {
        "type": "Point",
        "coordinates": [
          4.35,
          49.828
        ]
      },
      "properties": {
        "temperature_2m": 9.9,
        "precipitation": 0.0,
        "cloud_cover": 42,
        "wind_speed_10m": 4.0,
        "last_updated": "2026-10-10T21:01:13Z"
      }
    },
    {
      "type": "Feature",
      "geometry": {
        "type": "Point",
        "coordinates": [
          4.611,
          49.828
        ]
      },
      "properties": {
        "temperature_2m": 8.9,
        "precipitation": 0.0,
        "cloud_cover": 100,
        "wind_speed_10m": 2.3,
        "last_updated": "2026-10-10T21:01:13Z"
      }
    },
    {
      "type": "Feature",
      "geometry": {
        "type": "Point",
        "coordinates": [
          4.872,
          49.828
        ]
      },
      "properties": {
        "temperature_2m": 8.8,
        "precipitation": 0.0,
        "cloud_cover": 100,
        "wind_speed_10m": 2.4,
        "last_updated": "2026-10-10T21:01:13Z"
      }
    },
    {
      "type": "Feature",
      "geometry": {
        "type": "Point",
        "coordinates": [
          5.104,
          49.828
        ]
      },
      "properties": {
        "temperature_2m": 8.5,
        "precipitation": 0.0,
        "cloud_cover": 100,
        "wind_speed_10m": 2.4,
        "last_updated": "2026-10-10T21:01:13Z"
      }
    },
    {
      "type": "Feature",
      "geometry": {
        "type": "Point",
        "coordinates": [
          5.365,
          49.828
        ]
      },
      "properties": {
        "temperature_2m": 7.5,
        "precipitation": 0.0,
        "cloud_cover": 100,
        "wind_speed_10m": 2.8,
        "last_updated": "2026-10-10T21:01:13Z"
      }
    },
    {
      "type": "Feature",
      "geometry": {
        "type": "Point",
        "coordinates": [
          5.597,
          49.828
        ]
      },
      "properties": {
        "temperature_2m": 7.4,
        "precipitation": 0.0,
        "cloud_cover": 100,
        "wind_speed_10m": 2.6,
        "last_updated": "2026-10-10T21:01:13Z"
      }
    },
    {
      "type": "Feature",
      "geometry": {
        "type": "Point",
        "coordinates": [
          5.858,
          49.828
        ]
      },
      "properties": {
        "temperature_2m": 7.1,
        "precipitation": 0.0,
        "cloud_cover": 0,
        "wind_speed_10m": 3.2,
        "last_updated": "2026-10-10T21:01:13Z"
      }
    },
    {
      "type": "Feature",
      "geometry": {
        "type": "Point",
        "coordinates": [
          6.119,
          49.828
        ]
      },
      "properties": {
        "temperature_2m": 7.4,
        "precipitation": 0.0,
        "cloud_cover": 0,
        "wind_speed_10m": 2.5,
        "last_updated": "2026-10-10T21:01:13Z"
      }
    },
    {
      "type": "Feature",
      "geometry": {
        "type": "Point",
        "coordinates": [
          6.351,
          49.828
        ]
      },
      "properties": {
        "temperature_2m": 7.6,
        "precipitation": 0.0,
        "cloud_cover": 0,
        "wind_speed_10m": 3.3,
        "last_updated": "2026-10-10T21:01:13Z"
      }
    },
    {
      "type": "Feature",
      "geometry": {
        "type": "Point",
        "coordinates": [
          6.612,
          49.828
        ]
      },
      "properties": {
        "temperature_2m": 8.4,
        "precipitation": 0.0,
        "cloud_cover": 0,
        "wind_speed_10m": 3.6,
        "last_updated": "2026-10-10T21:01:13Z"
      }
    },
    {
      "type": "Feature",
      "geometry": {
        "type": "Point",
        "coordinates": [
          6.873,
          49.828
        ]
      },
      "properties": {
        "temperature_2m": 9.5,
        "precipitation": 0.0,
        "cloud_cover": 3,
        "wind_speed_10m": 3.2,
        "last_updated": "2026-10-10T21:01:13Z"
      }
    },
    {
      "type": "Feature",
      "geometry": {
        "type": "Point",
        "coordinates": [
          7.105,
          49.828
        ]
      },
      "properties": {
        "temperature_2m": 8.0,
        "precipitation": 0.0,
        "cloud_cover": 100,
        "wind_speed_10m": 4.5,
        "last_updated": "2026-10-10T21:01:13Z"
      }
    },
    {
      "type": "Feature",
      "geometry": {
        "type": "Point",
        "coordinates": [
          7.366,
          49.828
        ]
      },
      "properties": {
        "temperature_2m": 7.8,
        "precipitation": 0.0,
        "cloud_cover": 0,
        "wind_speed_10m": 3.1,
        "last_updated": "2026-10-10T21:01:13Z"
      }
    },
    {
      "type": "Feature",
      "geometry": {
        "type": "Point",
        "coordinates": [
          7.598,
          49.828
        ]
      },
      "properties": {
        "temperature_2m": 7.8,
        "precipitation": 0.0,
        "cloud_cover": 10,
        "wind_speed_10m": 2.1,
        "last_updated": "2026-10-10T21:01:13Z"
      }
    },
    {
      "type": "Feature",
      "geometry": {
        "type": "Point",
        "coordinates": [
          7.8486,
          49.8294
        ]
      },
      "properties": {
        "temperature_2m": 11.3,
        "precipitation": 0.0,
        "cloud_cover": 100,
        "wind_speed_10m": 2.61,
        "last_updated": "2026-10-10T21:01:13Z"
      }
    },
    {
      "type": "Feature",
      "geometry": {
        "type": "Point",
        "coordinates": [
          8.1151,
          49.8306
        ]
      },
      "properties": {
        "temperature_2m": 10.4,
        "precipitation": 0.0,
        "cloud_cover": 100,
        "wind_speed_10m": 2.46,
        "last_updated": "2026-10-10T21:01:13Z"
      }
    },
    {
      "type": "Feature",
      "geometry": {
        "type": "Point",
        "coordinates": [
          8.3597,
          49.8235
        ]
      },
      "properties": {
        "temperature_2m": 11.1,
        "precipitation": 0.0,
        "cloud_cover": 100,
        "wind_speed_10m": 1.48,
        "last_updated": "2026-10-10T21:01:13Z"
      }
    },
    {
      "type": "Feature",
      "geometry": {
        "type": "Point",
        "coordinates": [
          8.6069,
          49.833
        ]
      },
      "properties": {
        "temperature_2m": 10.8,
        "precipitation": 0.0,
        "cloud_cover": 100,
        "wind_speed_10m": 2.2,
        "last_updated": "2026-10-10T21:01:13Z"
      }
    },
    {
      "type": "Feature",
      "geometry": {
        "type": "Point",
        "coordinates": [
          8.8734,
          49.8327
        ]
      },
      "properties": {
        "temperature_2m": 11.0,
        "precipitation": 0.0,
        "cloud_cover": 100,
        "wind_speed_10m": 2.77,
        "last_updated": "2026-10-10T21:01:13Z"
      }
    },
    {
      "type": "Feature",
      "geometry": {
        "type": "Point",
        "coordinates": [
          9.1181,
          49.8243
        ]
      },
      "properties": {
        "temperature_2m": 11.0,
        "precipitation": 0.0,
        "cloud_cover": 98,
        "wind_speed_10m": 1.7,
        "last_updated": "2026-10-10T21:01:13Z"
      }
    },
    {
      "type": "Feature",
      "geometry": {
        "type": "Point",
        "coordinates": [
          9.3656,
          49.8323
        ]
      },
      "properties": {
        "temperature_2m": 9.0,
        "precipitation": 0.0,
        "cloud_cover": 91,
        "wind_speed_10m": 2.4,
        "last_updated": "2026-10-10T21:01:13Z"
      }
    },
    {
      "type": "Feature",
      "geometry": {
        "type": "Point",
        "coordinates": [
          9.6132,
          49.8399
        ]
      },
      "properties": {
        "temperature_2m": 8.8,
        "precipitation": 0.0,
        "cloud_cover": 100,
        "wind_speed_10m": 1.82,
        "last_updated": "2026-10-10T21:01:13Z"
      }
    },
    {
      "type": "Feature",
      "geometry": {
        "type": "Point",
        "coordinates": [
          -5.1331,
          50.083
        ]
      },
      "properties": {
        "temperature_2m": 12.1,
        "precipitation": 0.0,
        "cloud_cover": 100,
        "wind_speed_10m": 1.9,
        "last_updated": "2026-10-10T21:01:13Z"
      }
    },
    {
      "type": "Feature",
      "geometry": {
        "type": "Point",
        "coordinates": [
          -4.8812,
          50.0888
        ]
      },
      "properties": {
        "temperature_2m": 14.5,
        "precipitation": 0.0,
        "cloud_cover": 100,
        "wind_speed_10m": 5.2,
        "last_updated": "2026-10-10T21:01:13Z"
      }
    },
    {
      "type": "Feature",
      "geometry": {
        "type": "Point",
        "coordinates": [
          -4.6284,
          50.0759
        ]
      },
      "properties": {
        "temperature_2m": 14.8,
        "precipitation": 0.0,
        "cloud_cover": 100,
        "wind_speed_10m": 5.8,
        "last_updated": "2026-10-10T21:01:13Z"
      }
    },
    {
      "type": "Feature",
      "geometry": {
        "type": "Point",
        "coordinates": [
          -4.3764,
          50.0805
        ]
      },
      "properties": {
        "temperature_2m": 14.6,
        "precipitation": 0.0,
        "cloud_cover": 100,
        "wind_speed_10m": 5.5,
        "last_updated": "2026-10-10T21:01:13Z"
      }
    },
    {
      "type": "Feature",
      "geometry": {
        "type": "Point",
        "coordinates": [
          -4.1525,
          50.084
        ]
      },
      "properties": {
        "temperature_2m": 14.7,
        "precipitation": 0.0,
        "cloud_cover": 100,
        "wind_speed_10m": 7.1,
        "last_updated": "2026-10-10T21:01:13Z"
      }
    },
    {
      "type": "Feature",
      "geometry": {
        "type": "Point",
        "coordinates": [
          -3.9005,
          50.0875
        ]
      },
      "properties": {
        "temperature_2m": 14.9,
        "precipitation": 0.0,
        "cloud_cover": 100,
        "wind_speed_10m": 6.5,
        "last_updated": "2026-10-10T21:01:13Z"
      }
    },
    {
      "type": "Feature",
      "geometry": {
        "type": "Point",
        "coordinates": [
          -3.648,
          50.0724
        ]
      },
      "properties": {
        "temperature_2m": 14.7,
        "precipitation": 0.0,
        "cloud_cover": 100,
        "wind_speed_10m": 6.6,
        "last_updated": "2026-10-10T21:01:13Z"
      }
    },
    {
      "type": "Feature",
      "geometry": {
        "type": "Point",
        "coordinates": [
          -3.396,
          50.0748
        ]
      },
      "properties": {
        "temperature_2m": 15.0,
        "precipitation": 0.0,
        "cloud_cover": 100,
        "wind_speed_10m": 6.2,
        "last_updated": "2026-10-10T21:01:13Z"
      }
    },
    {
      "type": "Feature",
      "geometry": {
        "type": "Point",
        "coordinates": [
          -3.144,
          50.0765
        ]
      },
      "properties": {
        "temperature_2m": 15.1,
        "precipitation": 0.0,
        "cloud_cover": 100,
        "wind_speed_10m": 7.8,
        "last_updated": "2026-10-10T21:01:13Z"
      }
    },
    {
      "type": "Feature",
      "geometry": {
        "type": "Point",
        "coordinates": [
          -2.892,
          50.0777
        ]
      },
      "properties": {
        "temperature_2m": 15.2,
        "precipitation": 0.0,
        "cloud_cover": 100,
        "wind_speed_10m": 8.0,
        "last_updated": "2026-10-10T21:01:13Z"
      }
    },
    {
      "type": "Feature",
      "geometry": {
        "type": "Point",
        "coordinates": [
          -2.64,
          50.0783
        ]
      },
      "properties": {
        "temperature_2m": 15.1,
        "precipitation": 0.0,
        "cloud_cover": 87,
        "wind_speed_10m": 8.3,
        "last_updated": "2026-10-10T21:01:13Z"
      }
    },
    {
      "type": "Feature",
      "geometry": {
        "type": "Point",
        "coordinates": [
          -2.388,
          50.0783
        ]
      },
      "properties": {
        "temperature_2m": 15.3,
        "precipitation": 0.0,
        "cloud_cover": 97,
        "wind_speed_10m": 8.3,
        "last_updated": "2026-10-10T21:01:13Z"
      }
    },
    {
      "type": "Feature",
      "geometry": {
        "type": "Point",
        "coordinates": [
          -2.136,
          50.0778
        ]
      },
      "properties": {
        "temperature_2m": 15.5,
        "precipitation": 0.0,
        "cloud_cover": 95,
        "wind_speed_10m": 8.0,
        "last_updated": "2026-10-10T21:01:13Z"
      }
    },
    {
      "type": "Feature",
      "geometry": {
        "type": "Point",
        "coordinates": [
          -1.884,
          50.0767
        ]
      },
      "properties": {
        "temperature_2m": 15.6,
        "precipitation": 0.0,
        "cloud_cover": 70,
        "wind_speed_10m": 8.5,
        "last_updated": "2026-10-10T21:01:13Z"
      }
    },
    {
      "type": "Feature",
      "geometry": {
        "type": "Point",
        "coordinates": [
          -1.632,
          50.075
        ]
      },
      "properties": {
        "temperature_2m": 15.5,
        "precipitation": 0.0,
        "cloud_cover": 31,
        "wind_speed_10m": 9.1,
        "last_updated": "2026-10-10T21:01:13Z"
      }
    },
    {
      "type": "Feature",
      "geometry": {
        "type": "Point",
        "coordinates": [
          -1.38,
          50.0727
        ]
      },
      "properties": {
        "temperature_2m": 15.5,
        "precipitation": 0.0,
        "cloud_cover": 40,
        "wind_speed_10m": 8.4,
        "last_updated": "2026-10-10T21:01:13Z"
      }
    },
    {
      "type": "Feature",
      "geometry": {
        "type": "Point",
        "coordinates": [
          -1.1275,
          50.0879
        ]
      },
      "properties": {
        "temperature_2m": 15.6,
        "precipitation": 0.0,
        "cloud_cover": 88,
        "wind_speed_10m": 9.4,
        "last_updated": "2026-10-10T21:01:13Z"
      }
    },
    {
      "type": "Feature",
      "geometry": {
        "type": "Point",
        "coordinates": [
          -0.9035,
          50.0849
        ]
      },
      "properties": {
        "temperature_2m": 15.6,
        "precipitation": 0.0,
        "cloud_cover": 79,
        "wind_speed_10m": 9.1,
        "last_updated": "2026-10-10T21:01:13Z"
      }
    },
    {
      "type": "Feature",
      "geometry": {
        "type": "Point",
        "coordinates": [
          -0.6516,
          50.0809
        ]
      },
      "properties": {
        "temperature_2m": 15.6,
        "precipitation": 0.0,
        "cloud_cover": 63,
        "wind_speed_10m": 9.8,
        "last_updated": "2026-10-10T21:01:13Z"
      }
    },
    {
      "type": "Feature",
      "geometry": {
        "type": "Point",
        "coordinates": [
          -0.3996,
          50.0764
        ]
      },
      "properties": {
        "temperature_2m": 15.6,
        "precipitation": 0.0,
        "cloud_cover": 55,
        "wind_speed_10m": 9.1,
        "last_updated": "2026-10-10T21:01:13Z"
      }
    },
    {
      "type": "Feature",
      "geometry": {
        "type": "Point",
        "coordinates": [
          -0.1477,
          50.0714
        ]
      },
      "properties": {
        "temperature_2m": 15.7,
        "precipitation": 0.0,
        "cloud_cover": 57,
        "wind_speed_10m": 9.8,
        "last_updated": "2026-10-10T21:01:13Z"
      }
    },
    {
      "type": "Feature",
      "geometry": {
        "type": "Point",
        "coordinates": [
          0.1006,
          50.0802
        ]
      },
      "properties": {
        "temperature_2m": 15.4,
        "precipitation": 0.0,
        "cloud_cover": 49,
        "wind_speed_10m": 10.16,
        "last_updated": "2026-10-10T21:01:13Z"
      }
    },
    {
      "type": "Feature",
      "geometry": {
        "type": "Point",
        "coordinates": [
          0.3672,
          50.0795
        ]
      },
      "properties": {
        "temperature_2m": 15.6,
        "precipitation": 0.0,
        "cloud_cover": 40,
        "wind_speed_10m": 10.59,
        "last_updated": "2026-10-10T21:01:13Z"
      }
    },
    {
      "type": "Feature",
      "geometry": {
        "type": "Point",
        "coordinates": [
          0.6119,
          50.0865
        ]
      },
      "properties": {
        "temperature_2m": 15.8,
        "precipitation": 0.0,
        "cloud_cover": 36,
        "wind_speed_10m": 10.61,
        "last_updated": "2026-10-10T21:01:13Z"
      }
    },
    {
      "type": "Feature",
      "geometry": {
        "type": "Point",
        "coordinates": [
          0.8559,
          50.0769
        ]
      },
      "properties": {
        "temperature_2m": 16.0,
        "precipitation": 0.0,
        "cloud_cover": 55,
        "wind_speed_10m": 10.71,
        "last_updated": "2026-10-10T21:01:13Z"
      }
    },
    {
      "type": "Feature",
      "geometry": {
        "type": "Point",
        "coordinates": [
          1.1007,
          50.0829
        ]
      },
      "properties": {
        "temperature_2m": 15.9,
        "precipitation": 0.0,
        "cloud_cover": 53,
        "wind_speed_10m": 10.52,
        "last_updated": "2026-10-10T21:01:13Z"
      }
    },
    {
      "type": "Feature",
      "geometry": {
        "type": "Point",
        "coordinates": [
          1.389,
          50.072
        ]
      },
      "properties": {
        "temperature_2m": 15.4,
        "precipitation": 0.0,
        "cloud_cover": 32,
        "wind_speed_10m": 9.04,
        "last_updated": "2026-10-10T21:01:13Z"
      }
    },
    {
      "type": "Feature",
      "geometry": {
        "type": "Point",
        "coordinates": [
          1.611,
          50.0693
        ]
      },
      "properties": {
        "temperature_2m": 12.8,
        "precipitation": 0.0,
        "cloud_cover": 66,
        "wind_speed_10m": 4.5,
        "last_updated": "2026-10-10T21:01:13Z"
      }
    },
    {
      "type": "Feature",
      "geometry": {
        "type": "Point",
        "coordinates": [
          1.856,
          50.0741
        ]
      },
      "properties": {
        "temperature_2m": 11.6,
        "precipitation": 0.0,
        "cloud_cover": 68,
        "wind_speed_10m": 2.25,
        "last_updated": "2026-10-10T21:01:13Z"
      }
    },
    {
      "type": "Feature",
      "geometry": {
        "type": "Point",
        "coordinates": [
          2.1232,
          50.0871
        ]
      },
      "properties": {
        "temperature_2m": 10.8,
        "precipitation": 0.0,
        "cloud_cover": 74,
        "wind_speed_10m": 1.28,
        "last_updated": "2026-10-10T21:01:13Z"
      }
    },
    {
      "type": "Feature",
      "geometry": {
        "type": "Point",
        "coordinates": [
          2.349,
          50.08
        ]
      },
      "properties": {
        "temperature_2m": 10.3,
        "precipitation": 0.0,
        "cloud_cover": 100,
        "wind_speed_10m": 3.8,
        "last_updated": "2026-10-10T21:01:13Z"
      }
    },
    {
      "type": "Feature",
      "geometry": {
        "type": "Point",
        "coordinates": [
          2.61,
          50.08
        ]
      },
      "properties": {
        "temperature_2m": 9.9,
        "precipitation": 0.0,
        "cloud_cover": 100,
        "wind_speed_10m": 3.7,
        "last_updated": "2026-10-10T21:01:13Z"
      }
    },
    {
      "type": "Feature",
      "geometry": {
        "type": "Point",
        "coordinates": [
          2.871,
          50.08
        ]
      },
      "properties": {
        "temperature_2m": 10.1,
        "precipitation": 0.0,
        "cloud_cover": 100,
        "wind_speed_10m": 3.6,
        "last_updated": "2026-10-10T21:01:13Z"
      }
    },
    {
      "type": "Feature",
      "geometry": {
        "type": "Point",
        "coordinates": [
          3.103,
          50.08
        ]
      },
      "properties": {
        "temperature_2m": 10.3,
        "precipitation": 0.1,
        "cloud_cover": 100,
        "wind_speed_10m": 2.9,
        "last_updated": "2026-10-10T21:01:13Z"
      }
    },
    {
      "type": "Feature",
      "geometry": {
        "type": "Point",
        "coordinates": [
          3.364,
          50.08
        ]
      },
      "properties": {
        "temperature_2m": 10.3,
        "precipitation": 0.0,
        "cloud_cover": 100,
        "wind_speed_10m": 4.9,
        "last_updated": "2026-10-10T21:01:13Z"
      }
    },
    {
      "type": "Feature",
      "geometry": {
        "type": "Point",
        "coordinates": [
          3.596,
          50.08
        ]
      },
      "properties": {
        "temperature_2m": 10.0,
        "precipitation": 0.0,
        "cloud_cover": 50,
        "wind_speed_10m": 3.9,
        "last_updated": "2026-10-10T21:01:13Z"
      }
    },
    {
      "type": "Feature",
      "geometry": {
        "type": "Point",
        "coordinates": [
          3.857,
          50.08
        ]
      },
      "properties": {
        "temperature_2m": 9.5,
        "precipitation": 0.0,
        "cloud_cover": 96,
        "wind_speed_10m": 4.0,
        "last_updated": "2026-10-10T21:01:13Z"
      }
    },
    {
      "type": "Feature",
      "geometry": {
        "type": "Point",
        "coordinates": [
          4.118,
          50.08
        ]
      },
      "properties": {
        "temperature_2m": 9.7,
        "precipitation": 0.1,
        "cloud_cover": 98,
        "wind_speed_10m": 2.4,
        "last_updated": "2026-10-10T21:01:13Z"
      }
    },
    {
      "type": "Feature",
      "geometry": {
        "type": "Point",
        "coordinates": [
          4.35,
          50.08
        ]
      },
      "properties": {
        "temperature_2m": 10.1,
        "precipitation": 0.1,
        "cloud_cover": 78,
        "wind_speed_10m": 2.9,
        "last_updated": "2026-10-10T21:01:13Z"
      }
    },
    {
      "type": "Feature",
      "geometry": {
        "type": "Point",
        "coordinates": [
          4.611,
          50.08
        ]
      },
      "properties": {
        "temperature_2m": 9.8,
        "precipitation": 0.0,
        "cloud_cover": 100,
        "wind_speed_10m": 3.4,
        "last_updated": "2026-10-10T21:01:13Z"
      }
    },
    {
      "type": "Feature",
      "geometry": {
        "type": "Point",
        "coordinates": [
          4.872,
          50.08
        ]
      },
      "properties": {
        "temperature_2m": 9.5,
        "precipitation": 0.0,
        "cloud_cover": 100,
        "wind_speed_10m": 3.0,
        "last_updated": "2026-10-10T21:01:13Z"
      }
    },
    {
      "type": "Feature",
      "geometry": {
        "type": "Point",
        "coordinates": [
          5.104,
          50.08
        ]
      },
      "properties": {
        "temperature_2m": 9.0,
        "precipitation": 0.0,
        "cloud_cover": 0,
        "wind_speed_10m": 4.1,
        "last_updated": "2026-10-10T21:01:13Z"
      }
    },
    {
      "type": "Feature",
      "geometry": {
        "type": "Point",
        "coordinates": [
          5.365,
          50.08
        ]
      },
      "properties": {
        "temperature_2m": 7.5,
        "precipitation": 0.0,
        "cloud_cover": 0,
        "wind_speed_10m": 2.8,
        "last_updated": "2026-10-10T21:01:13Z"
      }
    },
    {
      "type": "Feature",
      "geometry": {
        "type": "Point",
        "coordinates": [
          5.597,
          50.08
        ]
      },
      "properties": {
        "temperature_2m": 7.2,
        "precipitation": 0.0,
        "cloud_cover": 0,
        "wind_speed_10m": 2.6,
        "last_updated": "2026-10-10T21:01:13Z"
      }
    },
    {
      "type": "Feature",
      "geometry": {
        "type": "Point",
        "coordinates": [
          5.858,
          50.08
        ]
      },
      "properties": {
        "temperature_2m": 7.0,
        "precipitation": 0.0,
        "cloud_cover": 100,
        "wind_speed_10m": 3.2,
        "last_updated": "2026-10-10T21:01:13Z"
      }
    },
    {
      "type": "Feature",
      "geometry": {
        "type": "Point",
        "coordinates": [
          6.119,
          50.08
        ]
      },
      "properties": {
        "temperature_2m": 6.5,
        "precipitation": 0.0,
        "cloud_cover": 1,
        "wind_speed_10m": 1.7,
        "last_updated": "2026-10-10T21:01:13Z"
      }
    },
    {
      "type": "Feature",
      "geometry": {
        "type": "Point",
        "coordinates": [
          6.351,
          50.08
        ]
      },
      "properties": {
        "temperature_2m": 6.5,
        "precipitation": 0.0,
        "cloud_cover": 0,
        "wind_speed_10m": 2.4,
        "last_updated": "2026-10-10T21:01:13Z"
      }
    },
    {
      "type": "Feature",
      "geometry": {
        "type": "Point",
        "coordinates": [
          6.612,
          50.08
        ]
      },
      "properties": {
        "temperature_2m": 6.8,
        "precipitation": 0.0,
        "cloud_cover": 9,
        "wind_speed_10m": 1.7,
        "last_updated": "2026-10-10T21:01:13Z"
      }
    },
    {
      "type": "Feature",
      "geometry": {
        "type": "Point",
        "coordinates": [
          6.873,
          50.08
        ]
      },
      "properties": {
        "temperature_2m": 6.8,
        "precipitation": 0.0,
        "cloud_cover": 100,
        "wind_speed_10m": 2.7,
        "last_updated": "2026-10-10T21:01:13Z"
      }
    },
    {
      "type": "Feature",
      "geometry": {
        "type": "Point",
        "coordinates": [
          7.105,
          50.08
        ]
      },
      "properties": {
        "temperature_2m": 7.7,
        "precipitation": 0.0,
        "cloud_cover": 9,
        "wind_speed_10m": 2.4,
        "last_updated": "2026-10-10T21:01:13Z"
      }
    },
    {
      "type": "Feature",
      "geometry": {
        "type": "Point",
        "coordinates": [
          7.366,
          50.08
        ]
      },
      "properties": {
        "temperature_2m": 8.1,
        "precipitation": 0.0,
        "cloud_cover": 100,
        "wind_speed_10m": 2.7,
        "last_updated": "2026-10-10T21:01:13Z"
      }
    },
    {
      "type": "Feature",
      "geometry": {
        "type": "Point",
        "coordinates": [
          7.598,
          50.08
        ]
      },
      "properties": {
        "temperature_2m": 7.5,
        "precipitation": 0.0,
        "cloud_cover": 100,
        "wind_speed_10m": 3.3,
        "last_updated": "2026-10-10T21:01:13Z"
      }
    },
    {
      "type": "Feature",
      "geometry": {
        "type": "Point",
        "coordinates": [
          7.8544,
          50.0815
        ]
      },
      "properties": {
        "temperature_2m": 10.0,
        "precipitation": 0.0,
        "cloud_cover": 59,
        "wind_speed_10m": 2.51,
        "last_updated": "2026-10-10T21:01:13Z"
      }
    },
    {
      "type": "Feature",
      "geometry": {
        "type": "Point",
        "coordinates": [
          8.1225,
          50.0826
        ]
      },
      "properties": {
        "temperature_2m": 9.7,
        "precipitation": 0.0,
        "cloud_cover": 83,
        "wind_speed_10m": 1.62,
        "last_updated": "2026-10-10T21:01:13Z"
      }
    },
    {
      "type": "Feature",
      "geometry": {
        "type": "Point",
        "coordinates": [
          8.3686,
          50.0755
        ]
      },
      "properties": {
        "temperature_2m": 10.8,
        "precipitation": 0.0,
        "cloud_cover": 85,
        "wind_speed_10m": 1.43,
        "last_updated": "2026-10-10T21:01:13Z"
      }
    },
    {
      "type": "Feature",
      "geometry": {
        "type": "Point",
        "coordinates": [
          8.6174,
          50.0849
        ]
      },
      "properties": {
        "temperature_2m": 12.3,
        "precipitation": 0.0,
        "cloud_cover": 100,
        "wind_speed_10m": 2.62,
        "last_updated": "2026-10-10T21:01:13Z"
      }
    },
    {
      "type": "Feature",
      "geometry": {
        "type": "Point",
        "coordinates": [
          8.8413,
          50.0874
        ]
      },
      "properties": {
        "temperature_2m": 11.7,
        "precipitation": 0.0,
        "cloud_cover": 100,
        "wind_speed_10m": 2.7,
        "last_updated": "2026-10-10T21:01:13Z"
      }
    },
    {
      "type": "Feature",
      "geometry": {
        "type": "Point",
        "coordinates": [
          9.1066,
          50.0696
        ]
      },
      "properties": {
        "temperature_2m": 9.4,
        "precipitation": 0.1,
        "cloud_cover": 100,
        "wind_speed_10m": 3.54,
        "last_updated": "2026-10-10T21:01:13Z"
      }
    },
    {
      "type": "Feature",
      "geometry": {
        "type": "Point",
        "coordinates": [
          9.3556,
          50.0776
        ]
      },
      "properties": {
        "temperature_2m": 9.1,
        "precipitation": 0.1,
        "cloud_cover": 100,
        "wind_speed_10m": 3.77,
        "last_updated": "2026-10-10T21:01:13Z"
      }
    },
    {
      "type": "Feature",
      "geometry": {
        "type": "Point",
        "coordinates": [
          9.6047,
          50.0851
        ]
      },
      "properties": {
        "temperature_2m": 8.9,
        "precipitation": 0.0,
        "cloud_cover": 100,
        "wind_speed_10m": 1.92,
        "last_updated": "2026-10-10T21:01:13Z"
      }
    },
    {
      "type": "Feature",
      "geometry": {
        "type": "Point",
        "coordinates": [
          -5.1473,
          50.3349
        ]
      },
      "properties": {
        "temperature_2m": 13.5,
        "precipitation": 0.0,
        "cloud_cover": 100,
        "wind_speed_10m": 4.3,
        "last_updated": "2026-10-10T21:01:13Z"
      }
    },
    {
      "type": "Feature",
      "geometry": {
        "type": "Point",
        "coordinates": [
          -4.8931,
          50.3226
        ]
      },
      "properties": {
        "temperature_2m": 12.2,
        "precipitation": 0.0,
        "cloud_cover": 100,
        "wind_speed_10m": 1.9,
        "last_updated": "2026-10-10T21:01:13Z"
      }
    },
    {
      "type": "Feature",
      "geometry": {
        "type": "Point",
        "coordinates": [
          -4.6398,
          50.3278
        ]
      },
      "properties": {
        "temperature_2m": 11.9,
        "precipitation": 0.0,
        "cloud_cover": 100,
        "wind_speed_10m": 2.1,
        "last_updated": "2026-10-10T21:01:13Z"
      }
    },
    {
      "type": "Feature",
      "geometry": {
        "type": "Point",
        "coordinates": [
          -4.3591,
          50.3509
        ]
      },
      "properties": {
        "temperature_2m": 11.7,
        "precipitation": 0.0,
        "cloud_cover": 100,
        "wind_speed_10m": 2.8,
        "last_updated": "2026-10-10T21:01:13Z"
      }
    },
    {
      "type": "Feature",
      "geometry": {
        "type": "Point",
        "coordinates": [
          -4.1332,
          50.3364
        ]
      },
      "properties": {
        "temperature_2m": 12.0,
        "precipitation": 0.0,
        "cloud_cover": 100,
        "wind_speed_10m": 3.5,
        "last_updated": "2026-10-10T21:01:13Z"
      }
    },
    {
      "type": "Feature",
      "geometry": {
        "type": "Point",
        "coordinates": [
          -3.8793,
          50.3218
        ]
      },
      "properties": {
        "temperature_2m": 9.8,
        "precipitation": 0.0,
        "cloud_cover": 100,
        "wind_speed_10m": 2.1,
        "last_updated": "2026-10-10T21:01:13Z"
      }
    },
    {
      "type": "Feature",
      "geometry": {
        "type": "Point",
        "coordinates": [
          -3.626,
          50.3247
        ]
      },
      "properties": {
        "temperature_2m": 8.6,
        "precipitation": 0.0,
        "cloud_cover": 98,
        "wind_speed_10m": 2.3,
        "last_updated": "2026-10-10T21:01:13Z"
      }
    },
    {
      "type": "Feature",
      "geometry": {
        "type": "Point",
        "coordinates": [
          -3.4008,
          50.3267
        ]
      },
      "properties": {
        "temperature_2m": 14.0,
        "precipitation": 0.0,
        "cloud_cover": 84,
        "wind_speed_10m": 5.3,
        "last_updated": "2026-10-10T21:01:13Z"
      }
    },
    {
      "type": "Feature",
      "geometry": {
        "type": "Point",
        "coordinates": [
          -3.1475,
          50.3285
        ]
      },
      "properties": {
        "temperature_2m": 14.6,
        "precipitation": 0.0,
        "cloud_cover": 83,
        "wind_speed_10m": 6.6,
        "last_updated": "2026-10-10T21:01:13Z"
      }
    },
    {
      "type": "Feature",
      "geometry": {
        "type": "Point",
        "coordinates": [
          -2.8941,
          50.3297
        ]
      },
      "properties": {
        "temperature_2m": 14.9,
        "precipitation": 0.0,
        "cloud_cover": 92,
        "wind_speed_10m": 7.3,
        "last_updated": "2026-10-10T21:01:13Z"
      }
    },
    {
      "type": "Feature",
      "geometry": {
        "type": "Point",
        "coordinates": [
          -2.6408,
          50.3303
        ]
      },
      "properties": {
        "temperature_2m": 15.1,
        "precipitation": 0.0,
        "cloud_cover": 95,
        "wind_speed_10m": 7.9,
        "last_updated": "2026-10-10T21:01:13Z"
      }
    },
    {
      "type": "Feature",
      "geometry": {
        "type": "Point",
        "coordinates": [
          -2.3874,
          50.3303
        ]
      },
      "properties": {
        "temperature_2m": 15.3,
        "precipitation": 0.0,
        "cloud_cover": 73,
        "wind_speed_10m": 8.7,
        "last_updated": "2026-10-10T21:01:13Z"
      }
    },
    {
      "type": "Feature",
      "geometry": {
        "type": "Point",
        "coordinates": [
          -2.134,
          50.3298
        ]
      },
      "properties": {
        "temperature_2m": 15.3,
        "precipitation": 0.0,
        "cloud_cover": 28,
        "wind_speed_10m": 8.2,
        "last_updated": "2026-10-10T21:01:13Z"
      }
    },
    {
      "type": "Feature",
      "geometry": {
        "type": "Point",
        "coordinates": [
          -1.8807,
          50.3287
        ]
      },
      "properties": {
        "temperature_2m": 15.1,
        "precipitation": 0.0,
        "cloud_cover": 32,
        "wind_speed_10m": 8.1,
        "last_updated": "2026-10-10T21:01:13Z"
      }
    },
    {
      "type": "Feature",
      "geometry": {
        "type": "Point",
        "coordinates": [
          -1.6273,
          50.327
        ]
      },
      "properties": {
        "temperature_2m": 15.2,
        "precipitation": 0.0,
        "cloud_cover": 70,
        "wind_speed_10m": 9.8,
        "last_updated": "2026-10-10T21:01:13Z"
      }
    },
    {
      "type": "Feature",
      "geometry": {
        "type": "Point",
        "coordinates": [
          -1.4021,
          50.325
        ]
      },
      "properties": {
        "temperature_2m": 15.3,
        "precipitation": 0.0,
        "cloud_cover": 99,
        "wind_speed_10m": 8.4,
        "last_updated": "2026-10-10T21:01:13Z"
      }
    },
    {
      "type": "Feature",
      "geometry": {
        "type": "Point",
        "coordinates": [
          -1.1488,
          50.3222
        ]
      },
      "properties": {
        "temperature_2m": 15.1,
        "precipitation": 0.0,
        "cloud_cover": 49,
        "wind_speed_10m": 8.6,
        "last_updated": "2026-10-10T21:01:13Z"
      }
    },
    {
      "type": "Feature",
      "geometry": {
        "type": "Point",
        "coordinates": [
          -0.8949,
          50.3368
        ]
      },
      "properties": {
        "temperature_2m": 15.2,
        "precipitation": 0.0,
        "cloud_cover": 30,
        "wind_speed_10m": 9.6,
        "last_updated": "2026-10-10T21:01:13Z"
      }
    },
    {
      "type": "Feature",
      "geometry": {
        "type": "Point",
        "coordinates": [
          -0.6416,
          50.3329
        ]
      },
      "properties": {
        "temperature_2m": 15.3,
        "precipitation": 0.0,
        "cloud_cover": 21,
        "wind_speed_10m": 9.3,
        "last_updated": "2026-10-10T21:01:13Z"
      }
    },
    {
      "type": "Feature",
      "geometry": {
        "type": "Point",
        "coordinates": [
          -0.3883,
          50.3283
        ]
      },
      "properties": {
        "temperature_2m": 15.1,
        "precipitation": 0.0,
        "cloud_cover": 0,
        "wind_speed_10m": 9.6,
        "last_updated": "2026-10-10T21:01:13Z"
      }
    },
    {
      "type": "Feature",
      "geometry": {
        "type": "Point",
        "coordinates": [
          -0.1351,
          50.3232
        ]
      },
      "properties": {
        "temperature_2m": 15.1,
        "precipitation": 0.0,
        "cloud_cover": 0,
        "wind_speed_10m": 9.5,
        "last_updated": "2026-10-10T21:01:13Z"
      }
    },
    {
      "type": "Feature",
      "geometry": {
        "type": "Point",
        "coordinates": [
          0.1191,
          50.3355
        ]
      },
      "properties": {
        "temperature_2m": 15.4,
        "precipitation": 0.0,
        "cloud_cover": 5,
        "wind_speed_10m": 10.2,
        "last_updated": "2026-10-10T21:01:13Z"
      }
    },
    {
      "type": "Feature",
      "geometry": {
        "type": "Point",
        "coordinates": [
          0.3724,
          50.3293
        ]
      },
      "properties": {
        "temperature_2m": 15.7,
        "precipitation": 0.0,
        "cloud_cover": 29,
        "wind_speed_10m": 10.4,
        "last_updated": "2026-10-10T21:01:13Z"
      }
    },
    {
      "type": "Feature",
      "geometry": {
        "type": "Point",
        "coordinates": [
          0.6173,
          50.3383
        ]
      },
      "properties": {
        "temperature_2m": 15.6,
        "precipitation": 0.0,
        "cloud_cover": 1,
        "wind_speed_10m": 9.96,
        "last_updated": "2026-10-10T21:01:13Z"
      }
    },
    {
      "type": "Feature",
      "geometry": {
        "type": "Point",
        "coordinates": [
          0.8629,
          50.3287
        ]
      },
      "properties": {
        "temperature_2m": 15.7,
        "precipitation": 0.0,
        "cloud_cover": 43,
        "wind_speed_10m": 10.57,
        "last_updated": "2026-10-10T21:01:13Z"
      }
    },
    {
      "type": "Feature",
      "geometry": {
        "type": "Point",
        "coordinates": [
          1.1092,
          50.3348
        ]
      },
      "properties": {
        "temperature_2m": 15.7,
        "precipitation": 0.0,
        "cloud_cover": 12,
        "wind_speed_10m": 10.55,
        "last_updated": "2026-10-10T21:01:13Z"
      }
    },
    {
      "type": "Feature",
      "geometry": {
        "type": "Point",
        "coordinates": [
          1.3546,
          50.3243
        ]
      },
      "properties": {
        "temperature_2m": 15.8,
        "precipitation": 0.0,
        "cloud_cover": 13,
        "wind_speed_10m": 10.43,
        "last_updated": "2026-10-10T21:01:13Z"
      }
    },
    {
      "type": "Feature",
      "geometry": {
        "type": "Point",
        "coordinates": [
          1.601,
          50.3295
        ]
      },
      "properties": {
        "temperature_2m": 13.5,
        "precipitation": 0.0,
        "cloud_cover": 4,
        "wind_speed_10m": 6.16,
        "last_updated": "2026-10-10T21:01:13Z"
      }
    },
    {
      "type": "Feature",
      "geometry": {
        "type": "Point",
        "coordinates": [
          1.8692,
          50.3258
        ]
      },
      "properties": {
        "temperature_2m": 12.4,
        "precipitation": 0.0,
        "cloud_cover": 16,
        "wind_speed_10m": 3.31,
        "last_updated": "2026-10-10T21:01:13Z"
      }
    },
    {
      "type": "Feature",
      "geometry": {
        "type": "Point",
        "coordinates": [
          2.0927,
          50.3224
        ]
      },
      "properties": {
        "temperature_2m": 11.7,
        "precipitation": 0.0,
        "cloud_cover": 49,
        "wind_speed_10m": 2.85,
        "last_updated": "2026-10-10T21:01:13Z"
      }
    },
    {
      "type": "Feature",
      "geometry": {
        "type": "Point",
        "coordinates": [
          2.349,
          50.332
        ]
      },
      "properties": {
        "temperature_2m": 9.4,
        "precipitation": 0.0,
        "cloud_cover": 27,
        "wind_speed_10m": 3.0,
        "last_updated": "2026-10-10T21:01:13Z"
      }
    },
    {
      "type": "Feature",
      "geometry": {
        "type": "Point",
        "coordinates": [
          2.61,
          50.332
        ]
      },
      "properties": {
        "temperature_2m": 9.2,
        "precipitation": 0.0,
        "cloud_cover": 100,
        "wind_speed_10m": 2.8,
        "last_updated": "2026-10-10T21:01:13Z"
      }
    },
    {
      "type": "Feature",
      "geometry": {
        "type": "Point",
        "coordinates": [
          2.871,
          50.332
        ]
      },
      "properties": {
        "temperature_2m": 9.9,
        "precipitation": 0.0,
        "cloud_cover": 100,
        "wind_speed_10m": 3.1,
        "last_updated": "2026-10-10T21:01:13Z"
      }
    },
    {
      "type": "Feature",
      "geometry": {
        "type": "Point",
        "coordinates": [
          3.103,
          50.332
        ]
      },
      "properties": {
        "temperature_2m": 10.1,
        "precipitation": 0.0,
        "cloud_cover": 100,
        "wind_speed_10m": 3.5,
        "last_updated": "2026-10-10T21:01:13Z"
      }
    },
    {
      "type": "Feature",
      "geometry": {
        "type": "Point",
        "coordinates": [
          3.364,
          50.332
        ]
      },
      "properties": {
        "temperature_2m": 10.3,
        "precipitation": 0.0,
        "cloud_cover": 7,
        "wind_speed_10m": 2.8,
        "last_updated": "2026-10-10T21:01:13Z"
      }
    },
    {
      "type": "Feature",
      "geometry": {
        "type": "Point",
        "coordinates": [
          3.596,
          50.332
        ]
      },
      "properties": {
        "temperature_2m": 9.5,
        "precipitation": 0.0,
        "cloud_cover": 98,
        "wind_speed_10m": 3.5,
        "last_updated": "2026-10-10T21:01:13Z"
      }
    },
    {
      "type": "Feature",
      "geometry": {
        "type": "Point",
        "coordinates": [
          3.857,
          50.332
        ]
      },
      "properties": {
        "temperature_2m": 9.3,
        "precipitation": 0.0,
        "cloud_cover": 0,
        "wind_speed_10m": 3.8,
        "last_updated": "2026-10-10T21:01:13Z"
      }
    },
    {
      "type": "Feature",
      "geometry": {
        "type": "Point",
        "coordinates": [
          4.118,
          50.332
        ]
      },
      "properties": {
        "temperature_2m": 9.3,
        "precipitation": 0.0,
        "cloud_cover": 0,
        "wind_speed_10m": 3.7,
        "last_updated": "2026-10-10T21:01:13Z"
      }
    },
    {
      "type": "Feature",
      "geometry": {
        "type": "Point",
        "coordinates": [
          4.35,
          50.332
        ]
      },
      "properties": {
        "temperature_2m": 9.1,
        "precipitation": 0.0,
        "cloud_cover": 100,
        "wind_speed_10m": 3.8,
        "last_updated": "2026-10-10T21:01:13Z"
      }
    },
    {
      "type": "Feature",
      "geometry": {
        "type": "Point",
        "coordinates": [
          4.611,
          50.332
        ]
      },
      "properties": {
        "temperature_2m": 9.1,
        "precipitation": 0.0,
        "cloud_cover": 20,
        "wind_speed_10m": 3.1,
        "last_updated": "2026-10-10T21:01:13Z"
      }
    },
    {
      "type": "Feature",
      "geometry": {
        "type": "Point",
        "coordinates": [
          4.872,
          50.332
        ]
      },
      "properties": {
        "temperature_2m": 9.1,
        "precipitation": 0.0,
        "cloud_cover": 41,
        "wind_speed_10m": 2.3,
        "last_updated": "2026-10-10T21:01:13Z"
      }
    },
    {
      "type": "Feature",
      "geometry": {
        "type": "Point",
        "coordinates": [
          5.104,
          50.332
        ]
      },
      "properties": {
        "temperature_2m": 8.4,
        "precipitation": 0.0,
        "cloud_cover": 6,
        "wind_speed_10m": 2.7,
        "last_updated": "2026-10-10T21:01:13Z"
      }
    },
    {
      "type": "Feature",
      "geometry": {
        "type": "Point",
        "coordinates": [
          5.365,
          50.332
        ]
      },
      "properties": {
        "temperature_2m": 8.2,
        "precipitation": 0.0,
        "cloud_cover": 100,
        "wind_speed_10m": 3.2,
        "last_updated": "2026-10-10T21:01:13Z"
      }
    },
    {
      "type": "Feature",
      "geometry": {
        "type": "Point",
        "coordinates": [
          5.597,
          50.332
        ]
      },
      "properties": {
        "temperature_2m": 7.6,
        "precipitation": 0.0,
        "cloud_cover": 0,
        "wind_speed_10m": 2.5,
        "last_updated": "2026-10-10T21:01:13Z"
      }
    },
    {
      "type": "Feature",
      "geometry": {
        "type": "Point",
        "coordinates": [
          5.858,
          50.332
        ]
      },
      "properties": {
        "temperature_2m": 7.2,
        "precipitation": 0.0,
        "cloud_cover": 1,
        "wind_speed_10m": 3.3,
        "last_updated": "2026-10-10T21:01:13Z"
      }
    },
    {
      "type": "Feature",
      "geometry": {
        "type": "Point",
        "coordinates": [
          6.119,
          50.332
        ]
      },
      "properties": {
        "temperature_2m": 7.3,
        "precipitation": 0.0,
        "cloud_cover": 18,
        "wind_speed_10m": 3.1,
        "last_updated": "2026-10-10T21:01:13Z"
      }
    },
    {
      "type": "Feature",
      "geometry": {
        "type": "Point",
        "coordinates": [
          6.351,
          50.332
        ]
      },
      "properties": {
        "temperature_2m": 7.3,
        "precipitation": 0.0,
        "cloud_cover": 100,
        "wind_speed_10m": 3.2,
        "last_updated": "2026-10-10T21:01:13Z"
      }
    },
    {
      "type": "Feature",
      "geometry": {
        "type": "Point",
        "coordinates": [
          6.612,
          50.332
        ]
      },
      "properties": {
        "temperature_2m": 6.4,
        "precipitation": 0.0,
        "cloud_cover": 100,
        "wind_speed_10m": 2.2,
        "last_updated": "2026-10-10T21:01:13Z"
      }
    },
    {
      "type": "Feature",
      "geometry": {
        "type": "Point",
        "coordinates": [
          6.873,
          50.332
        ]
      },
      "properties": {
        "temperature_2m": 6.6,
        "precipitation": 0.0,
        "cloud_cover": 6,
        "wind_speed_10m": 2.0,
        "last_updated": "2026-10-10T21:01:13Z"
      }
    },
    {
      "type": "Feature",
      "geometry": {
        "type": "Point",
        "coordinates": [
          7.105,
          50.332
        ]
      },
      "properties": {
        "temperature_2m": 6.9,
        "precipitation": 0.0,
        "cloud_cover": 0,
        "wind_speed_10m": 2.8,
        "last_updated": "2026-10-10T21:01:13Z"
      }
    },
    {
      "type": "Feature",
      "geometry": {
        "type": "Point",
        "coordinates": [
          7.366,
          50.332
        ]
      },
      "properties": {
        "temperature_2m": 9.0,
        "precipitation": 0.0,
        "cloud_cover": 0,
        "wind_speed_10m": 3.4,
        "last_updated": "2026-10-10T21:01:13Z"
      }
    },
    {
      "type": "Feature",
      "geometry": {
        "type": "Point",
        "coordinates": [
          7.598,
          50.332
        ]
      },
      "properties": {
        "temperature_2m": 10.3,
        "precipitation": 0.0,
        "cloud_cover": 69,
        "wind_speed_10m": 3.3,
        "last_updated": "2026-10-10T21:01:13Z"
      }
    },
    {
      "type": "Feature",
      "geometry": {
        "type": "Point",
        "coordinates": [
          7.8603,
          50.3335
        ]
      },
      "properties": {
        "temperature_2m": 10.0,
        "precipitation": 0.0,
        "cloud_cover": 88,
        "wind_speed_10m": 1.84,
        "last_updated": "2026-10-10T21:01:13Z"
      }
    },
    {
      "type": "Feature",
      "geometry": {
        "type": "Point",
        "coordinates": [
          8.1301,
          50.3345
        ]
      },
      "properties": {
        "temperature_2m": 10.9,
        "precipitation": 0.0,
        "cloud_cover": 48,
        "wind_speed_10m": 2.13,
        "last_updated": "2026-10-10T21:01:13Z"
      }
    },
    {
      "type": "Feature",
      "geometry": {
        "type": "Point",
        "coordinates": [
          8.3527,
          50.3207
        ]
      },
      "properties": {
        "temperature_2m": 9.4,
        "precipitation": 0.0,
        "cloud_cover": 96,
        "wind_speed_10m": 2.95,
        "last_updated": "2026-10-10T21:01:13Z"
      }
    },
    {
      "type": "Feature",
      "geometry": {
        "type": "Point",
        "coordinates": [
          8.6029,
          50.3301
        ]
      },
      "properties": {
        "temperature_2m": 10.4,
        "precipitation": 0.0,
        "cloud_cover": 91,
        "wind_speed_10m": 2.06,
        "last_updated": "2026-10-10T21:01:13Z"
      }
    },
    {
      "type": "Feature",
      "geometry": {
        "type": "Point",
        "coordinates": [
          8.8533,
          50.339
        ]
      },
      "properties": {
        "temperature_2m": 10.8,
        "precipitation": 0.0,
        "cloud_cover": 89,
        "wind_speed_10m": 2.56,
        "last_updated": "2026-10-10T21:01:13Z"
      }
    },
    {
      "type": "Feature",
      "geometry": {
        "type": "Point",
        "coordinates": [
          9.101,
          50.3305
        ]
      },
      "properties": {
        "temperature_2m": 9.8,
        "precipitation": 0.0,
        "cloud_cover": 100,
        "wind_speed_10m": 1.98,
        "last_updated": "2026-10-10T21:01:13Z"
      }
    },
    {
      "type": "Feature",
      "geometry": {
        "type": "Point",
        "coordinates": [
          9.3708,
          50.3289
        ]
      },
      "properties": {
        "temperature_2m": 8.9,
        "precipitation": 0.0,
        "cloud_cover": 99,
        "wind_speed_10m": 1.56,
        "last_updated": "2026-10-10T21:01:13Z"
      }
    },
    {
      "type": "Feature",
      "geometry": {
        "type": "Point",
        "coordinates": [
          9.6214,
          50.3364
        ]
      },
      "properties": {
        "temperature_2m": 9.4,
        "precipitation": 0.0,
        "cloud_cover": 95,
        "wind_speed_10m": 1.41,
        "last_updated": "2026-10-10T21:01:13Z"
      }
    },
    {
      "type": "Feature",
      "geometry": {
        "type": "Point",
        "coordinates": [
          -5.1334,
          50.5873
        ]
      },
      "properties": {
        "temperature_2m": 15.0,
        "precipitation": 0.0,
        "cloud_cover": 100,
        "wind_speed_10m": 6.2,
        "last_updated": "2026-10-10T21:01:13Z"
      }
    },
    {
      "type": "Feature",
      "geometry": {
        "type": "Point",
        "coordinates": [
          -4.8778,
          50.5751
        ]
      },
      "properties": {
        "temperature_2m": 13.1,
        "precipitation": 0.0,
        "cloud_cover": 100,
        "wind_speed_10m": 3.3,
        "last_updated": "2026-10-10T21:01:13Z"
      }
    },
    {
      "type": "Feature",
      "geometry": {
        "type": "Point",
        "coordinates": [
          -4.6514,
          50.5797
        ]
      },
      "properties": {
        "temperature_2m": 10.7,
        "precipitation": 0.0,
        "cloud_cover": 100,
        "wind_speed_10m": 2.4,
        "last_updated": "2026-10-10T21:01:13Z"
      }
    },
    {
      "type": "Feature",
      "geometry": {
        "type": "Point",
        "coordinates": [
          -4.3968,
          50.5843
        ]
      },
      "properties": {
        "temperature_2m": 10.9,
        "precipitation": 0.0,
        "cloud_cover": 100,
        "wind_speed_10m": 1.5,
        "last_updated": "2026-10-10T21:01:13Z"
      }
    },
    {
      "type": "Feature",
      "geometry": {
        "type": "Point",
        "coordinates": [
          -4.1421,
          50.5883
        ]
      },
      "properties": {
        "temperature_2m": 10.4,
        "precipitation": 0.0,
        "cloud_cover": 100,
        "wind_speed_10m": 1.2,
        "last_updated": "2026-10-10T21:01:13Z"
      }
    },
    {
      "type": "Feature",
      "geometry": {
        "type": "Point",
        "coordinates": [
          -3.8868,
          50.5738
        ]
      },
      "properties": {
        "temperature_2m": 9.5,
        "precipitation": 0.0,
        "cloud_cover": 100,
        "wind_speed_10m": 2.9,
        "last_updated": "2026-10-10T21:01:13Z"
      }
    },
    {
      "type": "Feature",
      "geometry": {
        "type": "Point",
        "coordinates": [
          -3.6321,
          50.5766
        ]
      },
      "properties": {
        "temperature_2m": 9.1,
        "precipitation": 0.0,
        "cloud_cover": 86,
        "wind_speed_10m": 0.8,
        "last_updated": "2026-10-10T21:01:13Z"
      }
    },
    {
      "type": "Feature",
      "geometry": {
        "type": "Point",
        "coordinates": [
          -3.3774,
          50.5789
        ]
      },
      "properties": {
        "temperature_2m": 13.7,
        "precipitation": 0.0,
        "cloud_cover": 96,
        "wind_speed_10m": 5.5,
        "last_updated": "2026-10-10T21:01:13Z"
      }
    },
    {
      "type": "Feature",
      "geometry": {
        "type": "Point",
        "coordinates": [
          -3.151,
          50.5805
        ]
      },
      "properties": {
        "temperature_2m": 14.3,
        "precipitation": 0.0,
        "cloud_cover": 63,
        "wind_speed_10m": 6.7,
        "last_updated": "2026-10-10T21:01:13Z"
      }
    },
    {
      "type": "Feature",
      "geometry": {
        "type": "Point",
        "coordinates": [
          -2.8963,
          50.5817
        ]
      },
      "properties": {
        "temperature_2m": 14.7,
        "precipitation": 0.0,
        "cloud_cover": 11,
        "wind_speed_10m": 7.3,
        "last_updated": "2026-10-10T21:01:13Z"
      }
    },
    {
      "type": "Feature",
      "geometry": {
        "type": "Point",
        "coordinates": [
          -2.6415,
          50.5823
        ]
      },
      "properties": {
        "temperature_2m": 14.7,
        "precipitation": 0.0,
        "cloud_cover": 13,
        "wind_speed_10m": 8.4,
        "last_updated": "2026-10-10T21:01:13Z"
      }
    },
    {
      "type": "Feature",
      "geometry": {
        "type": "Point",
        "coordinates": [
          -2.3868,
          50.5823
        ]
      },
      "properties": {
        "temperature_2m": 14.2,
        "precipitation": 0.0,
        "cloud_cover": 56,
        "wind_speed_10m": 6.0,
        "last_updated": "2026-10-10T21:01:13Z"
      }
    },
    {
      "type": "Feature",
      "geometry": {
        "type": "Point",
        "coordinates": [
          -2.1036,
          50.5997
        ]
      },
      "properties": {
        "temperature_2m": 12.4,
        "precipitation": 0.0,
        "cloud_cover": 99,
        "wind_speed_10m": 4.5,
        "last_updated": "2026-10-10T21:01:13Z"
      }
    },
    {
      "type": "Feature",
      "geometry": {
        "type": "Point",
        "coordinates": [
          -1.8773,
          50.5807
        ]
      },
      "properties": {
        "temperature_2m": 13.6,
        "precipitation": 0.0,
        "cloud_cover": 65,
        "wind_speed_10m": 7.3,
        "last_updated": "2026-10-10T21:01:13Z"
      }
    },
    {
      "type": "Feature",
      "geometry": {
        "type": "Point",
        "coordinates": [
          -1.6509,
          50.5792
        ]
      },
      "properties": {
        "temperature_2m": 14.2,
        "precipitation": 0.0,
        "cloud_cover": 51,
        "wind_speed_10m": 8.7,
        "last_updated": "2026-10-10T21:01:13Z"
      }
    },
    {
      "type": "Feature",
      "geometry": {
        "type": "Point",
        "coordinates": [
          -1.3962,
          50.5769
        ]
      },
      "properties": {
        "temperature_2m": 14.5,
        "precipitation": 0.0,
        "cloud_cover": 13,
        "wind_speed_10m": 8.6,
        "last_updated": "2026-10-10T21:01:13Z"
      }
    },
    {
      "type": "Feature",
      "geometry": {
        "type": "Point",
        "coordinates": [
          -1.1415,
          50.5741
        ]
      },
      "properties": {
        "temperature_2m": 13.7,
        "precipitation": 0.0,
        "cloud_cover": 2,
        "wind_speed_10m": 6.8,
        "last_updated": "2026-10-10T21:01:13Z"
      }
    },
    {
      "type": "Feature",
      "geometry": {
        "type": "Point",
        "coordinates": [
          -0.8862,
          50.5887
        ]
      },
      "properties": {
        "temperature_2m": 14.4,
        "precipitation": 0.0,
        "cloud_cover": 0,
        "wind_speed_10m": 9.3,
        "last_updated": "2026-10-10T21:01:13Z"
      }
    },
    {
      "type": "Feature",
      "geometry": {
        "type": "Point",
        "coordinates": [
          -0.6315,
          50.5847
        ]
      },
      "properties": {
        "temperature_2m": 14.6,
        "precipitation": 0.0,
        "cloud_cover": 0,
        "wind_speed_10m": 9.4,
        "last_updated": "2026-10-10T21:01:13Z"
      }
    },
    {
      "type": "Feature",
      "geometry": {
        "type": "Point",
        "coordinates": [
          -0.3768,
          50.5802
        ]
      },
      "properties": {
        "temperature_2m": 14.8,
        "precipitation": 0.0,
        "cloud_cover": 0,
        "wind_speed_10m": 9.4,
        "last_updated": "2026-10-10T21:01:13Z"
      }
    },
    {
      "type": "Feature",
      "geometry": {
        "type": "Point",
        "coordinates": [
          -0.1505,
          50.5757
        ]
      },
      "properties": {
        "temperature_2m": 14.8,
        "precipitation": 0.0,
        "cloud_cover": 0,
        "wind_speed_10m": 9.8,
        "last_updated": "2026-10-10T21:01:13Z"
      }
    },
    {
      "type": "Feature",
      "geometry": {
        "type": "Point",
        "coordinates": [
          0.1051,
          50.588
        ]
      },
      "properties": {
        "temperature_2m": 14.8,
        "precipitation": 0.0,
        "cloud_cover": 0,
        "wind_speed_10m": 10.4,
        "last_updated": "2026-10-10T21:01:13Z"
      }
    },
    {
      "type": "Feature",
      "geometry": {
        "type": "Point",
        "coordinates": [
          0.3597,
          50.5818
        ]
      },
      "properties": {
        "temperature_2m": 15.0,
        "precipitation": 0.0,
        "cloud_cover": 0,
        "wind_speed_10m": 10.3,
        "last_updated": "2026-10-10T21:01:13Z"
      }
    },
    {
      "type": "Feature",
      "geometry": {
        "type": "Point",
        "coordinates": [
          0.6142,
          50.5749
        ]
      },
      "properties": {
        "temperature_2m": 15.1,
        "precipitation": 0.0,
        "cloud_cover": 20,
        "wind_speed_10m": 9.8,
        "last_updated": "2026-10-10T21:01:13Z"
      }
    },
    {
      "type": "Feature",
      "geometry": {
        "type": "Point",
        "coordinates": [
          0.87,
          50.5855
        ]
      },
      "properties": {
        "temperature_2m": 15.0,
        "precipitation": 0.0,
        "cloud_cover": 0,
        "wind_speed_10m": 10.3,
        "last_updated": "2026-10-10T21:01:13Z"
      }
    },
    {
      "type": "Feature",
      "geometry": {
        "type": "Point",
        "coordinates": [
          1.1178,
          50.5864
        ]
      },
      "properties": {
        "temperature_2m": 15.2,
        "precipitation": 0.0,
        "cloud_cover": 29,
        "wind_speed_10m": 10.89,
        "last_updated": "2026-10-10T21:01:13Z"
      }
    },
    {
      "type": "Feature",
      "geometry": {
        "type": "Point",
        "coordinates": [
          1.3647,
          50.5758
        ]
      },
      "properties": {
        "temperature_2m": 15.3,
        "precipitation": 0.0,
        "cloud_cover": 35,
        "wind_speed_10m": 10.86,
        "last_updated": "2026-10-10T21:01:13Z"
      }
    },
    {
      "type": "Feature",
      "geometry": {
        "type": "Point",
        "coordinates": [
          1.6127,
          50.581
        ]
      },
      "properties": {
        "temperature_2m": 13.4,
        "precipitation": 0.0,
        "cloud_cover": 42,
        "wind_speed_10m": 6.99,
        "last_updated": "2026-10-10T21:01:13Z"
      }
    },
    {
      "type": "Feature",
      "geometry": {
        "type": "Point",
        "coordinates": [
          1.8594,
          50.5696
        ]
      },
      "properties": {
        "temperature_2m": 11.4,
        "precipitation": 0.0,
        "cloud_cover": 0,
        "wind_speed_10m": 3.98,
        "last_updated": "2026-10-10T21:01:13Z"
      }
    },
    {
      "type": "Feature",
      "geometry": {
        "type": "Point",
        "coordinates": [
          2.1074,
          50.5739
        ]
      },
      "properties": {
        "temperature_2m": 10.3,
        "precipitation": 0.0,
        "cloud_cover": 66,
        "wind_speed_10m": 2.75,
        "last_updated": "2026-10-10T21:01:13Z"
      }
    },
    {
      "type": "Feature",
      "geometry": {
        "type": "Point",
        "coordinates": [
          2.349,
          50.584
        ]
      },
      "properties": {
        "temperature_2m": 8.6,
        "precipitation": 0.0,
        "cloud_cover": 0,
        "wind_speed_10m": 3.8,
        "last_updated": "2026-10-10T21:01:13Z"
      }
    },
    {
      "type": "Feature",
      "geometry": {
        "type": "Point",
        "coordinates": [
          2.61,
          50.584
        ]
      },
      "properties": {
        "temperature_2m": 8.4,
        "precipitation": 0.0,
        "cloud_cover": 1,
        "wind_speed_10m": 2.9,
        "last_updated": "2026-10-10T21:01:13Z"
      }
    },
    {
      "type": "Feature",
      "geometry": {
        "type": "Point",
        "coordinates": [
          2.871,
          50.584
        ]
      },
      "properties": {
        "temperature_2m": 8.8,
        "precipitation": 0.0,
        "cloud_cover": 1,
        "wind_speed_10m": 2.9,
        "last_updated": "2026-10-10T21:01:13Z"
      }
    },
    {
      "type": "Feature",
      "geometry": {
        "type": "Point",
        "coordinates": [
          3.103,
          50.584
        ]
      },
      "properties": {
        "temperature_2m": 10.3,
        "precipitation": 0.0,
        "cloud_cover": 0,
        "wind_speed_10m": 3.3,
        "last_updated": "2026-10-10T21:01:13Z"
      }
    },
    {
      "type": "Feature",
      "geometry": {
        "type": "Point",
        "coordinates": [
          3.364,
          50.584
        ]
      },
      "properties": {
        "temperature_2m": 8.3,
        "precipitation": 0.0,
        "cloud_cover": 0,
        "wind_speed_10m": 3.2,
        "last_updated": "2026-10-10T21:01:13Z"
      }
    },
    {
      "type": "Feature",
      "geometry": {
        "type": "Point",
        "coordinates": [
          3.596,
          50.584
        ]
      },
      "properties": {
        "temperature_2m": 8.8,
        "precipitation": 0.0,
        "cloud_cover": 0,
        "wind_speed_10m": 3.3,
        "last_updated": "2026-10-10T21:01:13Z"
      }
    },
    {
      "type": "Feature",
      "geometry": {
        "type": "Point",
        "coordinates": [
          3.857,
          50.584
        ]
      },
      "properties": {
        "temperature_2m": 10.1,
        "precipitation": 0.0,
        "cloud_cover": 23,
        "wind_speed_10m": 4.3,
        "last_updated": "2026-10-10T21:01:13Z"
      }
    },
    {
      "type": "Feature",
      "geometry": {
        "type": "Point",
        "coordinates": [
          4.118,
          50.584
        ]
      },
      "properties": {
        "temperature_2m": 9.5,
        "precipitation": 0.0,
        "cloud_cover": 4,
        "wind_speed_10m": 4.4,
        "last_updated": "2026-10-10T21:01:13Z"
      }
    },
    {
      "type": "Feature",
      "geometry": {
        "type": "Point",
        "coordinates": [
          4.35,
          50.584
        ]
      },
      "properties": {
        "temperature_2m": 9.6,
        "precipitation": 0.0,
        "cloud_cover": 100,
        "wind_speed_10m": 3.8,
        "last_updated": "2026-10-10T21:01:13Z"
      }
    },
    {
      "type": "Feature",
      "geometry": {
        "type": "Point",
        "coordinates": [
          4.611,
          50.584
        ]
      },
      "properties": {
        "temperature_2m": 8.9,
        "precipitation": 0.0,
        "cloud_cover": 100,
        "wind_speed_10m": 4.1,
        "last_updated": "2026-10-10T21:01:13Z"
      }
    },
    {
      "type": "Feature",
      "geometry": {
        "type": "Point",
        "coordinates": [
          4.872,
          50.584
        ]
      },
      "properties": {
        "temperature_2m": 8.8,
        "precipitation": 0.0,
        "cloud_cover": 0,
        "wind_speed_10m": 4.6,
        "last_updated": "2026-10-10T21:01:13Z"
      }
    },
    {
      "type": "Feature",
      "geometry": {
        "type": "Point",
        "coordinates": [
          5.104,
          50.584
        ]
      },
      "properties": {
        "temperature_2m": 9.1,
        "precipitation": 0.0,
        "cloud_cover": 0,
        "wind_speed_10m": 5.2,
        "last_updated": "2026-10-10T21:01:13Z"
      }
    },
    {
      "type": "Feature",
      "geometry": {
        "type": "Point",
        "coordinates": [
          5.365,
          50.584
        ]
      },
      "properties": {
        "temperature_2m": 9.1,
        "precipitation": 0.0,
        "cloud_cover": 95,
        "wind_speed_10m": 4.6,
        "last_updated": "2026-10-10T21:01:13Z"
      }
    },
    {
      "type": "Feature",
      "geometry": {
        "type": "Point",
        "coordinates": [
          5.597,
          50.584
        ]
      },
      "properties": {
        "temperature_2m": 9.9,
        "precipitation": 0.0,
        "cloud_cover": 99,
        "wind_speed_10m": 3.3,
        "last_updated": "2026-10-10T21:01:13Z"
      }
    },
    {
      "type": "Feature",
      "geometry": {
        "type": "Point",
        "coordinates": [
          5.858,
          50.584
        ]
      },
      "properties": {
        "temperature_2m": 8.9,
        "precipitation": 0.0,
        "cloud_cover": 100,
        "wind_speed_10m": 3.1,
        "last_updated": "2026-10-10T21:01:13Z"
      }
    },
    {
      "type": "Feature",
      "geometry": {
        "type": "Point",
        "coordinates": [
          6.119,
          50.584
        ]
      },
      "properties": {
        "temperature_2m": 7.4,
        "precipitation": 0.0,
        "cloud_cover": 99,
        "wind_speed_10m": 3.5,
        "last_updated": "2026-10-10T21:01:13Z"
      }
    },
    {
      "type": "Feature",
      "geometry": {
        "type": "Point",
        "coordinates": [
          6.351,
          50.584
        ]
      },
      "properties": {
        "temperature_2m": 8.1,
        "precipitation": 0.0,
        "cloud_cover": 99,
        "wind_speed_10m": 2.9,
        "last_updated": "2026-10-10T21:01:13Z"
      }
    },
    {
      "type": "Feature",
      "geometry": {
        "type": "Point",
        "coordinates": [
          6.612,
          50.584
        ]
      },
      "properties": {
        "temperature_2m": 7.6,
        "precipitation": 0.0,
        "cloud_cover": 38,
        "wind_speed_10m": 3.8,
        "last_updated": "2026-10-10T21:01:13Z"
      }
    },
    {
      "type": "Feature",
      "geometry": {
        "type": "Point",
        "coordinates": [
          6.873,
          50.584
        ]
      },
      "properties": {
        "temperature_2m": 7.9,
        "precipitation": 0.0,
        "cloud_cover": 0,
        "wind_speed_10m": 2.7,
        "last_updated": "2026-10-10T21:01:13Z"
      }
    },
    {
      "type": "Feature",
      "geometry": {
        "type": "Point",
        "coordinates": [
          7.105,
          50.584
        ]
      },
      "properties": {
        "temperature_2m": 8.1,
        "precipitation": 0.0,
        "cloud_cover": 1,
        "wind_speed_10m": 3.5,
        "last_updated": "2026-10-10T21:01:13Z"
      }
    },
    {
      "type": "Feature",
      "geometry": {
        "type": "Point",
        "coordinates": [
          7.366,
          50.584
        ]
      },
      "properties": {
        "temperature_2m": 7.5,
        "precipitation": 0.0,
        "cloud_cover": 6,
        "wind_speed_10m": 2.6,
        "last_updated": "2026-10-10T21:01:13Z"
      }
    },
    {
      "type": "Feature",
      "geometry": {
        "type": "Point",
        "coordinates": [
          7.598,
          50.584
        ]
      },
      "properties": {
        "temperature_2m": 8.3,
        "precipitation": 0.0,
        "cloud_cover": 6,
        "wind_speed_10m": 3.1,
        "last_updated": "2026-10-10T21:01:13Z"
      }
    },
    {
      "type": "Feature",
      "geometry": {
        "type": "Point",
        "coordinates": [
          7.8662,
          50.5852
        ]
      },
      "properties": {
        "temperature_2m": 7.9,
        "precipitation": 0.0,
        "cloud_cover": 37,
        "wind_speed_10m": 3.11,
        "last_updated": "2026-10-10T21:01:13Z"
      }
    },
    {
      "type": "Feature",
      "geometry": {
        "type": "Point",
        "coordinates": [
          8.0929,
          50.5888
        ]
      },
      "properties": {
        "temperature_2m": 8.2,
        "precipitation": 0.0,
        "cloud_cover": 28,
        "wind_speed_10m": 3.2,
        "last_updated": "2026-10-10T21:01:13Z"
      }
    },
    {
      "type": "Feature",
      "geometry": {
        "type": "Point",
        "coordinates": [
          8.3617,
          50.5723
        ]
      },
      "properties": {
        "temperature_2m": 8.7,
        "precipitation": 0.0,
        "cloud_cover": 13,
        "wind_speed_10m": 2.24,
        "last_updated": "2026-10-10T21:01:13Z"
      }
    },
    {
      "type": "Feature",
      "geometry": {
        "type": "Point",
        "coordinates": [
          8.6135,
          50.5816
        ]
      },
      "properties": {
        "temperature_2m": 9.4,
        "precipitation": 0.0,
        "cloud_cover": 27,
        "wind_speed_10m": 0.94,
        "last_updated": "2026-10-10T21:01:13Z"
      }
    },
    {
      "type": "Feature",
      "geometry": {
        "type": "Point",
        "coordinates": [
          8.8627,
          50.5735
        ]
      },
      "properties": {
        "temperature_2m": 9.6,
        "precipitation": 0.0,
        "cloud_cover": 95,
        "wind_speed_10m": 1.8,
        "last_updated": "2026-10-10T21:01:13Z"
      }
    },
    {
      "type": "Feature",
      "geometry": {
        "type": "Point",
        "coordinates": [
          9.1147,
          50.5818
        ]
      },
      "properties": {
        "temperature_2m": 9.4,
        "precipitation": 0.0,
        "cloud_cover": 89,
        "wind_speed_10m": 3.54,
        "last_updated": "2026-10-10T21:01:13Z"
      }
    },
    {
      "type": "Feature",
      "geometry": {
        "type": "Point",
        "coordinates": [
          9.3668,
          50.5896
        ]
      },
      "properties": {
        "temperature_2m": 8.6,
        "precipitation": 0.0,
        "cloud_cover": 91,
        "wind_speed_10m": 2.06,
        "last_updated": "2026-10-10T21:01:13Z"
      }
    },
    {
      "type": "Feature",
      "geometry": {
        "type": "Point",
        "coordinates": [
          9.5906,
          50.5738
        ]
      },
      "properties": {
        "temperature_2m": 9.6,
        "precipitation": 0.0,
        "cloud_cover": 58,
        "wind_speed_10m": 2.33,
        "last_updated": "2026-10-10T21:01:13Z"
      }
    },
    {
      "type": "Feature",
      "geometry": {
        "type": "Point",
        "coordinates": [
          -5.1467,
          50.8211
        ]
      },
      "properties": {
        "temperature_2m": 15.0,
        "precipitation": 0.0,
        "cloud_cover": 100,
        "wind_speed_10m": 6.1,
        "last_updated": "2026-10-10T21:01:13Z"
      }
    },
    {
      "type": "Feature",
      "geometry": {
        "type": "Point",
        "coordinates": [
          -4.8908,
          50.8269
        ]
      },
      "properties": {
        "temperature_2m": 15.2,
        "precipitation": 0.0,
        "cloud_cover": 100,
        "wind_speed_10m": 7.3,
        "last_updated": "2026-10-10T21:01:13Z"
      }
    },
    {
      "type": "Feature",
      "geometry": {
        "type": "Point",
        "coordinates": [
          -4.6348,
          50.832
        ]
      },
      "properties": {
        "temperature_2m": 14.2,
        "precipitation": 0.0,
        "cloud_cover": 100,
        "wind_speed_10m": 7.8,
        "last_updated": "2026-10-10T21:01:13Z"
      }
    },
    {
      "type": "Feature",
      "geometry": {
        "type": "Point",
        "coordinates": [
          -4.3787,
          50.8366
        ]
      },
      "properties": {
        "temperature_2m": 11.6,
        "precipitation": 0.0,
        "cloud_cover": 100,
        "wind_speed_10m": 2.4,
        "last_updated": "2026-10-10T21:01:13Z"
      }
    },
    {
      "type": "Feature",
      "geometry": {
        "type": "Point",
        "coordinates": [
          -4.1504,
          50.8222
        ]
      },
      "properties": {
        "temperature_2m": 11.1,
        "precipitation": 0.0,
        "cloud_cover": 100,
        "wind_speed_10m": 1.8,
        "last_updated": "2026-10-10T21:01:13Z"
      }
    },
    {
      "type": "Feature",
      "geometry": {
        "type": "Point",
        "coordinates": [
          -3.8944,
          50.8257
        ]
      },
      "properties": {
        "temperature_2m": 9.9,
        "precipitation": 0.0,
        "cloud_cover": 100,
        "wind_speed_10m": 2.8,
        "last_updated": "2026-10-10T21:01:13Z"
      }
    },
    {
      "type": "Feature",
      "geometry": {
        "type": "Point",
        "coordinates": [
          -3.6383,
          50.8286
        ]
      },
      "properties": {
        "temperature_2m": 10.0,
        "precipitation": 0.0,
        "cloud_cover": 96,
        "wind_speed_10m": 2.1,
        "last_updated": "2026-10-10T21:01:13Z"
      }
    },
    {
      "type": "Feature",
      "geometry": {
        "type": "Point",
        "coordinates": [
          -3.3822,
          50.8309
        ]
      },
      "properties": {
        "temperature_2m": 10.2,
        "precipitation": 0.1,
        "cloud_cover": 45,
        "wind_speed_10m": 3.1,
        "last_updated": "2026-10-10T21:01:13Z"
      }
    },
    {
      "type": "Feature",
      "geometry": {
        "type": "Point",
        "coordinates": [
          -3.1261,
          50.8326
        ]
      },
      "properties": {
        "temperature_2m": 9.0,
        "precipitation": 0.0,
        "cloud_cover": 85,
        "wind_speed_10m": 3.4,
        "last_updated": "2026-10-10T21:01:13Z"
      }
    },
    {
      "type": "Feature",
      "geometry": {
        "type": "Point",
        "coordinates": [
          -2.8984,
          50.8337
        ]
      },
      "properties": {
        "temperature_2m": 9.0,
        "precipitation": 0.0,
        "cloud_cover": 8,
        "wind_speed_10m": 2.1,
        "last_updated": "2026-10-10T21:01:13Z"
      }
    },
    {
      "type": "Feature",
      "geometry": {
        "type": "Point",
        "coordinates": [
          -2.6423,
          50.8343
        ]
      },
      "properties": {
        "temperature_2m": 9.9,
        "precipitation": 0.0,
        "cloud_cover": 9,
        "wind_speed_10m": 3.1,
        "last_updated": "2026-10-10T21:01:13Z"
      }
    },
    {
      "type": "Feature",
      "geometry": {
        "type": "Point",
        "coordinates": [
          -2.3862,
          50.8343
        ]
      },
      "properties": {
        "temperature_2m": 9.8,
        "precipitation": 0.0,
        "cloud_cover": 0,
        "wind_speed_10m": 3.1,
        "last_updated": "2026-10-10T21:01:13Z"
      }
    },
    {
      "type": "Feature",
      "geometry": {
        "type": "Point",
        "coordinates": [
          -2.13,
          50.8337
        ]
      },
      "properties": {
        "temperature_2m": 11.6,
        "precipitation": 0.0,
        "cloud_cover": 92,
        "wind_speed_10m": 2.9,
        "last_updated": "2026-10-10T21:01:13Z"
      }
    },
    {
      "type": "Feature",
      "geometry": {
        "type": "Point",
        "coordinates": [
          -1.9023,
          50.8328
        ]
      },
      "properties": {
        "temperature_2m": 11.2,
        "precipitation": 0.0,
        "cloud_cover": 100,
        "wind_speed_10m": 1.9,
        "last_updated": "2026-10-10T21:01:13Z"
      }
    },
    {
      "type": "Feature",
      "geometry": {
        "type": "Point",
        "coordinates": [
          -1.6462,
          50.8311
        ]
      },
      "properties": {
        "temperature_2m": 11.1,
        "precipitation": 0.0,
        "cloud_cover": 100,
        "wind_speed_10m": 2.6,
        "last_updated": "2026-10-10T21:01:13Z"
      }
    },
    {
      "type": "Feature",
      "geometry": {
        "type": "Point",
        "coordinates": [
          -1.3901,
          50.8289
        ]
      },
      "properties": {
        "temperature_2m": 10.1,
        "precipitation": 0.0,
        "cloud_cover": 46,
        "wind_speed_10m": 2.9,
        "last_updated": "2026-10-10T21:01:13Z"
      }
    },
    {
      "type": "Feature",
      "geometry": {
        "type": "Point",
        "coordinates": [
          -1.1341,
          50.826
        ]
      },
      "properties": {
        "temperature_2m": 10.8,
        "precipitation": 0.0,
        "cloud_cover": 0,
        "wind_speed_10m": 3.4,
        "last_updated": "2026-10-10T21:01:13Z"
      }
    },
    {
      "type": "Feature",
      "geometry": {
        "type": "Point",
        "coordinates": [
          -0.878,
          50.8226
        ]
      },
      "properties": {
        "temperature_2m": 10.5,
        "precipitation": 0.0,
        "cloud_cover": 0,
        "wind_speed_10m": 3.3,
        "last_updated": "2026-10-10T21:01:13Z"
      }
    },
    {
      "type": "Feature",
      "geometry": {
        "type": "Point",
        "coordinates": [
          -0.6497,
          50.8371
        ]
      },
      "properties": {
        "temperature_2m": 9.4,
        "precipitation": 0.0,
        "cloud_cover": 0,
        "wind_speed_10m": 2.5,
        "last_updated": "2026-10-10T21:01:13Z"
      }
    },
    {
      "type": "Feature",
      "geometry": {
        "type": "Point",
        "coordinates": [
          -0.3937,
          50.8326
        ]
      },
      "properties": {
        "temperature_2m": 10.1,
        "precipitation": 0.0,
        "cloud_cover": 30,
        "wind_speed_10m": 1.9,
        "last_updated": "2026-10-10T21:01:13Z"
      }
    },
    {
      "type": "Feature",
      "geometry": {
        "type": "Point",
        "coordinates": [
          -0.1377,
          50.8275
        ]
      },
      "properties": {
        "temperature_2m": 11.5,
        "precipitation": 0.0,
        "cloud_cover": 1,
        "wind_speed_10m": 3.9,
        "last_updated": "2026-10-10T21:01:13Z"
      }
    },
    {
      "type": "Feature",
      "geometry": {
        "type": "Point",
        "coordinates": [
          0.1183,
          50.8218
        ]
      },
      "properties": {
        "temperature_2m": 9.2,
        "precipitation": 0.0,
        "cloud_cover": 0,
        "wind_speed_10m": 4.3,
        "last_updated": "2026-10-10T21:01:13Z"
      }
    },
    {
      "type": "Feature",
      "geometry": {
        "type": "Point",
        "coordinates": [
          0.3469,
          50.8342
        ]
      },
      "properties": {
        "temperature_2m": 9.6,
        "precipitation": 0.0,
        "cloud_cover": 0,
        "wind_speed_10m": 3.1,
        "last_updated": "2026-10-10T21:01:13Z"
      }
    },
    {
      "type": "Feature",
      "geometry": {
        "type": "Point",
        "coordinates": [
          0.6028,
          50.8274
        ]
      },
      "properties": {
        "temperature_2m": 12.5,
        "precipitation": 0.0,
        "cloud_cover": 0,
        "wind_speed_10m": 6.6,
        "last_updated": "2026-10-10T21:01:13Z"
      }
    },
    {
      "type": "Feature",
      "geometry": {
        "type": "Point",
        "coordinates": [
          0.86,
          50.838
        ]
      },
      "properties": {
        "temperature_2m": 13.8,
        "precipitation": 0.0,
        "cloud_cover": 0,
        "wind_speed_10m": 9.3,
        "last_updated": "2026-10-10T21:01:13Z"
      }
    },
    {
      "type": "Feature",
      "geometry": {
        "type": "Point",
        "coordinates": [
          1.1159,
          50.8301
        ]
      },
      "properties": {
        "temperature_2m": 14.4,
        "precipitation": 0.0,
        "cloud_cover": 0,
        "wind_speed_10m": 10.0,
        "last_updated": "2026-10-10T21:01:13Z"
      }
    },
    {
      "type": "Feature",
      "geometry": {
        "type": "Point",
        "coordinates": [
          1.3529,
          50.8355
        ]
      },
      "properties": {
        "temperature_2m": 14.7,
        "precipitation": 0.0,
        "cloud_cover": 0,
        "wind_speed_10m": 10.35,
        "last_updated": "2026-10-10T21:01:13Z"
      }
    },
    {
      "type": "Feature",
      "geometry": {
        "type": "Point",
        "coordinates": [
          1.6012,
          50.8245
        ]
      },
      "properties": {
        "temperature_2m": 13.5,
        "precipitation": 0.0,
        "cloud_cover": 4,
        "wind_speed_10m": 8.05,
        "last_updated": "2026-10-10T21:01:13Z"
      }
    },
    {
      "type": "Feature",
      "geometry": {
        "type": "Point",
        "coordinates": [
          1.8508,
          50.8293
        ]
      },
      "properties": {
        "temperature_2m": 11.2,
        "precipitation": 0.0,
        "cloud_cover": 0,
        "wind_speed_10m": 4.27,
        "last_updated": "2026-10-10T21:01:13Z"
      }
    },
    {
      "type": "Feature",
      "geometry": {
        "type": "Point",
        "coordinates": [
          2.1224,
          50.8251
        ]
      },
      "properties": {
        "temperature_2m": 11.0,
        "precipitation": 0.0,
        "cloud_cover": 0,
        "wind_speed_10m": 3.93,
        "last_updated": "2026-10-10T21:01:13Z"
      }
    },
    {
      "type": "Feature",
      "geometry": {
        "type": "Point",
        "coordinates": [
          2.349,
          50.836
        ]
      },
      "properties": {
        "temperature_2m": 9.0,
        "precipitation": 0.0,
        "cloud_cover": 0,
        "wind_speed_10m": 2.9,
        "last_updated": "2026-10-10T21:01:13Z"
      }
    },
    {
      "type": "Feature",
      "geometry": {
        "type": "Point",
        "coordinates": [
          2.61,
          50.836
        ]
      },
      "properties": {
        "temperature_2m": 8.7,
        "precipitation": 0.0,
        "cloud_cover": 14,
        "wind_speed_10m": 3.7,
        "last_updated": "2026-10-10T21:01:13Z"
      }
    },
    {
      "type": "Feature",
      "geometry": {
        "type": "Point",
        "coordinates": [
          2.871,
          50.836
        ]
      },
      "properties": {
        "temperature_2m": 9.0,
        "precipitation": 0.0,
        "cloud_cover": 5,
        "wind_speed_10m": 3.8,
        "last_updated": "2026-10-10T21:01:13Z"
      }
    },
    {
      "type": "Feature",
      "geometry": {
        "type": "Point",
        "coordinates": [
          3.103,
          50.836
        ]
      },
      "properties": {
        "temperature_2m": 8.7,
        "precipitation": 0.0,
        "cloud_cover": 5,
        "wind_speed_10m": 3.0,
        "last_updated": "2026-10-10T21:01:13Z"
      }
    },
    {
      "type": "Feature",
      "geometry": {
        "type": "Point",
        "coordinates": [
          3.364,
          50.836
        ]
      },
      "properties": {
        "temperature_2m": 10.4,
        "precipitation": 0.0,
        "cloud_cover": 0,
        "wind_speed_10m": 3.9,
        "last_updated": "2026-10-10T21:01:13Z"
      }
    },
    {
      "type": "Feature",
      "geometry": {
        "type": "Point",
        "coordinates": [
          3.596,
          50.836
        ]
      },
      "properties": {
        "temperature_2m": 9.9,
        "precipitation": 0.0,
        "cloud_cover": 0,
        "wind_speed_10m": 3.3,
        "last_updated": "2026-10-10T21:01:13Z"
      }
    },
    {
      "type": "Feature",
      "geometry": {
        "type": "Point",
        "coordinates": [
          3.857,
          50.836
        ]
      },
      "properties": {
        "temperature_2m": 9.5,
        "precipitation": 0.0,
        "cloud_cover": 25,
        "wind_speed_10m": 3.7,
        "last_updated": "2026-10-10T21:01:13Z"
      }
    },
    {
      "type": "Feature",
      "geometry": {
        "type": "Point",
        "coordinates": [
          4.118,
          50.836
        ]
      },
      "properties": {
        "temperature_2m": 9.9,
        "precipitation": 0.0,
        "cloud_cover": 43,
        "wind_speed_10m": 4.2,
        "last_updated": "2026-10-10T21:01:13Z"
      }
    },
    {
      "type": "Feature",
      "geometry": {
        "type": "Point",
        "coordinates": [
          4.35,
          50.836
        ]
      },
      "properties": {
        "temperature_2m": 11.1,
        "precipitation": 0.0,
        "cloud_cover": 98,
        "wind_speed_10m": 4.2,
        "last_updated": "2026-10-10T21:01:13Z"
      }
    },
    {
      "type": "Feature",
      "geometry": {
        "type": "Point",
        "coordinates": [
          4.611,
          50.836
        ]
      },
      "properties": {
        "temperature_2m": 10.1,
        "precipitation": 0.0,
        "cloud_cover": 100,
        "wind_speed_10m": 3.8,
        "last_updated": "2026-10-10T21:01:13Z"
      }
    },
    {
      "type": "Feature",
      "geometry": {
        "type": "Point",
        "coordinates": [
          4.872,
          50.836
        ]
      },
      "properties": {
        "temperature_2m": 9.2,
        "precipitation": 0.0,
        "cloud_cover": 100,
        "wind_speed_10m": 3.7,
        "last_updated": "2026-10-10T21:01:13Z"
      }
    },
    {
      "type": "Feature",
      "geometry": {
        "type": "Point",
        "coordinates": [
          5.104,
          50.836
        ]
      },
      "properties": {
        "temperature_2m": 9.4,
        "precipitation": 0.1,
        "cloud_cover": 100,
        "wind_speed_10m": 3.1,
        "last_updated": "2026-10-10T21:01:13Z"
      }
    },
    {
      "type": "Feature",
      "geometry": {
        "type": "Point",
        "coordinates": [
          5.365,
          50.836
        ]
      },
      "properties": {
        "temperature_2m": 9.6,
        "precipitation": 0.3,
        "cloud_cover": 0,
        "wind_speed_10m": 1.9,
        "last_updated": "2026-10-10T21:01:13Z"
      }
    },
    {
      "type": "Feature",
      "geometry": {
        "type": "Point",
        "coordinates": [
          5.597,
          50.836
        ]
      },
      "properties": {
        "temperature_2m": 9.5,
        "precipitation": 0.3,
        "cloud_cover": 100,
        "wind_speed_10m": 2.3,
        "last_updated": "2026-10-10T21:01:13Z"
      }
    },
    {
      "type": "Feature",
      "geometry": {
        "type": "Point",
        "coordinates": [
          5.858,
          50.836
        ]
      },
      "properties": {
        "temperature_2m": 9.4,
        "precipitation": 0.3,
        "cloud_cover": 100,
        "wind_speed_10m": 3.8,
        "last_updated": "2026-10-10T21:01:13Z"
      }
    },
    {
      "type": "Feature",
      "geometry": {
        "type": "Point",
        "coordinates": [
          6.119,
          50.836
        ]
      },
      "properties": {
        "temperature_2m": 9.7,
        "precipitation": 0.2,
        "cloud_cover": 100,
        "wind_speed_10m": 5.1,
        "last_updated": "2026-10-10T21:01:13Z"
      }
    },
    {
      "type": "Feature",
      "geometry": {
        "type": "Point",
        "coordinates": [
          6.351,
          50.836
        ]
      },
      "properties": {
        "temperature_2m": 10.4,
        "precipitation": 0.2,
        "cloud_cover": 100,
        "wind_speed_10m": 5.2,
        "last_updated": "2026-10-10T21:01:13Z"
      }
    },
    {
      "type": "Feature",
      "geometry": {
        "type": "Point",
        "coordinates": [
          6.612,
          50.836
        ]
      },
      "properties": {
        "temperature_2m": 9.5,
        "precipitation": 0.0,
        "cloud_cover": 100,
        "wind_speed_10m": 2.6,
        "last_updated": "2026-10-10T21:01:13Z"
      }
    },
    {
      "type": "Feature",
      "geometry": {
        "type": "Point",
        "coordinates": [
          6.873,
          50.836
        ]
      },
      "properties": {
        "temperature_2m": 9.6,
        "precipitation": 0.1,
        "cloud_cover": 100,
        "wind_speed_10m": 2.4,
        "last_updated": "2026-10-10T21:01:13Z"
      }
    },
    {
      "type": "Feature",
      "geometry": {
        "type": "Point",
        "coordinates": [
          7.105,
          50.836
        ]
      },
      "properties": {
        "temperature_2m": 10.6,
        "precipitation": 0.0,
        "cloud_cover": 100,
        "wind_speed_10m": 2.9,
        "last_updated": "2026-10-10T21:01:13Z"
      }
    },
    {
      "type": "Feature",
      "geometry": {
        "type": "Point",
        "coordinates": [
          7.366,
          50.836
        ]
      },
      "properties": {
        "temperature_2m": 9.3,
        "precipitation": 0.0,
        "cloud_cover": 100,
        "wind_speed_10m": 2.8,
        "last_updated": "2026-10-10T21:01:13Z"
      }
    },
    {
      "type": "Feature",
      "geometry": {
        "type": "Point",
        "coordinates": [
          7.598,
          50.836
        ]
      },
      "properties": {
        "temperature_2m": 9.0,
        "precipitation": 0.0,
        "cloud_cover": 99,
        "wind_speed_10m": 2.3,
        "last_updated": "2026-10-10T21:01:13Z"
      }
    },
    {
      "type": "Feature",
      "geometry": {
        "type": "Point",
        "coordinates": [
          7.847,
          50.8301
        ]
      },
      "properties": {
        "temperature_2m": 9.2,
        "precipitation": 0.0,
        "cloud_cover": 93,
        "wind_speed_10m": 1.49,
        "last_updated": "2026-10-10T21:01:13Z"
      }
    },
    {
      "type": "Feature",
      "geometry": {
        "type": "Point",
        "coordinates": [
          8.0977,
          50.8234
        ]
      },
      "properties": {
        "temperature_2m": 8.7,
        "precipitation": 0.0,
        "cloud_cover": 97,
        "wind_speed_10m": 2.63,
        "last_updated": "2026-10-10T21:01:13Z"
      }
    },
    {
      "type": "Feature",
      "geometry": {
        "type": "Point",
        "coordinates": [
          8.351,
          50.8331
        ]
      },
      "properties": {
        "temperature_2m": 7.7,
        "precipitation": 0.0,
        "cloud_cover": 100,
        "wind_speed_10m": 2.6,
        "last_updated": "2026-10-10T21:01:13Z"
      }
    },
    {
      "type": "Feature",
      "geometry": {
        "type": "Point",
        "coordinates": [
          8.6241,
          50.8328
        ]
      },
      "properties": {
        "temperature_2m": 9.1,
        "precipitation": 0.0,
        "cloud_cover": 93,
        "wind_speed_10m": 3.59,
        "last_updated": "2026-10-10T21:01:13Z"
      }
    },
    {
      "type": "Feature",
      "geometry": {
        "type": "Point",
        "coordinates": [
          8.8749,
          50.8247
        ]
      },
      "properties": {
        "temperature_2m": 9.8,
        "precipitation": 0.0,
        "cloud_cover": 64,
        "wind_speed_10m": 3.08,
        "last_updated": "2026-10-10T21:01:13Z"
      }
    },
    {
      "type": "Feature",
      "geometry": {
        "type": "Point",
        "coordinates": [
          9.1029,
          50.8264
        ]
      },
      "properties": {
        "temperature_2m": 9.8,
        "precipitation": 0.0,
        "cloud_cover": 100,
        "wind_speed_10m": 4.19,
        "last_updated": "2026-10-10T21:01:13Z"
      }
    },
    {
      "type": "Feature",
      "geometry": {
        "type": "Point",
        "coordinates": [
          9.3566,
          50.8342
        ]
      },
      "properties": {
        "temperature_2m": 9.3,
        "precipitation": 0.0,
        "cloud_cover": 100,
        "wind_speed_10m": 3.61,
        "last_updated": "2026-10-10T21:01:13Z"
      }
    },
    {
      "type": "Feature",
      "geometry": {
        "type": "Point",
        "coordinates": [
          9.6074,
          50.8246
        ]
      },
      "properties": {
        "temperature_2m": 8.1,
        "precipitation": 0.0,
        "cloud_cover": 100,
        "wind_speed_10m": 2.06,
        "last_updated": "2026-10-10T21:01:13Z"
      }
    },
    {
      "type": "Feature",
      "geometry": {
        "type": "Point",
        "coordinates": [
          -5.1327,
          51.0735
        ]
      },
      "properties": {
        "temperature_2m": 14.9,
        "precipitation": 0.0,
        "cloud_cover": 100,
        "wind_speed_10m": 7.8,
        "last_updated": "2026-10-10T21:01:13Z"
      }
    },
    {
      "type": "Feature",
      "geometry": {
        "type": "Point",
        "coordinates": [
          -4.9039,
          51.0787
        ]
      },
      "properties": {
        "temperature_2m": 14.9,
        "precipitation": 0.0,
        "cloud_cover": 100,
        "wind_speed_10m": 8.3,
        "last_updated": "2026-10-10T21:01:13Z"
      }
    },
    {
      "type": "Feature",
      "geometry": {
        "type": "Point",
        "coordinates": [
          -4.6465,
          51.0839
        ]
      },
      "properties": {
        "temperature_2m": 15.2,
        "precipitation": 0.0,
        "cloud_cover": 100,
        "wind_speed_10m": 7.1,
        "last_updated": "2026-10-10T21:01:13Z"
      }
    },
    {
      "type": "Feature",
      "geometry": {
        "type": "Point",
        "coordinates": [
          -4.3891,
          51.0885
        ]
      },
      "properties": {
        "temperature_2m": 14.7,
        "precipitation": 0.1,
        "cloud_cover": 100,
        "wind_speed_10m": 8.6,
        "last_updated": "2026-10-10T21:01:13Z"
      }
    },
    {
      "type": "Feature",
      "geometry": {
        "type": "Point",
        "coordinates": [
          -4.1309,
          51.0745
        ]
      },
      "properties": {
        "temperature_2m": 12.6,
        "precipitation": 0.0,
        "cloud_cover": 100,
        "wind_speed_10m": 5.4,
        "last_updated": "2026-10-10T21:01:13Z"
      }
    },
    {
      "type": "Feature",
      "geometry": {
        "type": "Point",
        "coordinates": [
          -3.9021,
          51.0776
        ]
      },
      "properties": {
        "temperature_2m": 10.3,
        "precipitation": 0.0,
        "cloud_cover": 100,
        "wind_speed_10m": 2.5,
        "last_updated": "2026-10-10T21:01:13Z"
      }
    },
    {
      "type": "Feature",
      "geometry": {
        "type": "Point",
        "coordinates": [
          -3.6446,
          51.0805
        ]
      },
      "properties": {
        "temperature_2m": 9.1,
        "precipitation": 0.1,
        "cloud_cover": 100,
        "wind_speed_10m": 3.3,
        "last_updated": "2026-10-10T21:01:13Z"
      }
    },
    {
      "type": "Feature",
      "geometry": {
        "type": "Point",
        "coordinates": [
          -3.3871,
          51.0828
        ]
      },
      "properties": {
        "temperature_2m": 8.9,
        "precipitation": 0.0,
        "cloud_cover": 100,
        "wind_speed_10m": 2.2,
        "last_updated": "2026-10-10T21:01:13Z"
      }
    },
    {
      "type": "Feature",
      "geometry": {
        "type": "Point",
        "coordinates": [
          -3.1296,
          51.0846
        ]
      },
      "properties": {
        "temperature_2m": 9.4,
        "precipitation": 0.1,
        "cloud_cover": 98,
        "wind_speed_10m": 2.0,
        "last_updated": "2026-10-10T21:01:13Z"
      }
    },
    {
      "type": "Feature",
      "geometry": {
        "type": "Point",
        "coordinates": [
          -2.9006,
          51.0856
        ]
      },
      "properties": {
        "temperature_2m": 11.7,
        "precipitation": 0.0,
        "cloud_cover": 91,
        "wind_speed_10m": 3.8,
        "last_updated": "2026-10-10T21:01:13Z"
      }
    },
    {
      "type": "Feature",
      "geometry": {
        "type": "Point",
        "coordinates": [
          -2.6431,
          51.0862
        ]
      },
      "properties": {
        "temperature_2m": 10.9,
        "precipitation": 0.0,
        "cloud_cover": 100,
        "wind_speed_10m": 4.8,
        "last_updated": "2026-10-10T21:01:13Z"
      }
    },
    {
      "type": "Feature",
      "geometry": {
        "type": "Point",
        "coordinates": [
          -2.3855,
          51.0862
        ]
      },
      "properties": {
        "temperature_2m": 8.3,
        "precipitation": 0.0,
        "cloud_cover": 2,
        "wind_speed_10m": 1.9,
        "last_updated": "2026-10-10T21:01:13Z"
      }
    },
    {
      "type": "Feature",
      "geometry": {
        "type": "Point",
        "coordinates": [
          -2.128,
          51.0857
        ]
      },
      "properties": {
        "temperature_2m": 8.8,
        "precipitation": 0.0,
        "cloud_cover": 0,
        "wind_speed_10m": 3.2,
        "last_updated": "2026-10-10T21:01:13Z"
      }
    },
    {
      "type": "Feature",
      "geometry": {
        "type": "Point",
        "coordinates": [
          -1.899,
          51.0847
        ]
      },
      "properties": {
        "temperature_2m": 9.6,
        "precipitation": 0.0,
        "cloud_cover": 0,
        "wind_speed_10m": 3.0,
        "last_updated": "2026-10-10T21:01:13Z"
      }
    },
    {
      "type": "Feature",
      "geometry": {
        "type": "Point",
        "coordinates": [
          -1.6415,
          51.083
        ]
      },
      "properties": {
        "temperature_2m": 9.1,
        "precipitation": 0.0,
        "cloud_cover": 0,
        "wind_speed_10m": 3.6,
        "last_updated": "2026-10-10T21:01:13Z"
      }
    },
    {
      "type": "Feature",
      "geometry": {
        "type": "Point",
        "coordinates": [
          -1.384,
          51.0808
        ]
      },
      "properties": {
        "temperature_2m": 9.1,
        "precipitation": 0.0,
        "cloud_cover": 16,
        "wind_speed_10m": 2.6,
        "last_updated": "2026-10-10T21:01:13Z"
      }
    },
    {
      "type": "Feature",
      "geometry": {
        "type": "Point",
        "coordinates": [
          -1.1265,
          51.0779
        ]
      },
      "properties": {
        "temperature_2m": 9.9,
        "precipitation": 0.0,
        "cloud_cover": 83,
        "wind_speed_10m": 3.2,
        "last_updated": "2026-10-10T21:01:13Z"
      }
    },
    {
      "type": "Feature",
      "geometry": {
        "type": "Point",
        "coordinates": [
          -0.8977,
          51.0749
        ]
      },
      "properties": {
        "temperature_2m": 9.6,
        "precipitation": 0.0,
        "cloud_cover": 58,
        "wind_speed_10m": 3.7,
        "last_updated": "2026-10-10T21:01:13Z"
      }
    },
    {
      "type": "Feature",
      "geometry": {
        "type": "Point",
        "coordinates": [
          -0.6395,
          51.0889
        ]
      },
      "properties": {
        "temperature_2m": 10.5,
        "precipitation": 0.0,
        "cloud_cover": 72,
        "wind_speed_10m": 3.4,
        "last_updated": "2026-10-10T21:01:13Z"
      }
    },
    {
      "type": "Feature",
      "geometry": {
        "type": "Point",
        "coordinates": [
          -0.3821,
          51.0844
        ]
      },
      "properties": {
        "temperature_2m": 10.1,
        "precipitation": 0.0,
        "cloud_cover": 53,
        "wind_speed_10m": 2.6,
        "last_updated": "2026-10-10T21:01:13Z"
      }
    },
    {
      "type": "Feature",
      "geometry": {
        "type": "Point",
        "coordinates": [
          -0.1532,
          51.0799
        ]
      },
      "properties": {
        "temperature_2m": 9.4,
        "precipitation": 0.0,
        "cloud_cover": 0,
        "wind_speed_10m": 3.4,
        "last_updated": "2026-10-10T21:01:13Z"
      }
    },
    {
      "type": "Feature",
      "geometry": {
        "type": "Point",
        "coordinates": [
          0.1041,
          51.0742
        ]
      },
      "properties": {
        "temperature_2m": 9.8,
        "precipitation": 0.0,
        "cloud_cover": 0,
        "wind_speed_10m": 3.3,
        "last_updated": "2026-10-10T21:01:13Z"
      }
    },
    {
      "type": "Feature",
      "geometry": {
        "type": "Point",
        "coordinates": [
          0.3626,
          51.0859
        ]
      },
      "properties": {
        "temperature_2m": 9.2,
        "precipitation": 0.0,
        "cloud_cover": 6,
        "wind_speed_10m": 3.2,
        "last_updated": "2026-10-10T21:01:13Z"
      }
    },
    {
      "type": "Feature",
      "geometry": {
        "type": "Point",
        "coordinates": [
          0.6199,
          51.0791
        ]
      },
      "properties": {
        "temperature_2m": 9.9,
        "precipitation": 0.0,
        "cloud_cover": 0,
        "wind_speed_10m": 4.1,
        "last_updated": "2026-10-10T21:01:13Z"
      }
    },
    {
      "type": "Feature",
      "geometry": {
        "type": "Point",
        "coordinates": [
          0.8486,
          51.0725
        ]
      },
      "properties": {
        "temperature_2m": 9.3,
        "precipitation": 0.0,
        "cloud_cover": 0,
        "wind_speed_10m": 2.9,
        "last_updated": "2026-10-10T21:01:13Z"
      }
    },
    {
      "type": "Feature",
      "geometry": {
        "type": "Point",
        "coordinates": [
          1.1072,
          51.0826
        ]
      },
      "properties": {
        "temperature_2m": 9.0,
        "precipitation": 0.0,
        "cloud_cover": 0,
        "wind_speed_10m": 3.6,
        "last_updated": "2026-10-10T21:01:13Z"
      }
    },
    {
      "type": "Feature",
      "geometry": {
        "type": "Point",
        "coordinates": [
          1.3644,
          51.074
        ]
      },
      "properties": {
        "temperature_2m": 13.3,
        "precipitation": 0.0,
        "cloud_cover": 0,
        "wind_speed_10m": 7.9,
        "last_updated": "2026-10-10T21:01:13Z"
      }
    },
    {
      "type": "Feature",
      "geometry": {
        "type": "Point",
        "coordinates": [
          1.6232,
          51.0829
        ]
      },
      "properties": {
        "temperature_2m": 14.3,
        "precipitation": 0.0,
        "cloud_cover": 8,
        "wind_speed_10m": 9.6,
        "last_updated": "2026-10-10T21:01:13Z"
      }
    },
    {
      "type": "Feature",
      "geometry": {
        "type": "Point",
        "coordinates": [
          1.8642,
          51.0804
        ]
      },
      "properties": {
        "temperature_2m": 14.8,
        "precipitation": 0.0,
        "cloud_cover": 0,
        "wind_speed_10m": 11.41,
        "last_updated": "2026-10-10T21:01:13Z"
      }
    },
    {
      "type": "Feature",
      "geometry": {
        "type": "Point",
        "coordinates": [
          2.0919,
          51.0769
        ]
      },
      "properties": {
        "temperature_2m": 14.9,
        "precipitation": 0.0,
        "cloud_cover": 2,
        "wind_speed_10m": 11.73,
        "last_updated": "2026-10-10T21:01:13Z"
      }
    },
    {
      "type": "Feature",
      "geometry": {
        "type": "Point",
        "coordinates": [
          2.349,
          51.088
        ]
      },
      "properties": {
        "temperature_2m": 14.8,
        "precipitation": 0.0,
        "cloud_cover": 8,
        "wind_speed_10m": 11.8,
        "last_updated": "2026-10-10T21:01:13Z"
      }
    },
    {
      "type": "Feature",
      "geometry": {
        "type": "Point",
        "coordinates": [
          2.61,
          51.088
        ]
      },
      "properties": {
        "temperature_2m": 14.1,
        "precipitation": 0.0,
        "cloud_cover": 59,
        "wind_speed_10m": 8.6,
        "last_updated": "2026-10-10T21:01:13Z"
      }
    },
    {
      "type": "Feature",
      "geometry": {
        "type": "Point",
        "coordinates": [
          2.871,
          51.088
        ]
      },
      "properties": {
        "temperature_2m": 10.1,
        "precipitation": 0.0,
        "cloud_cover": 0,
        "wind_speed_10m": 4.2,
        "last_updated": "2026-10-10T21:01:13Z"
      }
    },
    {
      "type": "Feature",
      "geometry": {
        "type": "Point",
        "coordinates": [
          3.103,
          51.088
        ]
      },
      "properties": {
        "temperature_2m": 9.0,
        "precipitation": 0.0,
        "cloud_cover": 79,
        "wind_speed_10m": 2.8,
        "last_updated": "2026-10-10T21:01:13Z"
      }
    },
    {
      "type": "Feature",
      "geometry": {
        "type": "Point",
        "coordinates": [
          3.364,
          51.088
        ]
      },
      "properties": {
        "temperature_2m": 9.3,
        "precipitation": 0.0,
        "cloud_cover": 1,
        "wind_speed_10m": 3.2,
        "last_updated": "2026-10-10T21:01:13Z"
      }
    },
    {
      "type": "Feature",
      "geometry": {
        "type": "Point",
        "coordinates": [
          3.596,
          51.088
        ]
      },
      "properties": {
        "temperature_2m": 9.3,
        "precipitation": 0.0,
        "cloud_cover": 0,
        "wind_speed_10m": 2.3,
        "last_updated": "2026-10-10T21:01:13Z"
      }
    },
    {
      "type": "Feature",
      "geometry": {
        "type": "Point",
        "coordinates": [
          3.857,
          51.088
        ]
      },
      "properties": {
        "temperature_2m": 10.5,
        "precipitation": 0.0,
        "cloud_cover": 100,
        "wind_speed_10m": 5.3,
        "last_updated": "2026-10-10T21:01:13Z"
      }
    },
    {
      "type": "Feature",
      "geometry": {
        "type": "Point",
        "coordinates": [
          4.118,
          51.088
        ]
      },
      "properties": {
        "temperature_2m": 9.8,
        "precipitation": 0.0,
        "cloud_cover": 14,
        "wind_speed_10m": 3.9,
        "last_updated": "2026-10-10T21:01:13Z"
      }
    },
    {
      "type": "Feature",
      "geometry": {
        "type": "Point",
        "coordinates": [
          4.35,
          51.088
        ]
      },
      "properties": {
        "temperature_2m": 11.1,
        "precipitation": 0.1,
        "cloud_cover": 59,
        "wind_speed_10m": 3.0,
        "last_updated": "2026-10-10T21:01:13Z"
      }
    },
    {
      "type": "Feature",
      "geometry": {
        "type": "Point",
        "coordinates": [
          4.611,
          51.088
        ]
      },
      "properties": {
        "temperature_2m": 10.0,
        "precipitation": 0.0,
        "cloud_cover": 100,
        "wind_speed_10m": 3.5,
        "last_updated": "2026-10-10T21:01:13Z"
      }
    },
    {
      "type": "Feature",
      "geometry": {
        "type": "Point",
        "coordinates": [
          4.872,
          51.088
        ]
      },
      "properties": {
        "temperature_2m": 10.4,
        "precipitation": 0.0,
        "cloud_cover": 100,
        "wind_speed_10m": 4.0,
        "last_updated": "2026-10-10T21:01:13Z"
      }
    },
    {
      "type": "Feature",
      "geometry": {
        "type": "Point",
        "coordinates": [
          5.104,
          51.088
        ]
      },
      "properties": {
        "temperature_2m": 10.1,
        "precipitation": 0.0,
        "cloud_cover": 98,
        "wind_speed_10m": 4.6,
        "last_updated": "2026-10-10T21:01:13Z"
      }
    },
    {
      "type": "Feature",
      "geometry": {
        "type": "Point",
        "coordinates": [
          5.365,
          51.088
        ]
      },
      "properties": {
        "temperature_2m": 9.6,
        "precipitation": 0.0,
        "cloud_cover": 90,
        "wind_speed_10m": 3.0,
        "last_updated": "2026-10-10T21:01:13Z"
      }
    },
    {
      "type": "Feature",
      "geometry": {
        "type": "Point",
        "coordinates": [
          5.597,
          51.088
        ]
      },
      "properties": {
        "temperature_2m": 10.0,
        "precipitation": 0.0,
        "cloud_cover": 100,
        "wind_speed_10m": 4.3,
        "last_updated": "2026-10-10T21:01:13Z"
      }
    },
    {
      "type": "Feature",
      "geometry": {
        "type": "Point",
        "coordinates": [
          5.858,
          51.088
        ]
      },
      "properties": {
        "temperature_2m": 10.5,
        "precipitation": 0.0,
        "cloud_cover": 91,
        "wind_speed_10m": 4.5,
        "last_updated": "2026-10-10T21:01:13Z"
      }
    },
    {
      "type": "Feature",
      "geometry": {
        "type": "Point",
        "coordinates": [
          6.119,
          51.088
        ]
      },
      "properties": {
        "temperature_2m": 10.5,
        "precipitation": 0.0,
        "cloud_cover": 100,
        "wind_speed_10m": 5.0,
        "last_updated": "2026-10-10T21:01:13Z"
      }
    },
    {
      "type": "Feature",
      "geometry": {
        "type": "Point",
        "coordinates": [
          6.351,
          51.088
        ]
      },
      "properties": {
        "temperature_2m": 10.1,
        "precipitation": 0.0,
        "cloud_cover": 48,
        "wind_speed_10m": 5.3,
        "last_updated": "2026-10-10T21:01:13Z"
      }
    },
    {
      "type": "Feature",
      "geometry": {
        "type": "Point",
        "coordinates": [
          6.612,
          51.088
        ]
      },
      "properties": {
        "temperature_2m": 10.6,
        "precipitation": 0.0,
        "cloud_cover": 100,
        "wind_speed_10m": 5.0,
        "last_updated": "2026-10-10T21:01:13Z"
      }
    },
    {
      "type": "Feature",
      "geometry": {
        "type": "Point",
        "coordinates": [
          6.873,
          51.088
        ]
      },
      "properties": {
        "temperature_2m": 10.7,
        "precipitation": 0.0,
        "cloud_cover": 100,
        "wind_speed_10m": 4.4,
        "last_updated": "2026-10-10T21:01:13Z"
      }
    },
    {
      "type": "Feature",
      "geometry": {
        "type": "Point",
        "coordinates": [
          7.105,
          51.088
        ]
      },
      "properties": {
        "temperature_2m": 9.2,
        "precipitation": 0.0,
        "cloud_cover": 100,
        "wind_speed_10m": 3.5,
        "last_updated": "2026-10-10T21:01:13Z"
      }
    },
    {
      "type": "Feature",
      "geometry": {
        "type": "Point",
        "coordinates": [
          7.366,
          51.088
        ]
      },
      "properties": {
        "temperature_2m": 8.4,
        "precipitation": 0.2,
        "cloud_cover": 100,
        "wind_speed_10m": 3.2,
        "last_updated": "2026-10-10T21:01:13Z"
      }
    },
    {
      "type": "Feature",
      "geometry": {
        "type": "Point",
        "coordinates": [
          7.598,
          51.088
        ]
      },
      "properties": {
        "temperature_2m": 7.5,
        "precipitation": 0.0,
        "cloud_cover": 100,
        "wind_speed_10m": 2.6,
        "last_updated": "2026-10-10T21:01:13Z"
      }
    },
    {
      "type": "Feature",
      "geometry": {
        "type": "Point",
        "coordinates": [
          7.8528,
          51.0814
        ]
      },
      "properties": {
        "temperature_2m": 9.5,
        "precipitation": 0.0,
        "cloud_cover": 100,
        "wind_speed_10m": 2.79,
        "last_updated": "2026-10-10T21:01:13Z"
      }
    },
    {
      "type": "Feature",
      "geometry": {
        "type": "Point",
        "coordinates": [
          8.1051,
          51.0746
        ]
      },
      "properties": {
        "temperature_2m": 9.2,
        "precipitation": 0.0,
        "cloud_cover": 100,
        "wind_speed_10m": 3.18,
        "last_updated": "2026-10-10T21:01:13Z"
      }
    },
    {
      "type": "Feature",
      "geometry": {
        "type": "Point",
        "coordinates": [
          8.36,
          51.0842
        ]
      },
      "properties": {
        "temperature_2m": 6.7,
        "precipitation": 0.0,
        "cloud_cover": 95,
        "wind_speed_10m": 3.92,
        "last_updated": "2026-10-10T21:01:13Z"
      }
    },
    {
      "type": "Feature",
      "geometry": {
        "type": "Point",
        "coordinates": [
          8.6151,
          51.0933
        ]
      },
      "properties": {
        "temperature_2m": 7.6,
        "precipitation": 0.0,
        "cloud_cover": 72,
        "wind_speed_10m": 2.79,
        "last_updated": "2026-10-10T21:01:13Z"
      }
    },
    {
      "type": "Feature",
      "geometry": {
        "type": "Point",
        "coordinates": [
          8.8616,
          51.0691
        ]
      },
      "properties": {
        "temperature_2m": 8.5,
        "precipitation": 0.0,
        "cloud_cover": 100,
        "wind_speed_10m": 2.56,
        "last_updated": "2026-10-10T21:01:13Z"
      }
    },
    {
      "type": "Feature",
      "geometry": {
        "type": "Point",
        "coordinates": [
          9.1167,
          51.0773
        ]
      },
      "properties": {
        "temperature_2m": 8.3,
        "precipitation": 0.0,
        "cloud_cover": 81,
        "wind_speed_10m": 3.27,
        "last_updated": "2026-10-10T21:01:13Z"
      }
    },
    {
      "type": "Feature",
      "geometry": {
        "type": "Point",
        "coordinates": [
          9.3719,
          51.0849
        ]
      },
      "properties": {
        "temperature_2m": 9.7,
        "precipitation": 0.1,
        "cloud_cover": 100,
        "wind_speed_10m": 2.33,
        "last_updated": "2026-10-10T21:01:13Z"
      }
    },
    {
      "type": "Feature",
      "geometry": {
        "type": "Point",
        "coordinates": [
          9.6243,
          51.0753
        ]
      },
      "properties": {
        "temperature_2m": 8.6,
        "precipitation": 0.3,
        "cloud_cover": 100,
        "wind_speed_10m": 2.14,
        "last_updated": "2026-10-10T21:01:13Z"
      }
    }
  ]
}