{
  "type": "FeatureCollection",
  "metadata": {
    "last_updated": "2026-09-30T17:25:46Z",
    "zone": "haute-marne",
    "nb_points": 624
  },
  "features": [
    {
      "type": "Feature",
      "geometry": {
        "type": "Point",
        "coordinates": [
          4.7,
          47.5
        ]
      },
      "properties": {
        "temperature_2m": 19.0,
        "precipitation": 0.0,
        "cloud_cover": 100,
        "wind_speed_10m": 2.79,
        "last_updated": "2026-09-30T17:25:46Z"
      }
    },
    {
      "type": "Feature",
      "geometry": {
        "type": "Point",
        "coordinates": [
          4.76,
          47.5
        ]
      },
      "properties": {
        "temperature_2m": 19.1,
        "precipitation": 0.2,
        "cloud_cover": 100,
        "wind_speed_10m": 2.45,
        "last_updated": "2026-09-30T17:25:46Z"
      }
    },
    {
      "type": "Feature",
      "geometry": {
        "type": "Point",
        "coordinates": [
          4.8,
          47.5
        ]
      },
      "properties": {
        "temperature_2m": 19.5,
        "precipitation": 0.1,
        "cloud_cover": 100,
        "wind_speed_10m": 2.77,
        "last_updated": "2026-09-30T17:25:46Z"
      }
    },
    {
      "type": "Feature",
      "geometry": {
        "type": "Point",
        "coordinates": [
          4.86,
          47.5
        ]
      },
      "properties": {
        "temperature_2m": 19.4,
        "precipitation": 0.0,
        "cloud_cover": 100,
        "wind_speed_10m": 2.09,
        "last_updated": "2026-09-30T17:25:46Z"
      }
    },
    {
      "type": "Feature",
      "geometry": {
        "type": "Point",
        "coordinates": [
          4.9,
          47.5
        ]
      },
      "properties": {
        "temperature_2m": 19.2,
        "precipitation": 0.0,
        "cloud_cover": 100,
        "wind_speed_10m": 1.87,
        "last_updated": "2026-09-30T17:25:46Z"
      }
    },
    {
      "type": "Feature",
      "geometry": {
        "type": "Point",
        "coordinates": [
          4.94,
          47.5
        ]
      },
      "properties": {
        "temperature_2m": 19.5,
        "precipitation": 0.1,
        "cloud_cover": 100,
        "wind_speed_10m": 1.3,
        "last_updated": "2026-09-30T17:25:46Z"
      }
    },
    {
      "type": "Feature",
      "geometry": {
        "type": "Point",
        "coordinates": [
          5.0,
          47.5
        ]
      },
      "properties": {
        "temperature_2m": 20.5,
        "precipitation": 0.3,
        "cloud_cover": 100,
        "wind_speed_10m": 0.85,
        "last_updated": "2026-09-30T17:25:46Z"
      }
    },
    {
      "type": "Feature",
      "geometry": {
        "type": "Point",
        "coordinates": [
          5.06,
          47.5
        ]
      },
      "properties": {
        "temperature_2m": 20.5,
        "precipitation": 1.1,
        "cloud_cover": 100,
        "wind_speed_10m": 2.84,
        "last_updated": "2026-09-30T17:25:46Z"
      }
    },
    {
      "type": "Feature",
      "geometry": {
        "type": "Point",
        "coordinates": [
          5.1,
          47.5
        ]
      },
      "properties": {
        "temperature_2m": 20.6,
        "precipitation": 1.4,
        "cloud_cover": 100,
        "wind_speed_10m": 3.44,
        "last_updated": "2026-09-30T17:25:46Z"
      }
    },
    {
      "type": "Feature",
      "geometry": {
        "type": "Point",
        "coordinates": [
          5.16,
          47.5
        ]
      },
      "properties": {
        "temperature_2m": 21.0,
        "precipitation": 1.1,
        "cloud_cover": 100,
        "wind_speed_10m": 3.05,
        "last_updated": "2026-09-30T17:25:46Z"
      }
    },
    {
      "type": "Feature",
      "geometry": {
        "type": "Point",
        "coordinates": [
          5.2,
          47.5
        ]
      },
      "properties": {
        "temperature_2m": 21.8,
        "precipitation": 0.7,
        "cloud_cover": 100,
        "wind_speed_10m": 2.86,
        "last_updated": "2026-09-30T17:25:46Z"
      }
    },
    {
      "type": "Feature",
      "geometry": {
        "type": "Point",
        "coordinates": [
          5.26,
          47.5
        ]
      },
      "properties": {
        "temperature_2m": 22.2,
        "precipitation": 0.1,
        "cloud_cover": 100,
        "wind_speed_10m": 3.42,
        "last_updated": "2026-09-30T17:25:46Z"
      }
    },
    {
      "type": "Feature",
      "geometry": {
        "type": "Point",
        "coordinates": [
          5.3,
          47.5
        ]
      },
      "properties": {
        "temperature_2m": 23.1,
        "precipitation": 0.0,
        "cloud_cover": 100,
        "wind_speed_10m": 4.81,
        "last_updated": "2026-09-30T17:25:46Z"
      }
    },
    {
      "type": "Feature",
      "geometry": {
        "type": "Point",
        "coordinates": [
          5.36,
          47.5
        ]
      },
      "properties": {
        "temperature_2m": 22.7,
        "precipitation": 0.0,
        "cloud_cover": 100,
        "wind_speed_10m": 5.69,
        "last_updated": "2026-09-30T17:25:46Z"
      }
    },
    {
      "type": "Feature",
      "geometry": {
        "type": "Point",
        "coordinates": [
          5.4,
          47.5
        ]
      },
      "properties": {
        "temperature_2m": 22.9,
        "precipitation": 0.0,
        "cloud_cover": 100,
        "wind_speed_10m": 5.14,
        "last_updated": "2026-09-30T17:25:46Z"
      }
    },
    {
      "type": "Feature",
      "geometry": {
        "type": "Point",
        "coordinates": [
          5.44,
          47.5
        ]
      },
      "properties": {
        "temperature_2m": 22.6,
        "precipitation": 0.0,
        "cloud_cover": 100,
        "wind_speed_10m": 6.02,
        "last_updated": "2026-09-30T17:25:46Z"
      }
    },
    {
      "type": "Feature",
      "geometry": {
        "type": "Point",
        "coordinates": [
          5.5,
          47.5
        ]
      },
      "properties": {
        "temperature_2m": 22.8,
        "precipitation": 0.0,
        "cloud_cover": 100,
        "wind_speed_10m": 6.51,
        "last_updated": "2026-09-30T17:25:46Z"
      }
    },
    {
      "type": "Feature",
      "geometry": {
        "type": "Point",
        "coordinates": [
          5.56,
          47.5
        ]
      },
      "properties": {
        "temperature_2m": 23.0,
        "precipitation": 0.0,
        "cloud_cover": 100,
        "wind_speed_10m": 5.63,
        "last_updated": "2026-09-30T17:25:46Z"
      }
    },
    {
      "type": "Feature",
      "geometry": {
        "type": "Point",
        "coordinates": [
          5.6,
          47.5
        ]
      },
      "properties": {
        "temperature_2m": 22.9,
        "precipitation": 0.0,
        "cloud_cover": 100,
        "wind_speed_10m": 5.98,
        "last_updated": "2026-09-30T17:25:46Z"
      }
    },
    {
      "type": "Feature",
      "geometry": {
        "type": "Point",
        "coordinates": [
          5.66,
          47.5
        ]
      },
      "properties": {
        "temperature_2m": 23.2,
        "precipitation": 0.0,
        "cloud_cover": 100,
        "wind_speed_10m": 6.02,
        "last_updated": "2026-09-30T17:25:46Z"
      }
    },
    {
      "type": "Feature",
      "geometry": {
        "type": "Point",
        "coordinates": [
          5.7,
          47.5
        ]
      },
      "properties": {
        "temperature_2m": 23.0,
        "precipitation": 0.0,
        "cloud_cover": 100,
        "wind_speed_10m": 5.0,
        "last_updated": "2026-09-30T17:25:46Z"
      }
    },
    {
      "type": "Feature",
      "geometry": {
        "type": "Point",
        "coordinates": [
          5.76,
          47.5
        ]
      },
      "properties": {
        "temperature_2m": 22.8,
        "precipitation": 0.0,
        "cloud_cover": 100,
        "wind_speed_10m": 4.72,
        "last_updated": "2026-09-30T17:25:46Z"
      }
    },
    {
      "type": "Feature",
      "geometry": {
        "type": "Point",
        "coordinates": [
          5.8,
          47.5
        ]
      },
      "properties": {
        "temperature_2m": 23.0,
        "precipitation": 0.0,
        "cloud_cover": 100,
        "wind_speed_10m": 4.98,
        "last_updated": "2026-09-30T17:25:46Z"
      }
    },
    {
      "type": "Feature",
      "geometry": {
        "type": "Point",
        "coordinates": [
          5.86,
          47.5
        ]
      },
      "properties": {
        "temperature_2m": 23.1,
        "precipitation": 0.0,
        "cloud_cover": 100,
        "wind_speed_10m": 4.21,
        "last_updated": "2026-09-30T17:25:46Z"
      }
    },
    {
      "type": "Feature",
      "geometry": {
        "type": "Point",
        "coordinates": [
          5.9,
          47.5
        ]
      },
      "properties": {
        "temperature_2m": 23.6,
        "precipitation": 0.0,
        "cloud_cover": 100,
        "wind_speed_10m": 3.71,
        "last_updated": "2026-09-30T17:25:46Z"
      }
    },
    {
      "type": "Feature",
      "geometry": {
        "type": "Point",
        "coordinates": [
          5.94,
          47.5
        ]
      },
      "properties": {
        "temperature_2m": 23.6,
        "precipitation": 0.0,
        "cloud_cover": 100,
        "wind_speed_10m": 3.81,
        "last_updated": "2026-09-30T17:25:46Z"
      }
    },
    {
      "type": "Feature",
      "geometry": {
        "type": "Point",
        "coordinates": [
          4.7,
          47.54
        ]
      },
      "properties": {
        "temperature_2m": 19.5,
        "precipitation": 0.0,
        "cloud_cover": 100,
        "wind_speed_10m": 2.69,
        "last_updated": "2026-09-30T17:25:46Z"
      }
    },
    {
      "type": "Feature",
      "geometry": {
        "type": "Point",
        "coordinates": [
          4.76,
          47.54
        ]
      },
      "properties": {
        "temperature_2m": 19.3,
        "precipitation": 0.3,
        "cloud_cover": 100,
        "wind_speed_10m": 2.42,
        "last_updated": "2026-09-30T17:25:46Z"
      }
    },
    {
      "type": "Feature",
      "geometry": {
        "type": "Point",
        "coordinates": [
          4.8,
          47.54
        ]
      },
      "properties": {
        "temperature_2m": 19.8,
        "precipitation": 0.4,
        "cloud_cover": 100,
        "wind_speed_10m": 1.71,
        "last_updated": "2026-09-30T17:25:46Z"
      }
    },
    {
      "type": "Feature",
      "geometry": {
        "type": "Point",
        "coordinates": [
          4.86,
          47.54
        ]
      },
      "properties": {
        "temperature_2m": 19.8,
        "precipitation": 0.1,
        "cloud_cover": 100,
        "wind_speed_10m": 1.28,
        "last_updated": "2026-09-30T17:25:46Z"
      }
    },
    {
      "type": "Feature",
      "geometry": {
        "type": "Point",
        "coordinates": [
          4.9,
          47.54
        ]
      },
      "properties": {
        "temperature_2m": 19.1,
        "precipitation": 0.0,
        "cloud_cover": 100,
        "wind_speed_10m": 1.0,
        "last_updated": "2026-09-30T17:25:46Z"
      }
    },
    {
      "type": "Feature",
      "geometry": {
        "type": "Point",
        "coordinates": [
          4.94,
          47.54
        ]
      },
      "properties": {
        "temperature_2m": 20.0,
        "precipitation": 0.1,
        "cloud_cover": 100,
        "wind_speed_10m": 0.67,
        "last_updated": "2026-09-30T17:25:46Z"
      }
    },
    {
      "type": "Feature",
      "geometry": {
        "type": "Point",
        "coordinates": [
          5.0,
          47.54
        ]
      },
      "properties": {
        "temperature_2m": 19.6,
        "precipitation": 0.3,
        "cloud_cover": 100,
        "wind_speed_10m": 0.45,
        "last_updated": "2026-09-30T17:25:46Z"
      }
    },
    {
      "type": "Feature",
      "geometry": {
        "type": "Point",
        "coordinates": [
          5.06,
          47.54
        ]
      },
      "properties": {
        "temperature_2m": 20.4,
        "precipitation": 0.9,
        "cloud_cover": 100,
        "wind_speed_10m": 1.08,
        "last_updated": "2026-09-30T17:25:46Z"
      }
    },
    {
      "type": "Feature",
      "geometry": {
        "type": "Point",
        "coordinates": [
          5.1,
          47.54
        ]
      },
      "properties": {
        "temperature_2m": 20.9,
        "precipitation": 1.1,
        "cloud_cover": 100,
        "wind_speed_10m": 1.62,
        "last_updated": "2026-09-30T17:25:46Z"
      }
    },
    {
      "type": "Feature",
      "geometry": {
        "type": "Point",
        "coordinates": [
          5.16,
          47.54
        ]
      },
      "properties": {
        "temperature_2m": 21.1,
        "precipitation": 1.1,
        "cloud_cover": 100,
        "wind_speed_10m": 2.33,
        "last_updated": "2026-09-30T17:25:46Z"
      }
    },
    {
      "type": "Feature",
      "geometry": {
        "type": "Point",
        "coordinates": [
          5.2,
          47.54
        ]
      },
      "properties": {
        "temperature_2m": 21.3,
        "precipitation": 1.3,
        "cloud_cover": 100,
        "wind_speed_10m": 2.72,
        "last_updated": "2026-09-30T17:25:46Z"
      }
    },
    {
      "type": "Feature",
      "geometry": {
        "type": "Point",
        "coordinates": [
          5.26,
          47.54
        ]
      },
      "properties": {
        "temperature_2m": 21.7,
        "precipitation": 0.7,
        "cloud_cover": 100,
        "wind_speed_10m": 2.4,
        "last_updated": "2026-09-30T17:25:46Z"
      }
    },
    {
      "type": "Feature",
      "geometry": {
        "type": "Point",
        "coordinates": [
          5.3,
          47.54
        ]
      },
      "properties": {
        "temperature_2m": 22.7,
        "precipitation": 0.0,
        "cloud_cover": 100,
        "wind_speed_10m": 3.49,
        "last_updated": "2026-09-30T17:25:46Z"
      }
    },
    {
      "type": "Feature",
      "geometry": {
        "type": "Point",
        "coordinates": [
          5.36,
          47.54
        ]
      },
      "properties": {
        "temperature_2m": 23.1,
        "precipitation": 0.0,
        "cloud_cover": 100,
        "wind_speed_10m": 5.69,
        "last_updated": "2026-09-30T17:25:46Z"
      }
    },
    {
      "type": "Feature",
      "geometry": {
        "type": "Point",
        "coordinates": [
          5.4,
          47.54
        ]
      },
      "properties": {
        "temperature_2m": 22.9,
        "precipitation": 0.0,
        "cloud_cover": 100,
        "wind_speed_10m": 5.92,
        "last_updated": "2026-09-30T17:25:46Z"
      }
    },
    {
      "type": "Feature",
      "geometry": {
        "type": "Point",
        "coordinates": [
          5.44,
          47.54
        ]
      },
      "properties": {
        "temperature_2m": 23.0,
        "precipitation": 0.0,
        "cloud_cover": 100,
        "wind_speed_10m": 6.16,
        "last_updated": "2026-09-30T17:25:46Z"
      }
    },
    {
      "type": "Feature",
      "geometry": {
        "type": "Point",
        "coordinates": [
          5.5,
          47.54
        ]
      },
      "properties": {
        "temperature_2m": 22.9,
        "precipitation": 0.0,
        "cloud_cover": 100,
        "wind_speed_10m": 5.99,
        "last_updated": "2026-09-30T17:25:46Z"
      }
    },
    {
      "type": "Feature",
      "geometry": {
        "type": "Point",
        "coordinates": [
          5.56,
          47.54
        ]
      },
      "properties": {
        "temperature_2m": 23.0,
        "precipitation": 0.0,
        "cloud_cover": 100,
        "wind_speed_10m": 5.63,
        "last_updated": "2026-09-30T17:25:46Z"
      }
    },
    {
      "type": "Feature",
      "geometry": {
        "type": "Point",
        "coordinates": [
          5.6,
          47.54
        ]
      },
      "properties": {
        "temperature_2m": 22.7,
        "precipitation": 0.0,
        "cloud_cover": 100,
        "wind_speed_10m": 5.95,
        "last_updated": "2026-09-30T17:25:46Z"
      }
    },
    {
      "type": "Feature",
      "geometry": {
        "type": "Point",
        "coordinates": [
          5.66,
          47.54
        ]
      },
      "properties": {
        "temperature_2m": 22.9,
        "precipitation": 0.0,
        "cloud_cover": 100,
        "wind_speed_10m": 5.89,
        "last_updated": "2026-09-30T17:25:46Z"
      }
    },
    {
      "type": "Feature",
      "geometry": {
        "type": "Point",
        "coordinates": [
          5.7,
          47.54
        ]
      },
      "properties": {
        "temperature_2m": 22.9,
        "precipitation": 0.0,
        "cloud_cover": 100,
        "wind_speed_10m": 5.29,
        "last_updated": "2026-09-30T17:25:46Z"
      }
    },
    {
      "type": "Feature",
      "geometry": {
        "type": "Point",
        "coordinates": [
          5.76,
          47.54
        ]
      },
      "properties": {
        "temperature_2m": 23.2,
        "precipitation": 0.0,
        "cloud_cover": 100,
        "wind_speed_10m": 5.0,
        "last_updated": "2026-09-30T17:25:46Z"
      }
    },
    {
      "type": "Feature",
      "geometry": {
        "type": "Point",
        "coordinates": [
          5.8,
          47.54
        ]
      },
      "properties": {
        "temperature_2m": 23.0,
        "precipitation": 0.0,
        "cloud_cover": 100,
        "wind_speed_10m": 4.52,
        "last_updated": "2026-09-30T17:25:46Z"
      }
    },
    {
      "type": "Feature",
      "geometry": {
        "type": "Point",
        "coordinates": [
          5.86,
          47.54
        ]
      },
      "properties": {
        "temperature_2m": 23.5,
        "precipitation": 0.0,
        "cloud_cover": 100,
        "wind_speed_10m": 4.3,
        "last_updated": "2026-09-30T17:25:46Z"
      }
    },
    {
      "type": "Feature",
      "geometry": {
        "type": "Point",
        "coordinates": [
          5.9,
          47.54
        ]
      },
      "properties": {
        "temperature_2m": 23.3,
        "precipitation": 0.0,
        "cloud_cover": 100,
        "wind_speed_10m": 3.54,
        "last_updated": "2026-09-30T17:25:46Z"
      }
    },
    {
      "type": "Feature",
      "geometry": {
        "type": "Point",
        "coordinates": [
          5.94,
          47.54
        ]
      },
      "properties": {
        "temperature_2m": 23.5,
        "precipitation": 0.0,
        "cloud_cover": 100,
        "wind_speed_10m": 3.22,
        "last_updated": "2026-09-30T17:25:46Z"
      }
    },
    {
      "type": "Feature",
      "geometry": {
        "type": "Point",
        "coordinates": [
          4.7,
          47.6
        ]
      },
      "properties": {
        "temperature_2m": 19.5,
        "precipitation": 0.0,
        "cloud_cover": 100,
        "wind_speed_10m": 2.95,
        "last_updated": "2026-09-30T17:25:46Z"
      }
    },
    {
      "type": "Feature",
      "geometry": {
        "type": "Point",
        "coordinates": [
          4.76,
          47.6
        ]
      },
      "properties": {
        "temperature_2m": 19.9,
        "precipitation": 0.1,
        "cloud_cover": 100,
        "wind_speed_10m": 3.0,
        "last_updated": "2026-09-30T17:25:46Z"
      }
    },
    {
      "type": "Feature",
      "geometry": {
        "type": "Point",
        "coordinates": [
          4.8,
          47.6
        ]
      },
      "properties": {
        "temperature_2m": 19.6,
        "precipitation": 0.2,
        "cloud_cover": 100,
        "wind_speed_10m": 2.87,
        "last_updated": "2026-09-30T17:25:46Z"
      }
    },
    {
      "type": "Feature",
      "geometry": {
        "type": "Point",
        "coordinates": [
          4.86,
          47.6
        ]
      },
      "properties": {
        "temperature_2m": 19.1,
        "precipitation": 0.1,
        "cloud_cover": 100,
        "wind_speed_10m": 2.47,
        "last_updated": "2026-09-30T17:25:46Z"
      }
    },
    {
      "type": "Feature",
      "geometry": {
        "type": "Point",
        "coordinates": [
          4.9,
          47.6
        ]
      },
      "properties": {
        "temperature_2m": 19.2,
        "precipitation": 0.1,
        "cloud_cover": 100,
        "wind_speed_10m": 2.53,
        "last_updated": "2026-09-30T17:25:46Z"
      }
    },
    {
      "type": "Feature",
      "geometry": {
        "type": "Point",
        "coordinates": [
          4.94,
          47.6
        ]
      },
      "properties": {
        "temperature_2m": 19.2,
        "precipitation": 0.3,
        "cloud_cover": 100,
        "wind_speed_10m": 2.16,
        "last_updated": "2026-09-30T17:25:46Z"
      }
    },
    {
      "type": "Feature",
      "geometry": {
        "type": "Point",
        "coordinates": [
          5.0,
          47.6
        ]
      },
      "properties": {
        "temperature_2m": 19.1,
        "precipitation": 0.5,
        "cloud_cover": 100,
        "wind_speed_10m": 1.61,
        "last_updated": "2026-09-30T17:25:46Z"
      }
    },
    {
      "type": "Feature",
      "geometry": {
        "type": "Point",
        "coordinates": [
          5.06,
          47.6
        ]
      },
      "properties": {
        "temperature_2m": 19.4,
        "precipitation": 0.4,
        "cloud_cover": 100,
        "wind_speed_10m": 1.92,
        "last_updated": "2026-09-30T17:25:46Z"
      }
    },
    {
      "type": "Feature",
      "geometry": {
        "type": "Point",
        "coordinates": [
          5.1,
          47.6
        ]
      },
      "properties": {
        "temperature_2m": 20.7,
        "precipitation": 0.5,
        "cloud_cover": 100,
        "wind_speed_10m": 2.12,
        "last_updated": "2026-09-30T17:25:46Z"
      }
    },
    {
      "type": "Feature",
      "geometry": {
        "type": "Point",
        "coordinates": [
          5.16,
          47.6
        ]
      },
      "properties": {
        "temperature_2m": 20.6,
        "precipitation": 0.6,
        "cloud_cover": 100,
        "wind_speed_10m": 2.47,
        "last_updated": "2026-09-30T17:25:46Z"
      }
    },
    {
      "type": "Feature",
      "geometry": {
        "type": "Point",
        "coordinates": [
          5.2,
          47.6
        ]
      },
      "properties": {
        "temperature_2m": 21.0,
        "precipitation": 0.6,
        "cloud_cover": 100,
        "wind_speed_10m": 2.86,
        "last_updated": "2026-09-30T17:25:46Z"
      }
    },
    {
      "type": "Feature",
      "geometry": {
        "type": "Point",
        "coordinates": [
          5.26,
          47.6
        ]
      },
      "properties": {
        "temperature_2m": 21.6,
        "precipitation": 0.6,
        "cloud_cover": 100,
        "wind_speed_10m": 3.48,
        "last_updated": "2026-09-30T17:25:46Z"
      }
    },
    {
      "type": "Feature",
      "geometry": {
        "type": "Point",
        "coordinates": [
          5.3,
          47.6
        ]
      },
      "properties": {
        "temperature_2m": 21.5,
        "precipitation": 0.6,
        "cloud_cover": 100,
        "wind_speed_10m": 3.18,
        "last_updated": "2026-09-30T17:25:46Z"
      }
    },
    {
      "type": "Feature",
      "geometry": {
        "type": "Point",
        "coordinates": [
          5.36,
          47.6
        ]
      },
      "properties": {
        "temperature_2m": 22.6,
        "precipitation": 0.0,
        "cloud_cover": 100,
        "wind_speed_10m": 3.01,
        "last_updated": "2026-09-30T17:25:46Z"
      }
    },
    {
      "type": "Feature",
      "geometry": {
        "type": "Point",
        "coordinates": [
          5.4,
          47.6
        ]
      },
      "properties": {
        "temperature_2m": 23.2,
        "precipitation": 0.0,
        "cloud_cover": 100,
        "wind_speed_10m": 3.45,
        "last_updated": "2026-09-30T17:25:46Z"
      }
    },
    {
      "type": "Feature",
      "geometry": {
        "type": "Point",
        "coordinates": [
          5.44,
          47.6
        ]
      },
      "properties": {
        "temperature_2m": 23.2,
        "precipitation": 0.0,
        "cloud_cover": 100,
        "wind_speed_10m": 5.22,
        "last_updated": "2026-09-30T17:25:46Z"
      }
    },
    {
      "type": "Feature",
      "geometry": {
        "type": "Point",
        "coordinates": [
          5.5,
          47.6
        ]
      },
      "properties": {
        "temperature_2m": 22.8,
        "precipitation": 0.0,
        "cloud_cover": 100,
        "wind_speed_10m": 5.41,
        "last_updated": "2026-09-30T17:25:46Z"
      }
    },
    {
      "type": "Feature",
      "geometry": {
        "type": "Point",
        "coordinates": [
          5.56,
          47.6
        ]
      },
      "properties": {
        "temperature_2m": 23.1,
        "precipitation": 0.0,
        "cloud_cover": 100,
        "wind_speed_10m": 5.36,
        "last_updated": "2026-09-30T17:25:46Z"
      }
    },
    {
      "type": "Feature",
      "geometry": {
        "type": "Point",
        "coordinates": [
          5.6,
          47.6
        ]
      },
      "properties": {
        "temperature_2m": 22.8,
        "precipitation": 0.0,
        "cloud_cover": 100,
        "wind_speed_10m": 5.19,
        "last_updated": "2026-09-30T17:25:46Z"
      }
    },
    {
      "type": "Feature",
      "geometry": {
        "type": "Point",
        "coordinates": [
          5.66,
          47.6
        ]
      },
      "properties": {
        "temperature_2m": 22.9,
        "precipitation": 0.0,
        "cloud_cover": 100,
        "wind_speed_10m": 5.91,
        "last_updated": "2026-09-30T17:25:46Z"
      }
    },
    {
      "type": "Feature",
      "geometry": {
        "type": "Point",
        "coordinates": [
          5.7,
          47.6
        ]
      },
      "properties": {
        "temperature_2m": 23.1,
        "precipitation": 0.0,
        "cloud_cover": 100,
        "wind_speed_10m": 5.54,
        "last_updated": "2026-09-30T17:25:46Z"
      }
    },
    {
      "type": "Feature",
      "geometry": {
        "type": "Point",
        "coordinates": [
          5.76,
          47.6
        ]
      },
      "properties": {
        "temperature_2m": 23.1,
        "precipitation": 0.0,
        "cloud_cover": 100,
        "wind_speed_10m": 5.19,
        "last_updated": "2026-09-30T17:25:46Z"
      }
    },
    {
      "type": "Feature",
      "geometry": {
        "type": "Point",
        "coordinates": [
          5.8,
          47.6
        ]
      },
      "properties": {
        "temperature_2m": 23.2,
        "precipitation": 0.0,
        "cloud_cover": 100,
        "wind_speed_10m": 4.65,
        "last_updated": "2026-09-30T17:25:46Z"
      }
    },
    {
      "type": "Feature",
      "geometry": {
        "type": "Point",
        "coordinates": [
          5.86,
          47.6
        ]
      },
      "properties": {
        "temperature_2m": 23.3,
        "precipitation": 0.0,
        "cloud_cover": 100,
        "wind_speed_10m": 4.52,
        "last_updated": "2026-09-30T17:25:46Z"
      }
    },
    {
      "type": "Feature",
      "geometry": {
        "type": "Point",
        "coordinates": [
          5.9,
          47.6
        ]
      },
      "properties": {
        "temperature_2m": 23.3,
        "precipitation": 0.0,
        "cloud_cover": 100,
        "wind_speed_10m": 3.49,
        "last_updated": "2026-09-30T17:25:46Z"
      }
    },
    {
      "type": "Feature",
      "geometry": {
        "type": "Point",
        "coordinates": [
          5.94,
          47.6
        ]
      },
      "properties": {
        "temperature_2m": 23.1,
        "precipitation": 0.0,
        "cloud_cover": 100,
        "wind_speed_10m": 2.91,
        "last_updated": "2026-09-30T17:25:46Z"
      }
    },
    {
      "type": "Feature",
      "geometry": {
        "type": "Point",
        "coordinates": [
          4.7,
          47.66
        ]
      },
      "properties": {
        "temperature_2m": 19.5,
        "precipitation": 0.0,
        "cloud_cover": 100,
        "wind_speed_10m": 2.11,
        "last_updated": "2026-09-30T17:25:46Z"
      }
    },
    {
      "type": "Feature",
      "geometry": {
        "type": "Point",
        "coordinates": [
          4.76,
          47.66
        ]
      },
      "properties": {
        "temperature_2m": 20.0,
        "precipitation": 0.0,
        "cloud_cover": 100,
        "wind_speed_10m": 2.24,
        "last_updated": "2026-09-30T17:25:46Z"
      }
    },
    {
      "type": "Feature",
      "geometry": {
        "type": "Point",
        "coordinates": [
          4.8,
          47.66
        ]
      },
      "properties": {
        "temperature_2m": 19.4,
        "precipitation": 0.1,
        "cloud_cover": 100,
        "wind_speed_10m": 2.55,
        "last_updated": "2026-09-30T17:25:46Z"
      }
    },
    {
      "type": "Feature",
      "geometry": {
        "type": "Point",
        "coordinates": [
          4.86,
          47.66
        ]
      },
      "properties": {
        "temperature_2m": 19.7,
        "precipitation": 0.1,
        "cloud_cover": 100,
        "wind_speed_10m": 2.6,
        "last_updated": "2026-09-30T17:25:46Z"
      }
    },
    {
      "type": "Feature",
      "geometry": {
        "type": "Point",
        "coordinates": [
          4.9,
          47.66
        ]
      },
      "properties": {
        "temperature_2m": 19.5,
        "precipitation": 0.1,
        "cloud_cover": 100,
        "wind_speed_10m": 2.73,
        "last_updated": "2026-09-30T17:25:46Z"
      }
    },
    {
      "type": "Feature",
      "geometry": {
        "type": "Point",
        "coordinates": [
          4.94,
          47.66
        ]
      },
      "properties": {
        "temperature_2m": 19.6,
        "precipitation": 0.3,
        "cloud_cover": 100,
        "wind_speed_10m": 2.47,
        "last_updated": "2026-09-30T17:25:46Z"
      }
    },
    {
      "type": "Feature",
      "geometry": {
        "type": "Point",
        "coordinates": [
          5.0,
          47.66
        ]
      },
      "properties": {
        "temperature_2m": 19.7,
        "precipitation": 0.4,
        "cloud_cover": 100,
        "wind_speed_10m": 2.02,
        "last_updated": "2026-09-30T17:25:46Z"
      }
    },
    {
      "type": "Feature",
      "geometry": {
        "type": "Point",
        "coordinates": [
          5.06,
          47.66
        ]
      },
      "properties": {
        "temperature_2m": 19.6,
        "precipitation": 0.2,
        "cloud_cover": 100,
        "wind_speed_10m": 1.73,
        "last_updated": "2026-09-30T17:25:46Z"
      }
    },
    {
      "type": "Feature",
      "geometry": {
        "type": "Point",
        "coordinates": [
          5.1,
          47.66
        ]
      },
      "properties": {
        "temperature_2m": 20.3,
        "precipitation": 0.4,
        "cloud_cover": 100,
        "wind_speed_10m": 1.9,
        "last_updated": "2026-09-30T17:25:46Z"
      }
    },
    {
      "type": "Feature",
      "geometry": {
        "type": "Point",
        "coordinates": [
          5.16,
          47.66
        ]
      },
      "properties": {
        "temperature_2m": 20.5,
        "precipitation": 0.5,
        "cloud_cover": 100,
        "wind_speed_10m": 2.65,
        "last_updated": "2026-09-30T17:25:46Z"
      }
    },
    {
      "type": "Feature",
      "geometry": {
        "type": "Point",
        "coordinates": [
          5.2,
          47.66
        ]
      },
      "properties": {
        "temperature_2m": 20.1,
        "precipitation": 0.7,
        "cloud_cover": 100,
        "wind_speed_10m": 3.18,
        "last_updated": "2026-09-30T17:25:46Z"
      }
    },
    {
      "type": "Feature",
      "geometry": {
        "type": "Point",
        "coordinates": [
          5.26,
          47.66
        ]
      },
      "properties": {
        "temperature_2m": 21.4,
        "precipitation": 0.4,
        "cloud_cover": 100,
        "wind_speed_10m": 3.45,
        "last_updated": "2026-09-30T17:25:46Z"
      }
    },
    {
      "type": "Feature",
      "geometry": {
        "type": "Point",
        "coordinates": [
          5.3,
          47.66
        ]
      },
      "properties": {
        "temperature_2m": 22.1,
        "precipitation": 0.4,
        "cloud_cover": 100,
        "wind_speed_10m": 3.35,
        "last_updated": "2026-09-30T17:25:46Z"
      }
    },
    {
      "type": "Feature",
      "geometry": {
        "type": "Point",
        "coordinates": [
          5.36,
          47.66
        ]
      },
      "properties": {
        "temperature_2m": 22.0,
        "precipitation": 0.2,
        "cloud_cover": 100,
        "wind_speed_10m": 3.09,
        "last_updated": "2026-09-30T17:25:46Z"
      }
    },
    {
      "type": "Feature",
      "geometry": {
        "type": "Point",
        "coordinates": [
          5.4,
          47.66
        ]
      },
      "properties": {
        "temperature_2m": 21.4,
        "precipitation": 0.1,
        "cloud_cover": 100,
        "wind_speed_10m": 3.28,
        "last_updated": "2026-09-30T17:25:46Z"
      }
    },
    {
      "type": "Feature",
      "geometry": {
        "type": "Point",
        "coordinates": [
          5.44,
          47.66
        ]
      },
      "properties": {
        "temperature_2m": 22.3,
        "precipitation": 0.0,
        "cloud_cover": 100,
        "wind_speed_10m": 3.81,
        "last_updated": "2026-09-30T17:25:46Z"
      }
    },
    {
      "type": "Feature",
      "geometry": {
        "type": "Point",
        "coordinates": [
          5.5,
          47.66
        ]
      },
      "properties": {
        "temperature_2m": 23.5,
        "precipitation": 0.0,
        "cloud_cover": 100,
        "wind_speed_10m": 5.39,
        "last_updated": "2026-09-30T17:25:46Z"
      }
    },
    {
      "type": "Feature",
      "geometry": {
        "type": "Point",
        "coordinates": [
          5.56,
          47.66
        ]
      },
      "properties": {
        "temperature_2m": 22.8,
        "precipitation": 0.0,
        "cloud_cover": 100,
        "wind_speed_10m": 5.82,
        "last_updated": "2026-09-30T17:25:46Z"
      }
    },
    {
      "type": "Feature",
      "geometry": {
        "type": "Point",
        "coordinates": [
          5.6,
          47.66
        ]
      },
      "properties": {
        "temperature_2m": 22.7,
        "precipitation": 0.0,
        "cloud_cover": 100,
        "wind_speed_10m": 5.88,
        "last_updated": "2026-09-30T17:25:46Z"
      }
    },
    {
      "type": "Feature",
      "geometry": {
        "type": "Point",
        "coordinates": [
          5.66,
          47.66
        ]
      },
      "properties": {
        "temperature_2m": 22.9,
        "precipitation": 0.0,
        "cloud_cover": 100,
        "wind_speed_10m": 5.63,
        "last_updated": "2026-09-30T17:25:46Z"
      }
    },
    {
      "type": "Feature",
      "geometry": {
        "type": "Point",
        "coordinates": [
          5.7,
          47.66
        ]
      },
      "properties": {
        "temperature_2m": 22.7,
        "precipitation": 0.0,
        "cloud_cover": 100,
        "wind_speed_10m": 4.96,
        "last_updated": "2026-09-30T17:25:46Z"
      }
    },
    {
      "type": "Feature",
      "geometry": {
        "type": "Point",
        "coordinates": [
          5.76,
          47.66
        ]
      },
      "properties": {
        "temperature_2m": 23.3,
        "precipitation": 0.0,
        "cloud_cover": 100,
        "wind_speed_10m": 4.9,
        "last_updated": "2026-09-30T17:25:46Z"
      }
    },
    {
      "type": "Feature",
      "geometry": {
        "type": "Point",
        "coordinates": [
          5.8,
          47.66
        ]
      },
      "properties": {
        "temperature_2m": 23.4,
        "precipitation": 0.0,
        "cloud_cover": 100,
        "wind_speed_10m": 5.07,
        "last_updated": "2026-09-30T17:25:46Z"
      }
    },
    {
      "type": "Feature",
      "geometry": {
        "type": "Point",
        "coordinates": [
          5.86,
          47.66
        ]
      },
      "properties": {
        "temperature_2m": 23.0,
        "precipitation": 0.0,
        "cloud_cover": 100,
        "wind_speed_10m": 4.33,
        "last_updated": "2026-09-30T17:25:46Z"
      }
    },
    {
      "type": "Feature",
      "geometry": {
        "type": "Point",
        "coordinates": [
          5.9,
          47.66
        ]
      },
      "properties": {
        "temperature_2m": 22.9,
        "precipitation": 0.0,
        "cloud_cover": 100,
        "wind_speed_10m": 3.9,
        "last_updated": "2026-09-30T17:25:46Z"
      }
    },
    {
      "type": "Feature",
      "geometry": {
        "type": "Point",
        "coordinates": [
          5.94,
          47.66
        ]
      },
      "properties": {
        "temperature_2m": 23.0,
        "precipitation": 0.0,
        "cloud_cover": 100,
        "wind_speed_10m": 3.68,
        "last_updated": "2026-09-30T17:25:46Z"
      }
    },
    {
      "type": "Feature",
      "geometry": {
        "type": "Point",
        "coordinates": [
          4.7,
          47.7
        ]
      },
      "properties": {
        "temperature_2m": 19.0,
        "precipitation": 0.0,
        "cloud_cover": 100,
        "wind_speed_10m": 2.24,
        "last_updated": "2026-09-30T17:25:46Z"
      }
    },
    {
      "type": "Feature",
      "geometry": {
        "type": "Point",
        "coordinates": [
          4.76,
          47.7
        ]
      },
      "properties": {
        "temperature_2m": 19.2,
        "precipitation": 0.0,
        "cloud_cover": 100,
        "wind_speed_10m": 1.88,
        "last_updated": "2026-09-30T17:25:46Z"
      }
    },
    {
      "type": "Feature",
      "geometry": {
        "type": "Point",
        "coordinates": [
          4.8,
          47.7
        ]
      },
      "properties": {
        "temperature_2m": 19.5,
        "precipitation": 0.0,
        "cloud_cover": 100,
        "wind_speed_10m": 2.06,
        "last_updated": "2026-09-30T17:25:46Z"
      }
    },
    {
      "type": "Feature",
      "geometry": {
        "type": "Point",
        "coordinates": [
          4.86,
          47.7
        ]
      },
      "properties": {
        "temperature_2m": 20.1,
        "precipitation": 0.1,
        "cloud_cover": 100,
        "wind_speed_10m": 2.47,
        "last_updated": "2026-09-30T17:25:46Z"
      }
    },
    {
      "type": "Feature",
      "geometry": {
        "type": "Point",
        "coordinates": [
          4.9,
          47.7
        ]
      },
      "properties": {
        "temperature_2m": 19.9,
        "precipitation": 0.1,
        "cloud_cover": 100,
        "wind_speed_10m": 2.62,
        "last_updated": "2026-09-30T17:25:46Z"
      }
    },
    {
      "type": "Feature",
      "geometry": {
        "type": "Point",
        "coordinates": [
          4.94,
          47.7
        ]
      },
      "properties": {
        "temperature_2m": 20.1,
        "precipitation": 0.2,
        "cloud_cover": 100,
        "wind_speed_10m": 2.83,
        "last_updated": "2026-09-30T17:25:46Z"
      }
    },
    {
      "type": "Feature",
      "geometry": {
        "type": "Point",
        "coordinates": [
          5.0,
          47.7
        ]
      },
      "properties": {
        "temperature_2m": 19.7,
        "precipitation": 0.2,
        "cloud_cover": 100,
        "wind_speed_10m": 2.57,
        "last_updated": "2026-09-30T17:25:46Z"
      }
    },
    {
      "type": "Feature",
      "geometry": {
        "type": "Point",
        "coordinates": [
          5.06,
          47.7
        ]
      },
      "properties": {
        "temperature_2m": 20.4,
        "precipitation": 0.1,
        "cloud_cover": 100,
        "wind_speed_10m": 2.3,
        "last_updated": "2026-09-30T17:25:46Z"
      }
    },
    {
      "type": "Feature",
      "geometry": {
        "type": "Point",
        "coordinates": [
          5.1,
          47.7
        ]
      },
      "properties": {
        "temperature_2m": 20.2,
        "precipitation": 0.1,
        "cloud_cover": 100,
        "wind_speed_10m": 2.52,
        "last_updated": "2026-09-30T17:25:46Z"
      }
    },
    {
      "type": "Feature",
      "geometry": {
        "type": "Point",
        "coordinates": [
          5.16,
          47.7
        ]
      },
      "properties": {
        "temperature_2m": 20.4,
        "precipitation": 0.2,
        "cloud_cover": 100,
        "wind_speed_10m": 2.77,
        "last_updated": "2026-09-30T17:25:46Z"
      }
    },
    {
      "type": "Feature",
      "geometry": {
        "type": "Point",
        "coordinates": [
          5.2,
          47.7
        ]
      },
      "properties": {
        "temperature_2m": 20.4,
        "precipitation": 0.5,
        "cloud_cover": 100,
        "wind_speed_10m": 3.13,
        "last_updated": "2026-09-30T17:25:46Z"
      }
    },
    {
      "type": "Feature",
      "geometry": {
        "type": "Point",
        "coordinates": [
          5.26,
          47.7
        ]
      },
      "properties": {
        "temperature_2m": 21.3,
        "precipitation": 0.6,
        "cloud_cover": 100,
        "wind_speed_10m": 3.26,
        "last_updated": "2026-09-30T17:25:46Z"
      }
    },
    {
      "type": "Feature",
      "geometry": {
        "type": "Point",
        "coordinates": [
          5.3,
          47.7
        ]
      },
      "properties": {
        "temperature_2m": 21.3,
        "precipitation": 0.3,
        "cloud_cover": 100,
        "wind_speed_10m": 3.31,
        "last_updated": "2026-09-30T17:25:46Z"
      }
    },
    {
      "type": "Feature",
      "geometry": {
        "type": "Point",
        "coordinates": [
          5.36,
          47.7
        ]
      },
      "properties": {
        "temperature_2m": 21.7,
        "precipitation": 0.1,
        "cloud_cover": 100,
        "wind_speed_10m": 3.04,
        "last_updated": "2026-09-30T17:25:46Z"
      }
    },
    {
      "type": "Feature",
      "geometry": {
        "type": "Point",
        "coordinates": [
          5.4,
          47.7
        ]
      },
      "properties": {
        "temperature_2m": 21.3,
        "precipitation": 0.0,
        "cloud_cover": 100,
        "wind_speed_10m": 2.8,
        "last_updated": "2026-09-30T17:25:46Z"
      }
    },
    {
      "type": "Feature",
      "geometry": {
        "type": "Point",
        "coordinates": [
          5.44,
          47.7
        ]
      },
      "properties": {
        "temperature_2m": 22.3,
        "precipitation": 0.0,
        "cloud_cover": 100,
        "wind_speed_10m": 2.88,
        "last_updated": "2026-09-30T17:25:46Z"
      }
    },
    {
      "type": "Feature",
      "geometry": {
        "type": "Point",
        "coordinates": [
          5.5,
          47.7
        ]
      },
      "properties": {
        "temperature_2m": 22.5,
        "precipitation": 0.0,
        "cloud_cover": 100,
        "wind_speed_10m": 3.54,
        "last_updated": "2026-09-30T17:25:46Z"
      }
    },
    {
      "type": "Feature",
      "geometry": {
        "type": "Point",
        "coordinates": [
          5.56,
          47.7
        ]
      },
      "properties": {
        "temperature_2m": 22.8,
        "precipitation": 0.0,
        "cloud_cover": 100,
        "wind_speed_10m": 6.0,
        "last_updated": "2026-09-30T17:25:46Z"
      }
    },
    {
      "type": "Feature",
      "geometry": {
        "type": "Point",
        "coordinates": [
          5.6,
          47.7
        ]
      },
      "properties": {
        "temperature_2m": 22.6,
        "precipitation": 0.0,
        "cloud_cover": 100,
        "wind_speed_10m": 5.73,
        "last_updated": "2026-09-30T17:25:46Z"
      }
    },
    {
      "type": "Feature",
      "geometry": {
        "type": "Point",
        "coordinates": [
          5.66,
          47.7
        ]
      },
      "properties": {
        "temperature_2m": 22.9,
        "precipitation": 0.0,
        "cloud_cover": 100,
        "wind_speed_10m": 5.39,
        "last_updated": "2026-09-30T17:25:46Z"
      }
    },
    {
      "type": "Feature",
      "geometry": {
        "type": "Point",
        "coordinates": [
          5.7,
          47.7
        ]
      },
      "properties": {
        "temperature_2m": 22.4,
        "precipitation": 0.0,
        "cloud_cover": 100,
        "wind_speed_10m": 5.44,
        "last_updated": "2026-09-30T17:25:46Z"
      }
    },
    {
      "type": "Feature",
      "geometry": {
        "type": "Point",
        "coordinates": [
          5.76,
          47.7
        ]
      },
      "properties": {
        "temperature_2m": 23.3,
        "precipitation": 0.0,
        "cloud_cover": 100,
        "wind_speed_10m": 5.1,
        "last_updated": "2026-09-30T17:25:46Z"
      }
    },
    {
      "type": "Feature",
      "geometry": {
        "type": "Point",
        "coordinates": [
          5.8,
          47.7
        ]
      },
      "properties": {
        "temperature_2m": 23.3,
        "precipitation": 0.0,
        "cloud_cover": 100,
        "wind_speed_10m": 4.98,
        "last_updated": "2026-09-30T17:25:46Z"
      }
    },
    {
      "type": "Feature",
      "geometry": {
        "type": "Point",
        "coordinates": [
          5.86,
          47.7
        ]
      },
      "properties": {
        "temperature_2m": 23.2,
        "precipitation": 0.0,
        "cloud_cover": 100,
        "wind_speed_10m": 4.61,
        "last_updated": "2026-09-30T17:25:46Z"
      }
    },
    {
      "type": "Feature",
      "geometry": {
        "type": "Point",
        "coordinates": [
          5.9,
          47.7
        ]
      },
      "properties": {
        "temperature_2m": 22.8,
        "precipitation": 0.0,
        "cloud_cover": 100,
        "wind_speed_10m": 4.4,
        "last_updated": "2026-09-30T17:25:46Z"
      }
    },
    {
      "type": "Feature",
      "geometry": {
        "type": "Point",
        "coordinates": [
          5.94,
          47.7
        ]
      },
      "properties": {
        "temperature_2m": 22.9,
        "precipitation": 0.0,
        "cloud_cover": 100,
        "wind_speed_10m": 4.05,
        "last_updated": "2026-09-30T17:25:46Z"
      }
    },
    {
      "type": "Feature",
      "geometry": {
        "type": "Point",
        "coordinates": [
          4.7,
          47.74
        ]
      },
      "properties": {
        "temperature_2m": 19.0,
        "precipitation": 0.0,
        "cloud_cover": 100,
        "wind_speed_10m": 2.06,
        "last_updated": "2026-09-30T17:25:46Z"
      }
    },
    {
      "type": "Feature",
      "geometry": {
        "type": "Point",
        "coordinates": [
          4.76,
          47.74
        ]
      },
      "properties": {
        "temperature_2m": 19.1,
        "precipitation": 0.0,
        "cloud_cover": 100,
        "wind_speed_10m": 2.02,
        "last_updated": "2026-09-30T17:25:46Z"
      }
    },
    {
      "type": "Feature",
      "geometry": {
        "type": "Point",
        "coordinates": [
          4.8,
          47.74
        ]
      },
      "properties": {
        "temperature_2m": 19.0,
        "precipitation": 0.0,
        "cloud_cover": 100,
        "wind_speed_10m": 2.01,
        "last_updated": "2026-09-30T17:25:46Z"
      }
    },
    {
      "type": "Feature",
      "geometry": {
        "type": "Point",
        "coordinates": [
          4.86,
          47.74
        ]
      },
      "properties": {
        "temperature_2m": 19.6,
        "precipitation": 0.0,
        "cloud_cover": 100,
        "wind_speed_10m": 2.06,
        "last_updated": "2026-09-30T17:25:46Z"
      }
    },
    {
      "type": "Feature",
      "geometry": {
        "type": "Point",
        "coordinates": [
          4.9,
          47.74
        ]
      },
      "properties": {
        "temperature_2m": 19.6,
        "precipitation": 0.1,
        "cloud_cover": 100,
        "wind_speed_10m": 2.22,
        "last_updated": "2026-09-30T17:25:46Z"
      }
    },
    {
      "type": "Feature",
      "geometry": {
        "type": "Point",
        "coordinates": [
          4.94,
          47.74
        ]
      },
      "properties": {
        "temperature_2m": 20.1,
        "precipitation": 0.1,
        "cloud_cover": 100,
        "wind_speed_10m": 2.0,
        "last_updated": "2026-09-30T17:25:46Z"
      }
    },
    {
      "type": "Feature",
      "geometry": {
        "type": "Point",
        "coordinates": [
          5.0,
          47.74
        ]
      },
      "properties": {
        "temperature_2m": 20.2,
        "precipitation": 0.1,
        "cloud_cover": 100,
        "wind_speed_10m": 2.22,
        "last_updated": "2026-09-30T17:25:46Z"
      }
    },
    {
      "type": "Feature",
      "geometry": {
        "type": "Point",
        "coordinates": [
          5.06,
          47.74
        ]
      },
      "properties": {
        "temperature_2m": 20.1,
        "precipitation": 0.1,
        "cloud_cover": 100,
        "wind_speed_10m": 2.2,
        "last_updated": "2026-09-30T17:25:46Z"
      }
    },
    {
      "type": "Feature",
      "geometry": {
        "type": "Point",
        "coordinates": [
          5.1,
          47.74
        ]
      },
      "properties": {
        "temperature_2m": 20.2,
        "precipitation": 0.2,
        "cloud_cover": 100,
        "wind_speed_10m": 2.2,
        "last_updated": "2026-09-30T17:25:46Z"
      }
    },
    {
      "type": "Feature",
      "geometry": {
        "type": "Point",
        "coordinates": [
          5.16,
          47.74
        ]
      },
      "properties": {
        "temperature_2m": 20.6,
        "precipitation": 0.2,
        "cloud_cover": 100,
        "wind_speed_10m": 2.86,
        "last_updated": "2026-09-30T17:25:46Z"
      }
    },
    {
      "type": "Feature",
      "geometry": {
        "type": "Point",
        "coordinates": [
          5.2,
          47.74
        ]
      },
      "properties": {
        "temperature_2m": 20.7,
        "precipitation": 0.3,
        "cloud_cover": 100,
        "wind_speed_10m": 3.08,
        "last_updated": "2026-09-30T17:25:46Z"
      }
    },
    {
      "type": "Feature",
      "geometry": {
        "type": "Point",
        "coordinates": [
          5.26,
          47.74
        ]
      },
      "properties": {
        "temperature_2m": 21.6,
        "precipitation": 0.4,
        "cloud_cover": 100,
        "wind_speed_10m": 3.52,
        "last_updated": "2026-09-30T17:25:46Z"
      }
    },
    {
      "type": "Feature",
      "geometry": {
        "type": "Point",
        "coordinates": [
          5.3,
          47.74
        ]
      },
      "properties": {
        "temperature_2m": 22.1,
        "precipitation": 0.2,
        "cloud_cover": 100,
        "wind_speed_10m": 3.13,
        "last_updated": "2026-09-30T17:25:46Z"
      }
    },
    {
      "type": "Feature",
      "geometry": {
        "type": "Point",
        "coordinates": [
          5.36,
          47.74
        ]
      },
      "properties": {
        "temperature_2m": 21.6,
        "precipitation": 0.0,
        "cloud_cover": 100,
        "wind_speed_10m": 3.01,
        "last_updated": "2026-09-30T17:25:46Z"
      }
    },
    {
      "type": "Feature",
      "geometry": {
        "type": "Point",
        "coordinates": [
          5.4,
          47.74
        ]
      },
      "properties": {
        "temperature_2m": 21.5,
        "precipitation": 0.0,
        "cloud_cover": 100,
        "wind_speed_10m": 3.13,
        "last_updated": "2026-09-30T17:25:46Z"
      }
    },
    {
      "type": "Feature",
      "geometry": {
        "type": "Point",
        "coordinates": [
          5.44,
          47.74
        ]
      },
      "properties": {
        "temperature_2m": 22.1,
        "precipitation": 0.0,
        "cloud_cover": 100,
        "wind_speed_10m": 3.09,
        "last_updated": "2026-09-30T17:25:46Z"
      }
    },
    {
      "type": "Feature",
      "geometry": {
        "type": "Point",
        "coordinates": [
          5.5,
          47.74
        ]
      },
      "properties": {
        "temperature_2m": 22.8,
        "precipitation": 0.0,
        "cloud_cover": 100,
        "wind_speed_10m": 3.23,
        "last_updated": "2026-09-30T17:25:46Z"
      }
    },
    {
      "type": "Feature",
      "geometry": {
        "type": "Point",
        "coordinates": [
          5.56,
          47.74
        ]
      },
      "properties": {
        "temperature_2m": 23.1,
        "precipitation": 0.0,
        "cloud_cover": 100,
        "wind_speed_10m": 5.06,
        "last_updated": "2026-09-30T17:25:46Z"
      }
    },
    {
      "type": "Feature",
      "geometry": {
        "type": "Point",
        "coordinates": [
          5.6,
          47.74
        ]
      },
      "properties": {
        "temperature_2m": 22.7,
        "precipitation": 0.0,
        "cloud_cover": 100,
        "wind_speed_10m": 5.81,
        "last_updated": "2026-09-30T17:25:46Z"
      }
    },
    {
      "type": "Feature",
      "geometry": {
        "type": "Point",
        "coordinates": [
          5.66,
          47.74
        ]
      },
      "properties": {
        "temperature_2m": 22.5,
        "precipitation": 0.0,
        "cloud_cover": 100,
        "wind_speed_10m": 4.92,
        "last_updated": "2026-09-30T17:25:46Z"
      }
    },
    {
      "type": "Feature",
      "geometry": {
        "type": "Point",
        "coordinates": [
          5.7,
          47.74
        ]
      },
      "properties": {
        "temperature_2m": 22.4,
        "precipitation": 0.0,
        "cloud_cover": 100,
        "wind_speed_10m": 4.74,
        "last_updated": "2026-09-30T17:25:46Z"
      }
    },
    {
      "type": "Feature",
      "geometry": {
        "type": "Point",
        "coordinates": [
          5.76,
          47.74
        ]
      },
      "properties": {
        "temperature_2m": 22.8,
        "precipitation": 0.0,
        "cloud_cover": 100,
        "wind_speed_10m": 5.02,
        "last_updated": "2026-09-30T17:25:46Z"
      }
    },
    {
      "type": "Feature",
      "geometry": {
        "type": "Point",
        "coordinates": [
          5.8,
          47.74
        ]
      },
      "properties": {
        "temperature_2m": 22.6,
        "precipitation": 0.0,
        "cloud_cover": 100,
        "wind_speed_10m": 4.96,
        "last_updated": "2026-09-30T17:25:46Z"
      }
    },
    {
      "type": "Feature",
      "geometry": {
        "type": "Point",
        "coordinates": [
          5.86,
          47.74
        ]
      },
      "properties": {
        "temperature_2m": 23.4,
        "precipitation": 0.0,
        "cloud_cover": 100,
        "wind_speed_10m": 5.26,
        "last_updated": "2026-09-30T17:25:46Z"
      }
    },
    {
      "type": "Feature",
      "geometry": {
        "type": "Point",
        "coordinates": [
          5.9,
          47.74
        ]
      },
      "properties": {
        "temperature_2m": 23.3,
        "precipitation": 0.0,
        "cloud_cover": 100,
        "wind_speed_10m": 5.0,
        "last_updated": "2026-09-30T17:25:46Z"
      }
    },
    {
      "type": "Feature",
      "geometry": {
        "type": "Point",
        "coordinates": [
          5.94,
          47.74
        ]
      },
      "properties": {
        "temperature_2m": 22.9,
        "precipitation": 0.0,
        "cloud_cover": 100,
        "wind_speed_10m": 4.4,
        "last_updated": "2026-09-30T17:25:46Z"
      }
    },
    {
      "type": "Feature",
      "geometry": {
        "type": "Point",
        "coordinates": [
          4.7,
          47.8
        ]
      },
      "properties": {
        "temperature_2m": 19.0,
        "precipitation": 0.0,
        "cloud_cover": 100,
        "wind_speed_10m": 2.12,
        "last_updated": "2026-09-30T17:25:46Z"
      }
    },
    {
      "type": "Feature",
      "geometry": {
        "type": "Point",
        "coordinates": [
          4.76,
          47.8
        ]
      },
      "properties": {
        "temperature_2m": 19.3,
        "precipitation": 0.0,
        "cloud_cover": 100,
        "wind_speed_10m": 1.92,
        "last_updated": "2026-09-30T17:25:46Z"
      }
    },
    {
      "type": "Feature",
      "geometry": {
        "type": "Point",
        "coordinates": [
          4.8,
          47.8
        ]
      },
      "properties": {
        "temperature_2m": 19.1,
        "precipitation": 0.0,
        "cloud_cover": 100,
        "wind_speed_10m": 1.84,
        "last_updated": "2026-09-30T17:25:46Z"
      }
    },
    {
      "type": "Feature",
      "geometry": {
        "type": "Point",
        "coordinates": [
          4.86,
          47.8
        ]
      },
      "properties": {
        "temperature_2m": 19.6,
        "precipitation": 0.0,
        "cloud_cover": 100,
        "wind_speed_10m": 1.79,
        "last_updated": "2026-09-30T17:25:46Z"
      }
    },
    {
      "type": "Feature",
      "geometry": {
        "type": "Point",
        "coordinates": [
          4.9,
          47.8
        ]
      },
      "properties": {
        "temperature_2m": 19.4,
        "precipitation": 0.1,
        "cloud_cover": 100,
        "wind_speed_10m": 1.9,
        "last_updated": "2026-09-30T17:25:46Z"
      }
    },
    {
      "type": "Feature",
      "geometry": {
        "type": "Point",
        "coordinates": [
          4.94,
          47.8
        ]
      },
      "properties": {
        "temperature_2m": 19.7,
        "precipitation": 0.1,
        "cloud_cover": 100,
        "wind_speed_10m": 1.71,
        "last_updated": "2026-09-30T17:25:46Z"
      }
    },
    {
      "type": "Feature",
      "geometry": {
        "type": "Point",
        "coordinates": [
          5.0,
          47.8
        ]
      },
      "properties": {
        "temperature_2m": 20.1,
        "precipitation": 0.1,
        "cloud_cover": 100,
        "wind_speed_10m": 1.84,
        "last_updated": "2026-09-30T17:25:46Z"
      }
    },
    {
      "type": "Feature",
      "geometry": {
        "type": "Point",
        "coordinates": [
          5.06,
          47.8
        ]
      },
      "properties": {
        "temperature_2m": 21.1,
        "precipitation": 0.1,
        "cloud_cover": 100,
        "wind_speed_10m": 2.21,
        "last_updated": "2026-09-30T17:25:46Z"
      }
    },
    {
      "type": "Feature",
      "geometry": {
        "type": "Point",
        "coordinates": [
          5.1,
          47.8
        ]
      },
      "properties": {
        "temperature_2m": 20.7,
        "precipitation": 0.2,
        "cloud_cover": 100,
        "wind_speed_10m": 2.42,
        "last_updated": "2026-09-30T17:25:46Z"
      }
    },
    {
      "type": "Feature",
      "geometry": {
        "type": "Point",
        "coordinates": [
          5.16,
          47.8
        ]
      },
      "properties": {
        "temperature_2m": 20.2,
        "precipitation": 0.2,
        "cloud_cover": 100,
        "wind_speed_10m": 2.43,
        "last_updated": "2026-09-30T17:25:46Z"
      }
    },
    {
      "type": "Feature",
      "geometry": {
        "type": "Point",
        "coordinates": [
          5.2,
          47.8
        ]
      },
      "properties": {
        "temperature_2m": 20.0,
        "precipitation": 0.2,
        "cloud_cover": 100,
        "wind_speed_10m": 2.96,
        "last_updated": "2026-09-30T17:25:46Z"
      }
    },
    {
      "type": "Feature",
      "geometry": {
        "type": "Point",
        "coordinates": [
          5.26,
          47.8
        ]
      },
      "properties": {
        "temperature_2m": 20.9,
        "precipitation": 0.2,
        "cloud_cover": 100,
        "wind_speed_10m": 3.67,
        "last_updated": "2026-09-30T17:25:46Z"
      }
    },
    {
      "type": "Feature",
      "geometry": {
        "type": "Point",
        "coordinates": [
          5.3,
          47.8
        ]
      },
      "properties": {
        "temperature_2m": 21.0,
        "precipitation": 0.2,
        "cloud_cover": 100,
        "wind_speed_10m": 3.69,
        "last_updated": "2026-09-30T17:25:46Z"
      }
    },
    {
      "type": "Feature",
      "geometry": {
        "type": "Point",
        "coordinates": [
          5.36,
          47.8
        ]
      },
      "properties": {
        "temperature_2m": 20.8,
        "precipitation": 0.0,
        "cloud_cover": 100,
        "wind_speed_10m": 3.73,
        "last_updated": "2026-09-30T17:25:46Z"
      }
    },
    {
      "type": "Feature",
      "geometry": {
        "type": "Point",
        "coordinates": [
          5.4,
          47.8
        ]
      },
      "properties": {
        "temperature_2m": 21.0,
        "precipitation": 0.0,
        "cloud_cover": 100,
        "wind_speed_10m": 3.4,
        "last_updated": "2026-09-30T17:25:46Z"
      }
    },
    {
      "type": "Feature",
      "geometry": {
        "type": "Point",
        "coordinates": [
          5.44,
          47.8
        ]
      },
      "properties": {
        "temperature_2m": 22.0,
        "precipitation": 0.0,
        "cloud_cover": 100,
        "wind_speed_10m": 3.0,
        "last_updated": "2026-09-30T17:25:46Z"
      }
    },
    {
      "type": "Feature",
      "geometry": {
        "type": "Point",
        "coordinates": [
          5.5,
          47.8
        ]
      },
      "properties": {
        "temperature_2m": 22.0,
        "precipitation": 0.0,
        "cloud_cover": 100,
        "wind_speed_10m": 3.32,
        "last_updated": "2026-09-30T17:25:46Z"
      }
    },
    {
      "type": "Feature",
      "geometry": {
        "type": "Point",
        "coordinates": [
          5.56,
          47.8
        ]
      },
      "properties": {
        "temperature_2m": 22.5,
        "precipitation": 0.0,
        "cloud_cover": 100,
        "wind_speed_10m": 4.37,
        "last_updated": "2026-09-30T17:25:46Z"
      }
    },
    {
      "type": "Feature",
      "geometry": {
        "type": "Point",
        "coordinates": [
          5.6,
          47.8
        ]
      },
      "properties": {
        "temperature_2m": 22.7,
        "precipitation": 0.0,
        "cloud_cover": 100,
        "wind_speed_10m": 4.24,
        "last_updated": "2026-09-30T17:25:46Z"
      }
    },
    {
      "type": "Feature",
      "geometry": {
        "type": "Point",
        "coordinates": [
          5.66,
          47.8
        ]
      },
      "properties": {
        "temperature_2m": 23.0,
        "precipitation": 0.0,
        "cloud_cover": 100,
        "wind_speed_10m": 5.89,
        "last_updated": "2026-09-30T17:25:46Z"
      }
    },
    {
      "type": "Feature",
      "geometry": {
        "type": "Point",
        "coordinates": [
          5.7,
          47.8
        ]
      },
      "properties": {
        "temperature_2m": 22.5,
        "precipitation": 0.0,
        "cloud_cover": 100,
        "wind_speed_10m": 4.96,
        "last_updated": "2026-09-30T17:25:46Z"
      }
    },
    {
      "type": "Feature",
      "geometry": {
        "type": "Point",
        "coordinates": [
          5.76,
          47.8
        ]
      },
      "properties": {
        "temperature_2m": 23.1,
        "precipitation": 0.0,
        "cloud_cover": 100,
        "wind_speed_10m": 4.55,
        "last_updated": "2026-09-30T17:25:46Z"
      }
    },
    {
      "type": "Feature",
      "geometry": {
        "type": "Point",
        "coordinates": [
          5.8,
          47.8
        ]
      },
      "properties": {
        "temperature_2m": 23.1,
        "precipitation": 0.0,
        "cloud_cover": 100,
        "wind_speed_10m": 4.24,
        "last_updated": "2026-09-30T17:25:46Z"
      }
    },
    {
      "type": "Feature",
      "geometry": {
        "type": "Point",
        "coordinates": [
          5.86,
          47.8
        ]
      },
      "properties": {
        "temperature_2m": 23.5,
        "precipitation": 0.0,
        "cloud_cover": 100,
        "wind_speed_10m": 4.88,
        "last_updated": "2026-09-30T17:25:46Z"
      }
    },
    {
      "type": "Feature",
      "geometry": {
        "type": "Point",
        "coordinates": [
          5.9,
          47.8
        ]
      },
      "properties": {
        "temperature_2m": 23.8,
        "precipitation": 0.0,
        "cloud_cover": 100,
        "wind_speed_10m": 5.2,
        "last_updated": "2026-09-30T17:25:46Z"
      }
    },
    {
      "type": "Feature",
      "geometry": {
        "type": "Point",
        "coordinates": [
          5.94,
          47.8
        ]
      },
      "properties": {
        "temperature_2m": 23.8,
        "precipitation": 0.0,
        "cloud_cover": 100,
        "wind_speed_10m": 5.1,
        "last_updated": "2026-09-30T17:25:46Z"
      }
    },
    {
      "type": "Feature",
      "geometry": {
        "type": "Point",
        "coordinates": [
          4.7,
          47.84
        ]
      },
      "properties": {
        "temperature_2m": 19.6,
        "precipitation": 0.0,
        "cloud_cover": 100,
        "wind_speed_10m": 1.98,
        "last_updated": "2026-09-30T17:25:46Z"
      }
    },
    {
      "type": "Feature",
      "geometry": {
        "type": "Point",
        "coordinates": [
          4.76,
          47.84
        ]
      },
      "properties": {
        "temperature_2m": 19.4,
        "precipitation": 0.0,
        "cloud_cover": 100,
        "wind_speed_10m": 1.97,
        "last_updated": "2026-09-30T17:25:46Z"
      }
    },
    {
      "type": "Feature",
      "geometry": {
        "type": "Point",
        "coordinates": [
          4.8,
          47.84
        ]
      },
      "properties": {
        "temperature_2m": 19.0,
        "precipitation": 0.0,
        "cloud_cover": 100,
        "wind_speed_10m": 1.99,
        "last_updated": "2026-09-30T17:25:46Z"
      }
    },
    {
      "type": "Feature",
      "geometry": {
        "type": "Point",
        "coordinates": [
          4.86,
          47.84
        ]
      },
      "properties": {
        "temperature_2m": 19.6,
        "precipitation": 0.0,
        "cloud_cover": 100,
        "wind_speed_10m": 1.94,
        "last_updated": "2026-09-30T17:25:46Z"
      }
    },
    {
      "type": "Feature",
      "geometry": {
        "type": "Point",
        "coordinates": [
          4.9,
          47.84
        ]
      },
      "properties": {
        "temperature_2m": 19.4,
        "precipitation": 0.0,
        "cloud_cover": 100,
        "wind_speed_10m": 1.9,
        "last_updated": "2026-09-30T17:25:46Z"
      }
    },
    {
      "type": "Feature",
      "geometry": {
        "type": "Point",
        "coordinates": [
          4.94,
          47.84
        ]
      },
      "properties": {
        "temperature_2m": 19.7,
        "precipitation": 0.0,
        "cloud_cover": 100,
        "wind_speed_10m": 1.81,
        "last_updated": "2026-09-30T17:25:46Z"
      }
    },
    {
      "type": "Feature",
      "geometry": {
        "type": "Point",
        "coordinates": [
          5.0,
          47.84
        ]
      },
      "properties": {
        "temperature_2m": 20.8,
        "precipitation": 0.0,
        "cloud_cover": 100,
        "wind_speed_10m": 1.58,
        "last_updated": "2026-09-30T17:25:46Z"
      }
    },
    {
      "type": "Feature",
      "geometry": {
        "type": "Point",
        "coordinates": [
          5.06,
          47.84
        ]
      },
      "properties": {
        "temperature_2m": 20.8,
        "precipitation": 0.2,
        "cloud_cover": 100,
        "wind_speed_10m": 1.58,
        "last_updated": "2026-09-30T17:25:46Z"
      }
    },
    {
      "type": "Feature",
      "geometry": {
        "type": "Point",
        "coordinates": [
          5.1,
          47.84
        ]
      },
      "properties": {
        "temperature_2m": 20.6,
        "precipitation": 0.3,
        "cloud_cover": 100,
        "wind_speed_10m": 2.16,
        "last_updated": "2026-09-30T17:25:46Z"
      }
    },
    {
      "type": "Feature",
      "geometry": {
        "type": "Point",
        "coordinates": [
          5.16,
          47.84
        ]
      },
      "properties": {
        "temperature_2m": 20.2,
        "precipitation": 0.2,
        "cloud_cover": 100,
        "wind_speed_10m": 2.12,
        "last_updated": "2026-09-30T17:25:46Z"
      }
    },
    {
      "type": "Feature",
      "geometry": {
        "type": "Point",
        "coordinates": [
          5.2,
          47.84
        ]
      },
      "properties": {
        "temperature_2m": 19.7,
        "precipitation": 0.1,
        "cloud_cover": 100,
        "wind_speed_10m": 2.38,
        "last_updated": "2026-09-30T17:25:46Z"
      }
    },
    {
      "type": "Feature",
      "geometry": {
        "type": "Point",
        "coordinates": [
          5.26,
          47.84
        ]
      },
      "properties": {
        "temperature_2m": 20.9,
        "precipitation": 0.1,
        "cloud_cover": 100,
        "wind_speed_10m": 2.75,
        "last_updated": "2026-09-30T17:25:46Z"
      }
    },
    {
      "type": "Feature",
      "geometry": {
        "type": "Point",
        "coordinates": [
          5.3,
          47.84
        ]
      },
      "properties": {
        "temperature_2m": 21.0,
        "precipitation": 0.1,
        "cloud_cover": 100,
        "wind_speed_10m": 3.36,
        "last_updated": "2026-09-30T17:25:46Z"
      }
    },
    {
      "type": "Feature",
      "geometry": {
        "type": "Point",
        "coordinates": [
          5.36,
          47.84
        ]
      },
      "properties": {
        "temperature_2m": 21.5,
        "precipitation": 0.0,
        "cloud_cover": 100,
        "wind_speed_10m": 2.82,
        "last_updated": "2026-09-30T17:25:46Z"
      }
    },
    {
      "type": "Feature",
      "geometry": {
        "type": "Point",
        "coordinates": [
          5.4,
          47.84
        ]
      },
      "properties": {
        "temperature_2m": 21.5,
        "precipitation": 0.0,
        "cloud_cover": 100,
        "wind_speed_10m": 2.77,
        "last_updated": "2026-09-30T17:25:46Z"
      }
    },
    {
      "type": "Feature",
      "geometry": {
        "type": "Point",
        "coordinates": [
          5.44,
          47.84
        ]
      },
      "properties": {
        "temperature_2m": 21.5,
        "precipitation": 0.0,
        "cloud_cover": 100,
        "wind_speed_10m": 2.85,
        "last_updated": "2026-09-30T17:25:46Z"
      }
    },
    {
      "type": "Feature",
      "geometry": {
        "type": "Point",
        "coordinates": [
          5.5,
          47.84
        ]
      },
      "properties": {
        "temperature_2m": 22.2,
        "precipitation": 0.0,
        "cloud_cover": 100,
        "wind_speed_10m": 2.47,
        "last_updated": "2026-09-30T17:25:46Z"
      }
    },
    {
      "type": "Feature",
      "geometry": {
        "type": "Point",
        "coordinates": [
          5.56,
          47.84
        ]
      },
      "properties": {
        "temperature_2m": 22.5,
        "precipitation": 0.0,
        "cloud_cover": 100,
        "wind_speed_10m": 3.23,
        "last_updated": "2026-09-30T17:25:46Z"
      }
    },
    {
      "type": "Feature",
      "geometry": {
        "type": "Point",
        "coordinates": [
          5.6,
          47.84
        ]
      },
      "properties": {
        "temperature_2m": 22.8,
        "precipitation": 0.0,
        "cloud_cover": 100,
        "wind_speed_10m": 4.02,
        "last_updated": "2026-09-30T17:25:46Z"
      }
    },
    {
      "type": "Feature",
      "geometry": {
        "type": "Point",
        "coordinates": [
          5.66,
          47.84
        ]
      },
      "properties": {
        "temperature_2m": 22.6,
        "precipitation": 0.0,
        "cloud_cover": 100,
        "wind_speed_10m": 4.6,
        "last_updated": "2026-09-30T17:25:46Z"
      }
    },
    {
      "type": "Feature",
      "geometry": {
        "type": "Point",
        "coordinates": [
          5.7,
          47.84
        ]
      },
      "properties": {
        "temperature_2m": 22.6,
        "precipitation": 0.0,
        "cloud_cover": 100,
        "wind_speed_10m": 4.5,
        "last_updated": "2026-09-30T17:25:46Z"
      }
    },
    {
      "type": "Feature",
      "geometry": {
        "type": "Point",
        "coordinates": [
          5.76,
          47.84
        ]
      },
      "properties": {
        "temperature_2m": 22.5,
        "precipitation": 0.0,
        "cloud_cover": 100,
        "wind_speed_10m": 4.52,
        "last_updated": "2026-09-30T17:25:46Z"
      }
    },
    {
      "type": "Feature",
      "geometry": {
        "type": "Point",
        "coordinates": [
          5.8,
          47.84
        ]
      },
      "properties": {
        "temperature_2m": 23.6,
        "precipitation": 0.0,
        "cloud_cover": 100,
        "wind_speed_10m": 4.82,
        "last_updated": "2026-09-30T17:25:46Z"
      }
    },
    {
      "type": "Feature",
      "geometry": {
        "type": "Point",
        "coordinates": [
          5.86,
          47.84
        ]
      },
      "properties": {
        "temperature_2m": 23.1,
        "precipitation": 0.0,
        "cloud_cover": 100,
        "wind_speed_10m": 4.82,
        "last_updated": "2026-09-30T17:25:46Z"
      }
    },
    {
      "type": "Feature",
      "geometry": {
        "type": "Point",
        "coordinates": [
          5.9,
          47.84
        ]
      },
      "properties": {
        "temperature_2m": 23.5,
        "precipitation": 0.0,
        "cloud_cover": 100,
        "wind_speed_10m": 4.82,
        "last_updated": "2026-09-30T17:25:46Z"
      }
    },
    {
      "type": "Feature",
      "geometry": {
        "type": "Point",
        "coordinates": [
          5.94,
          47.84
        ]
      },
      "properties": {
        "temperature_2m": 23.4,
        "precipitation": 0.0,
        "cloud_cover": 100,
        "wind_speed_10m": 5.06,
        "last_updated": "2026-09-30T17:25:46Z"
      }
    },
    {
      "type": "Feature",
      "geometry": {
        "type": "Point",
        "coordinates": [
          4.7,
          47.9
        ]
      },
      "properties": {
        "temperature_2m": 19.9,
        "precipitation": 0.0,
        "cloud_cover": 100,
        "wind_speed_10m": 2.92,
        "last_updated": "2026-09-30T17:25:46Z"
      }
    },
    {
      "type": "Feature",
      "geometry": {
        "type": "Point",
        "coordinates": [
          4.76,
          47.9
        ]
      },
      "properties": {
        "temperature_2m": 20.0,
        "precipitation": 0.0,
        "cloud_cover": 100,
        "wind_speed_10m": 2.6,
        "last_updated": "2026-09-30T17:25:46Z"
      }
    },
    {
      "type": "Feature",
      "geometry": {
        "type": "Point",
        "coordinates": [
          4.8,
          47.9
        ]
      },
      "properties": {
        "temperature_2m": 19.9,
        "precipitation": 0.0,
        "cloud_cover": 100,
        "wind_speed_10m": 2.31,
        "last_updated": "2026-09-30T17:25:46Z"
      }
    },
    {
      "type": "Feature",
      "geometry": {
        "type": "Point",
        "coordinates": [
          4.86,
          47.9
        ]
      },
      "properties": {
        "temperature_2m": 19.4,
        "precipitation": 0.0,
        "cloud_cover": 100,
        "wind_speed_10m": 2.22,
        "last_updated": "2026-09-30T17:25:46Z"
      }
    },
    {
      "type": "Feature",
      "geometry": {
        "type": "Point",
        "coordinates": [
          4.9,
          47.9
        ]
      },
      "properties": {
        "temperature_2m": 19.7,
        "precipitation": 0.0,
        "cloud_cover": 100,
        "wind_speed_10m": 1.9,
        "last_updated": "2026-09-30T17:25:46Z"
      }
    },
    {
      "type": "Feature",
      "geometry": {
        "type": "Point",
        "coordinates": [
          4.94,
          47.9
        ]
      },
      "properties": {
        "temperature_2m": 19.5,
        "precipitation": 0.0,
        "cloud_cover": 100,
        "wind_speed_10m": 1.6,
        "last_updated": "2026-09-30T17:25:46Z"
      }
    },
    {
      "type": "Feature",
      "geometry": {
        "type": "Point",
        "coordinates": [
          5.0,
          47.9
        ]
      },
      "properties": {
        "temperature_2m": 19.4,
        "precipitation": 0.1,
        "cloud_cover": 100,
        "wind_speed_10m": 1.55,
        "last_updated": "2026-09-30T17:25:46Z"
      }
    },
    {
      "type": "Feature",
      "geometry": {
        "type": "Point",
        "coordinates": [
          5.06,
          47.9
        ]
      },
      "properties": {
        "temperature_2m": 20.0,
        "precipitation": 0.3,
        "cloud_cover": 100,
        "wind_speed_10m": 1.26,
        "last_updated": "2026-09-30T17:25:46Z"
      }
    },
    {
      "type": "Feature",
      "geometry": {
        "type": "Point",
        "coordinates": [
          5.1,
          47.9
        ]
      },
      "properties": {
        "temperature_2m": 20.8,
        "precipitation": 0.3,
        "cloud_cover": 100,
        "wind_speed_10m": 1.02,
        "last_updated": "2026-09-30T17:25:46Z"
      }
    },
    {
      "type": "Feature",
      "geometry": {
        "type": "Point",
        "coordinates": [
          5.16,
          47.9
        ]
      },
      "properties": {
        "temperature_2m": 20.0,
        "precipitation": 0.2,
        "cloud_cover": 100,
        "wind_speed_10m": 1.65,
        "last_updated": "2026-09-30T17:25:46Z"
      }
    },
    {
      "type": "Feature",
      "geometry": {
        "type": "Point",
        "coordinates": [
          5.2,
          47.9
        ]
      },
      "properties": {
        "temperature_2m": 20.6,
        "precipitation": 0.1,
        "cloud_cover": 100,
        "wind_speed_10m": 2.02,
        "last_updated": "2026-09-30T17:25:46Z"
      }
    },
    {
      "type": "Feature",
      "geometry": {
        "type": "Point",
        "coordinates": [
          5.26,
          47.9
        ]
      },
      "properties": {
        "temperature_2m": 20.4,
        "precipitation": 0.0,
        "cloud_cover": 100,
        "wind_speed_10m": 2.6,
        "last_updated": "2026-09-30T17:25:46Z"
      }
    },
    {
      "type": "Feature",
      "geometry": {
        "type": "Point",
        "coordinates": [
          5.3,
          47.9
        ]
      },
      "properties": {
        "temperature_2m": 21.7,
        "precipitation": 0.0,
        "cloud_cover": 100,
        "wind_speed_10m": 2.73,
        "last_updated": "2026-09-30T17:25:46Z"
      }
    },
    {
      "type": "Feature",
      "geometry": {
        "type": "Point",
        "coordinates": [
          5.36,
          47.9
        ]
      },
      "properties": {
        "temperature_2m": 21.7,
        "precipitation": 0.0,
        "cloud_cover": 100,
        "wind_speed_10m": 2.44,
        "last_updated": "2026-09-30T17:25:46Z"
      }
    },
    {
      "type": "Feature",
      "geometry": {
        "type": "Point",
        "coordinates": [
          5.4,
          47.9
        ]
      },
      "properties": {
        "temperature_2m": 21.8,
        "precipitation": 0.0,
        "cloud_cover": 100,
        "wind_speed_10m": 2.56,
        "last_updated": "2026-09-30T17:25:46Z"
      }
    },
    {
      "type": "Feature",
      "geometry": {
        "type": "Point",
        "coordinates": [
          5.44,
          47.9
        ]
      },
      "properties": {
        "temperature_2m": 21.7,
        "precipitation": 0.0,
        "cloud_cover": 100,
        "wind_speed_10m": 2.4,
        "last_updated": "2026-09-30T17:25:46Z"
      }
    },
    {
      "type": "Feature",
      "geometry": {
        "type": "Point",
        "coordinates": [
          5.5,
          47.9
        ]
      },
      "properties": {
        "temperature_2m": 21.2,
        "precipitation": 0.0,
        "cloud_cover": 100,
        "wind_speed_10m": 1.63,
        "last_updated": "2026-09-30T17:25:46Z"
      }
    },
    {
      "type": "Feature",
      "geometry": {
        "type": "Point",
        "coordinates": [
          5.56,
          47.9
        ]
      },
      "properties": {
        "temperature_2m": 22.2,
        "precipitation": 0.0,
        "cloud_cover": 100,
        "wind_speed_10m": 1.8,
        "last_updated": "2026-09-30T17:25:46Z"
      }
    },
    {
      "type": "Feature",
      "geometry": {
        "type": "Point",
        "coordinates": [
          5.6,
          47.9
        ]
      },
      "properties": {
        "temperature_2m": 21.8,
        "precipitation": 0.0,
        "cloud_cover": 100,
        "wind_speed_10m": 2.6,
        "last_updated": "2026-09-30T17:25:46Z"
      }
    },
    {
      "type": "Feature",
      "geometry": {
        "type": "Point",
        "coordinates": [
          5.66,
          47.9
        ]
      },
      "properties": {
        "temperature_2m": 23.1,
        "precipitation": 0.0,
        "cloud_cover": 100,
        "wind_speed_10m": 4.32,
        "last_updated": "2026-09-30T17:25:46Z"
      }
    },
    {
      "type": "Feature",
      "geometry": {
        "type": "Point",
        "coordinates": [
          5.7,
          47.9
        ]
      },
      "properties": {
        "temperature_2m": 22.8,
        "precipitation": 0.0,
        "cloud_cover": 100,
        "wind_speed_10m": 4.47,
        "last_updated": "2026-09-30T17:25:46Z"
      }
    },
    {
      "type": "Feature",
      "geometry": {
        "type": "Point",
        "coordinates": [
          5.76,
          47.9
        ]
      },
      "properties": {
        "temperature_2m": 22.9,
        "precipitation": 0.0,
        "cloud_cover": 100,
        "wind_speed_10m": 3.9,
        "last_updated": "2026-09-30T17:25:46Z"
      }
    },
    {
      "type": "Feature",
      "geometry": {
        "type": "Point",
        "coordinates": [
          5.8,
          47.9
        ]
      },
      "properties": {
        "temperature_2m": 23.0,
        "precipitation": 0.0,
        "cloud_cover": 100,
        "wind_speed_10m": 4.1,
        "last_updated": "2026-09-30T17:25:46Z"
      }
    },
    {
      "type": "Feature",
      "geometry": {
        "type": "Point",
        "coordinates": [
          5.86,
          47.9
        ]
      },
      "properties": {
        "temperature_2m": 23.3,
        "precipitation": 0.0,
        "cloud_cover": 100,
        "wind_speed_10m": 4.1,
        "last_updated": "2026-09-30T17:25:46Z"
      }
    },
    {
      "type": "Feature",
      "geometry": {
        "type": "Point",
        "coordinates": [
          5.9,
          47.9
        ]
      },
      "properties": {
        "temperature_2m": 23.2,
        "precipitation": 0.0,
        "cloud_cover": 100,
        "wind_speed_10m": 4.63,
        "last_updated": "2026-09-30T17:25:46Z"
      }
    },
    {
      "type": "Feature",
      "geometry": {
        "type": "Point",
        "coordinates": [
          5.94,
          47.9
        ]
      },
      "properties": {
        "temperature_2m": 23.1,
        "precipitation": 0.0,
        "cloud_cover": 100,
        "wind_speed_10m": 4.87,
        "last_updated": "2026-09-30T17:25:46Z"
      }
    },
    {
      "type": "Feature",
      "geometry": {
        "type": "Point",
        "coordinates": [
          4.7,
          47.96
        ]
      },
      "properties": {
        "temperature_2m": 20.3,
        "precipitation": 0.0,
        "cloud_cover": 100,
        "wind_speed_10m": 2.01,
        "last_updated": "2026-09-30T17:25:46Z"
      }
    },
    {
      "type": "Feature",
      "geometry": {
        "type": "Point",
        "coordinates": [
          4.74,
          47.96
        ]
      },
      "properties": {
        "temperature_2m": 19.9,
        "precipitation": 0.0,
        "cloud_cover": 100,
        "wind_speed_10m": 2.25,
        "last_updated": "2026-09-30T17:25:46Z"
      }
    },
    {
      "type": "Feature",
      "geometry": {
        "type": "Point",
        "coordinates": [
          4.8,
          47.96
        ]
      },
      "properties": {
        "temperature_2m": 20.6,
        "precipitation": 0.0,
        "cloud_cover": 100,
        "wind_speed_10m": 2.55,
        "last_updated": "2026-09-30T17:25:46Z"
      }
    },
    {
      "type": "Feature",
      "geometry": {
        "type": "Point",
        "coordinates": [
          4.86,
          47.96
        ]
      },
      "properties": {
        "temperature_2m": 20.1,
        "precipitation": 0.0,
        "cloud_cover": 100,
        "wind_speed_10m": 2.42,
        "last_updated": "2026-09-30T17:25:46Z"
      }
    },
    {
      "type": "Feature",
      "geometry": {
        "type": "Point",
        "coordinates": [
          4.9,
          47.96
        ]
      },
      "properties": {
        "temperature_2m": 19.8,
        "precipitation": 0.1,
        "cloud_cover": 100,
        "wind_speed_10m": 2.4,
        "last_updated": "2026-09-30T17:25:46Z"
      }
    },
    {
      "type": "Feature",
      "geometry": {
        "type": "Point",
        "coordinates": [
          4.94,
          47.96
        ]
      },
      "properties": {
        "temperature_2m": 19.7,
        "precipitation": 0.1,
        "cloud_cover": 100,
        "wind_speed_10m": 2.02,
        "last_updated": "2026-09-30T17:25:46Z"
      }
    },
    {
      "type": "Feature",
      "geometry": {
        "type": "Point",
        "coordinates": [
          5.0,
          47.96
        ]
      },
      "properties": {
        "temperature_2m": 20.5,
        "precipitation": 0.1,
        "cloud_cover": 100,
        "wind_speed_10m": 1.75,
        "last_updated": "2026-09-30T17:25:46Z"
      }
    },
    {
      "type": "Feature",
      "geometry": {
        "type": "Point",
        "coordinates": [
          5.06,
          47.96
        ]
      },
      "properties": {
        "temperature_2m": 19.8,
        "precipitation": 0.2,
        "cloud_cover": 100,
        "wind_speed_10m": 1.65,
        "last_updated": "2026-09-30T17:25:46Z"
      }
    },
    {
      "type": "Feature",
      "geometry": {
        "type": "Point",
        "coordinates": [
          5.1,
          47.96
        ]
      },
      "properties": {
        "temperature_2m": 20.1,
        "precipitation": 0.2,
        "cloud_cover": 100,
        "wind_speed_10m": 1.53,
        "last_updated": "2026-09-30T17:25:46Z"
      }
    },
    {
      "type": "Feature",
      "geometry": {
        "type": "Point",
        "coordinates": [
          5.16,
          47.96
        ]
      },
      "properties": {
        "temperature_2m": 19.7,
        "precipitation": 0.1,
        "cloud_cover": 100,
        "wind_speed_10m": 1.43,
        "last_updated": "2026-09-30T17:25:46Z"
      }
    },
    {
      "type": "Feature",
      "geometry": {
        "type": "Point",
        "coordinates": [
          5.2,
          47.96
        ]
      },
      "properties": {
        "temperature_2m": 20.5,
        "precipitation": 0.0,
        "cloud_cover": 100,
        "wind_speed_10m": 1.61,
        "last_updated": "2026-09-30T17:25:46Z"
      }
    },
    {
      "type": "Feature",
      "geometry": {
        "type": "Point",
        "coordinates": [
          5.26,
          47.96
        ]
      },
      "properties": {
        "temperature_2m": 20.2,
        "precipitation": 0.1,
        "cloud_cover": 100,
        "wind_speed_10m": 2.09,
        "last_updated": "2026-09-30T17:25:46Z"
      }
    },
    {
      "type": "Feature",
      "geometry": {
        "type": "Point",
        "coordinates": [
          5.3,
          47.96
        ]
      },
      "properties": {
        "temperature_2m": 21.1,
        "precipitation": 0.0,
        "cloud_cover": 100,
        "wind_speed_10m": 2.64,
        "last_updated": "2026-09-30T17:25:46Z"
      }
    },
    {
      "type": "Feature",
      "geometry": {
        "type": "Point",
        "coordinates": [
          5.36,
          47.96
        ]
      },
      "properties": {
        "temperature_2m": 21.6,
        "precipitation": 0.0,
        "cloud_cover": 100,
        "wind_speed_10m": 2.91,
        "last_updated": "2026-09-30T17:25:46Z"
      }
    },
    {
      "type": "Feature",
      "geometry": {
        "type": "Point",
        "coordinates": [
          5.4,
          47.96
        ]
      },
      "properties": {
        "temperature_2m": 21.4,
        "precipitation": 0.0,
        "cloud_cover": 100,
        "wind_speed_10m": 3.1,
        "last_updated": "2026-09-30T17:25:46Z"
      }
    },
    {
      "type": "Feature",
      "geometry": {
        "type": "Point",
        "coordinates": [
          5.44,
          47.96
        ]
      },
      "properties": {
        "temperature_2m": 21.4,
        "precipitation": 0.0,
        "cloud_cover": 100,
        "wind_speed_10m": 2.88,
        "last_updated": "2026-09-30T17:25:46Z"
      }
    },
    {
      "type": "Feature",
      "geometry": {
        "type": "Point",
        "coordinates": [
          5.5,
          47.96
        ]
      },
      "properties": {
        "temperature_2m": 21.1,
        "precipitation": 0.0,
        "cloud_cover": 100,
        "wind_speed_10m": 2.2,
        "last_updated": "2026-09-30T17:25:46Z"
      }
    },
    {
      "type": "Feature",
      "geometry": {
        "type": "Point",
        "coordinates": [
          5.56,
          47.96
        ]
      },
      "properties": {
        "temperature_2m": 21.2,
        "precipitation": 0.0,
        "cloud_cover": 100,
        "wind_speed_10m": 2.11,
        "last_updated": "2026-09-30T17:25:46Z"
      }
    },
    {
      "type": "Feature",
      "geometry": {
        "type": "Point",
        "coordinates": [
          5.6,
          47.96
        ]
      },
      "properties": {
        "temperature_2m": 21.3,
        "precipitation": 0.0,
        "cloud_cover": 100,
        "wind_speed_10m": 2.12,
        "last_updated": "2026-09-30T17:25:46Z"
      }
    },
    {
      "type": "Feature",
      "geometry": {
        "type": "Point",
        "coordinates": [
          5.66,
          47.96
        ]
      },
      "properties": {
        "temperature_2m": 21.4,
        "precipitation": 0.0,
        "cloud_cover": 100,
        "wind_speed_10m": 2.82,
        "last_updated": "2026-09-30T17:25:46Z"
      }
    },
    {
      "type": "Feature",
      "geometry": {
        "type": "Point",
        "coordinates": [
          5.7,
          47.96
        ]
      },
      "properties": {
        "temperature_2m": 22.5,
        "precipitation": 0.0,
        "cloud_cover": 100,
        "wind_speed_10m": 2.92,
        "last_updated": "2026-09-30T17:25:46Z"
      }
    },
    {
      "type": "Feature",
      "geometry": {
        "type": "Point",
        "coordinates": [
          5.76,
          47.96
        ]
      },
      "properties": {
        "temperature_2m": 23.1,
        "precipitation": 0.0,
        "cloud_cover": 100,
        "wind_speed_10m": 3.1,
        "last_updated": "2026-09-30T17:25:46Z"
      }
    },
    {
      "type": "Feature",
      "geometry": {
        "type": "Point",
        "coordinates": [
          5.8,
          47.96
        ]
      },
      "properties": {
        "temperature_2m": 23.2,
        "precipitation": 0.0,
        "cloud_cover": 100,
        "wind_speed_10m": 3.31,
        "last_updated": "2026-09-30T17:25:46Z"
      }
    },
    {
      "type": "Feature",
      "geometry": {
        "type": "Point",
        "coordinates": [
          5.86,
          47.96
        ]
      },
      "properties": {
        "temperature_2m": 23.1,
        "precipitation": 0.0,
        "cloud_cover": 100,
        "wind_speed_10m": 4.3,
        "last_updated": "2026-09-30T17:25:46Z"
      }
    },
    {
      "type": "Feature",
      "geometry": {
        "type": "Point",
        "coordinates": [
          5.9,
          47.96
        ]
      },
      "properties": {
        "temperature_2m": 23.7,
        "precipitation": 0.0,
        "cloud_cover": 100,
        "wind_speed_10m": 4.3,
        "last_updated": "2026-09-30T17:25:46Z"
      }
    },
    {
      "type": "Feature",
      "geometry": {
        "type": "Point",
        "coordinates": [
          5.94,
          47.96
        ]
      },
      "properties": {
        "temperature_2m": 23.6,
        "precipitation": 0.0,
        "cloud_cover": 100,
        "wind_speed_10m": 4.91,
        "last_updated": "2026-09-30T17:25:46Z"
      }
    },
    {
      "type": "Feature",
      "geometry": {
        "type": "Point",
        "coordinates": [
          4.7,
          48.0
        ]
      },
      "properties": {
        "temperature_2m": 19.9,
        "precipitation": 0.0,
        "cloud_cover": 100,
        "wind_speed_10m": 1.68,
        "last_updated": "2026-09-30T17:25:46Z"
      }
    },
    {
      "type": "Feature",
      "geometry": {
        "type": "Point",
        "coordinates": [
          4.76,
          48.0
        ]
      },
      "properties": {
        "temperature_2m": 20.2,
        "precipitation": 0.0,
        "cloud_cover": 100,
        "wind_speed_10m": 2.12,
        "last_updated": "2026-09-30T17:25:46Z"
      }
    },
    {
      "type": "Feature",
      "geometry": {
        "type": "Point",
        "coordinates": [
          4.8,
          48.0
        ]
      },
      "properties": {
        "temperature_2m": 20.8,
        "precipitation": 0.0,
        "cloud_cover": 100,
        "wind_speed_10m": 2.67,
        "last_updated": "2026-09-30T17:25:46Z"
      }
    },
    {
      "type": "Feature",
      "geometry": {
        "type": "Point",
        "coordinates": [
          4.86,
          48.0
        ]
      },
      "properties": {
        "temperature_2m": 20.4,
        "precipitation": 0.0,
        "cloud_cover": 100,
        "wind_speed_10m": 2.4,
        "last_updated": "2026-09-30T17:25:46Z"
      }
    },
    {
      "type": "Feature",
      "geometry": {
        "type": "Point",
        "coordinates": [
          4.9,
          48.0
        ]
      },
      "properties": {
        "temperature_2m": 20.4,
        "precipitation": 0.0,
        "cloud_cover": 100,
        "wind_speed_10m": 2.72,
        "last_updated": "2026-09-30T17:25:46Z"
      }
    },
    {
      "type": "Feature",
      "geometry": {
        "type": "Point",
        "coordinates": [
          4.94,
          48.0
        ]
      },
      "properties": {
        "temperature_2m": 20.2,
        "precipitation": 0.1,
        "cloud_cover": 100,
        "wind_speed_10m": 2.21,
        "last_updated": "2026-09-30T17:25:46Z"
      }
    },
    {
      "type": "Feature",
      "geometry": {
        "type": "Point",
        "coordinates": [
          5.0,
          48.0
        ]
      },
      "properties": {
        "temperature_2m": 20.0,
        "precipitation": 0.1,
        "cloud_cover": 100,
        "wind_speed_10m": 1.84,
        "last_updated": "2026-09-30T17:25:46Z"
      }
    },
    {
      "type": "Feature",
      "geometry": {
        "type": "Point",
        "coordinates": [
          5.06,
          48.0
        ]
      },
      "properties": {
        "temperature_2m": 20.1,
        "precipitation": 0.2,
        "cloud_cover": 100,
        "wind_speed_10m": 2.1,
        "last_updated": "2026-09-30T17:25:46Z"
      }
    },
    {
      "type": "Feature",
      "geometry": {
        "type": "Point",
        "coordinates": [
          5.1,
          48.0
        ]
      },
      "properties": {
        "temperature_2m": 20.1,
        "precipitation": 0.2,
        "cloud_cover": 100,
        "wind_speed_10m": 1.9,
        "last_updated": "2026-09-30T17:25:46Z"
      }
    },
    {
      "type": "Feature",
      "geometry": {
        "type": "Point",
        "coordinates": [
          5.16,
          48.0
        ]
      },
      "properties": {
        "temperature_2m": 20.2,
        "precipitation": 0.2,
        "cloud_cover": 100,
        "wind_speed_10m": 2.01,
        "last_updated": "2026-09-30T17:25:46Z"
      }
    },
    {
      "type": "Feature",
      "geometry": {
        "type": "Point",
        "coordinates": [
          5.2,
          48.0
        ]
      },
      "properties": {
        "temperature_2m": 20.1,
        "precipitation": 0.1,
        "cloud_cover": 100,
        "wind_speed_10m": 1.8,
        "last_updated": "2026-09-30T17:25:46Z"
      }
    },
    {
      "type": "Feature",
      "geometry": {
        "type": "Point",
        "coordinates": [
          5.26,
          48.0
        ]
      },
      "properties": {
        "temperature_2m": 20.2,
        "precipitation": 0.0,
        "cloud_cover": 100,
        "wind_speed_10m": 1.53,
        "last_updated": "2026-09-30T17:25:46Z"
      }
    },
    {
      "type": "Feature",
      "geometry": {
        "type": "Point",
        "coordinates": [
          5.3,
          48.0
        ]
      },
      "properties": {
        "temperature_2m": 20.4,
        "precipitation": 0.0,
        "cloud_cover": 100,
        "wind_speed_10m": 1.75,
        "last_updated": "2026-09-30T17:25:46Z"
      }
    },
    {
      "type": "Feature",
      "geometry": {
        "type": "Point",
        "coordinates": [
          5.36,
          48.0
        ]
      },
      "properties": {
        "temperature_2m": 20.8,
        "precipitation": 0.0,
        "cloud_cover": 100,
        "wind_speed_10m": 2.06,
        "last_updated": "2026-09-30T17:25:46Z"
      }
    },
    {
      "type": "Feature",
      "geometry": {
        "type": "Point",
        "coordinates": [
          5.4,
          48.0
        ]
      },
      "properties": {
        "temperature_2m": 20.4,
        "precipitation": 0.0,
        "cloud_cover": 100,
        "wind_speed_10m": 2.12,
        "last_updated": "2026-09-30T17:25:46Z"
      }
    },
    {
      "type": "Feature",
      "geometry": {
        "type": "Point",
        "coordinates": [
          5.44,
          48.0
        ]
      },
      "properties": {
        "temperature_2m": 20.8,
        "precipitation": 0.0,
        "cloud_cover": 100,
        "wind_speed_10m": 2.04,
        "last_updated": "2026-09-30T17:25:46Z"
      }
    },
    {
      "type": "Feature",
      "geometry": {
        "type": "Point",
        "coordinates": [
          5.5,
          48.0
        ]
      },
      "properties": {
        "temperature_2m": 21.8,
        "precipitation": 0.0,
        "cloud_cover": 100,
        "wind_speed_10m": 2.35,
        "last_updated": "2026-09-30T17:25:46Z"
      }
    },
    {
      "type": "Feature",
      "geometry": {
        "type": "Point",
        "coordinates": [
          5.56,
          48.0
        ]
      },
      "properties": {
        "temperature_2m": 21.5,
        "precipitation": 0.0,
        "cloud_cover": 100,
        "wind_speed_10m": 2.02,
        "last_updated": "2026-09-30T17:25:46Z"
      }
    },
    {
      "type": "Feature",
      "geometry": {
        "type": "Point",
        "coordinates": [
          5.6,
          48.0
        ]
      },
      "properties": {
        "temperature_2m": 21.0,
        "precipitation": 0.0,
        "cloud_cover": 100,
        "wind_speed_10m": 2.14,
        "last_updated": "2026-09-30T17:25:46Z"
      }
    },
    {
      "type": "Feature",
      "geometry": {
        "type": "Point",
        "coordinates": [
          5.66,
          48.0
        ]
      },
      "properties": {
        "temperature_2m": 21.6,
        "precipitation": 0.0,
        "cloud_cover": 100,
        "wind_speed_10m": 1.94,
        "last_updated": "2026-09-30T17:25:46Z"
      }
    },
    {
      "type": "Feature",
      "geometry": {
        "type": "Point",
        "coordinates": [
          5.7,
          48.0
        ]
      },
      "properties": {
        "temperature_2m": 22.0,
        "precipitation": 0.0,
        "cloud_cover": 100,
        "wind_speed_10m": 2.35,
        "last_updated": "2026-09-30T17:25:46Z"
      }
    },
    {
      "type": "Feature",
      "geometry": {
        "type": "Point",
        "coordinates": [
          5.76,
          48.0
        ]
      },
      "properties": {
        "temperature_2m": 22.2,
        "precipitation": 0.0,
        "cloud_cover": 100,
        "wind_speed_10m": 3.81,
        "last_updated": "2026-09-30T17:25:46Z"
      }
    },
    {
      "type": "Feature",
      "geometry": {
        "type": "Point",
        "coordinates": [
          5.8,
          48.0
        ]
      },
      "properties": {
        "temperature_2m": 22.6,
        "precipitation": 0.0,
        "cloud_cover": 100,
        "wind_speed_10m": 3.73,
        "last_updated": "2026-09-30T17:25:46Z"
      }
    },
    {
      "type": "Feature",
      "geometry": {
        "type": "Point",
        "coordinates": [
          5.86,
          48.0
        ]
      },
      "properties": {
        "temperature_2m": 22.9,
        "precipitation": 0.0,
        "cloud_cover": 100,
        "wind_speed_10m": 3.7,
        "last_updated": "2026-09-30T17:25:46Z"
      }
    },
    {
      "type": "Feature",
      "geometry": {
        "type": "Point",
        "coordinates": [
          5.9,
          48.0
        ]
      },
      "properties": {
        "temperature_2m": 23.7,
        "precipitation": 0.0,
        "cloud_cover": 100,
        "wind_speed_10m": 4.4,
        "last_updated": "2026-09-30T17:25:46Z"
      }
    },
    {
      "type": "Feature",
      "geometry": {
        "type": "Point",
        "coordinates": [
          5.94,
          48.0
        ]
      },
      "properties": {
        "temperature_2m": 23.3,
        "precipitation": 0.0,
        "cloud_cover": 100,
        "wind_speed_10m": 4.3,
        "last_updated": "2026-09-30T17:25:46Z"
      }
    },
    {
      "type": "Feature",
      "geometry": {
        "type": "Point",
        "coordinates": [
          4.7,
          48.04
        ]
      },
      "properties": {
        "temperature_2m": 19.6,
        "precipitation": 0.1,
        "cloud_cover": 100,
        "wind_speed_10m": 1.73,
        "last_updated": "2026-09-30T17:25:46Z"
      }
    },
    {
      "type": "Feature",
      "geometry": {
        "type": "Point",
        "coordinates": [
          4.76,
          48.04
        ]
      },
      "properties": {
        "temperature_2m": 20.3,
        "precipitation": 0.0,
        "cloud_cover": 100,
        "wind_speed_10m": 2.0,
        "last_updated": "2026-09-30T17:25:46Z"
      }
    },
    {
      "type": "Feature",
      "geometry": {
        "type": "Point",
        "coordinates": [
          4.8,
          48.04
        ]
      },
      "properties": {
        "temperature_2m": 20.8,
        "precipitation": 0.0,
        "cloud_cover": 100,
        "wind_speed_10m": 2.02,
        "last_updated": "2026-09-30T17:25:46Z"
      }
    },
    {
      "type": "Feature",
      "geometry": {
        "type": "Point",
        "coordinates": [
          4.86,
          48.04
        ]
      },
      "properties": {
        "temperature_2m": 20.5,
        "precipitation": 0.0,
        "cloud_cover": 100,
        "wind_speed_10m": 2.0,
        "last_updated": "2026-09-30T17:25:46Z"
      }
    },
    {
      "type": "Feature",
      "geometry": {
        "type": "Point",
        "coordinates": [
          4.9,
          48.04
        ]
      },
      "properties": {
        "temperature_2m": 21.4,
        "precipitation": 0.0,
        "cloud_cover": 100,
        "wind_speed_10m": 2.42,
        "last_updated": "2026-09-30T17:25:46Z"
      }
    },
    {
      "type": "Feature",
      "geometry": {
        "type": "Point",
        "coordinates": [
          4.94,
          48.04
        ]
      },
      "properties": {
        "temperature_2m": 20.9,
        "precipitation": 0.1,
        "cloud_cover": 100,
        "wind_speed_10m": 2.12,
        "last_updated": "2026-09-30T17:25:46Z"
      }
    },
    {
      "type": "Feature",
      "geometry": {
        "type": "Point",
        "coordinates": [
          5.0,
          48.04
        ]
      },
      "properties": {
        "temperature_2m": 20.2,
        "precipitation": 0.2,
        "cloud_cover": 100,
        "wind_speed_10m": 1.9,
        "last_updated": "2026-09-30T17:25:46Z"
      }
    },
    {
      "type": "Feature",
      "geometry": {
        "type": "Point",
        "coordinates": [
          5.06,
          48.04
        ]
      },
      "properties": {
        "temperature_2m": 20.5,
        "precipitation": 0.2,
        "cloud_cover": 100,
        "wind_speed_10m": 2.4,
        "last_updated": "2026-09-30T17:25:46Z"
      }
    },
    {
      "type": "Feature",
      "geometry": {
        "type": "Point",
        "coordinates": [
          5.1,
          48.04
        ]
      },
      "properties": {
        "temperature_2m": 20.0,
        "precipitation": 0.3,
        "cloud_cover": 100,
        "wind_speed_10m": 1.9,
        "last_updated": "2026-09-30T17:25:46Z"
      }
    },
    {
      "type": "Feature",
      "geometry": {
        "type": "Point",
        "coordinates": [
          5.16,
          48.04
        ]
      },
      "properties": {
        "temperature_2m": 21.1,
        "precipitation": 0.2,
        "cloud_cover": 100,
        "wind_speed_10m": 2.04,
        "last_updated": "2026-09-30T17:25:46Z"
      }
    },
    {
      "type": "Feature",
      "geometry": {
        "type": "Point",
        "coordinates": [
          5.2,
          48.04
        ]
      },
      "properties": {
        "temperature_2m": 20.8,
        "precipitation": 0.1,
        "cloud_cover": 100,
        "wind_speed_10m": 1.63,
        "last_updated": "2026-09-30T17:25:46Z"
      }
    },
    {
      "type": "Feature",
      "geometry": {
        "type": "Point",
        "coordinates": [
          5.26,
          48.06
        ]
      },
      "properties": {
        "temperature_2m": 20.0,
        "precipitation": 0.2,
        "cloud_cover": 100,
        "wind_speed_10m": 1.22,
        "last_updated": "2026-09-30T17:25:46Z"
      }
    },
    {
      "type": "Feature",
      "geometry": {
        "type": "Point",
        "coordinates": [
          5.3,
          48.04
        ]
      },
      "properties": {
        "temperature_2m": 20.3,
        "precipitation": 0.1,
        "cloud_cover": 100,
        "wind_speed_10m": 1.04,
        "last_updated": "2026-09-30T17:25:46Z"
      }
    },
    {
      "type": "Feature",
      "geometry": {
        "type": "Point",
        "coordinates": [
          5.36,
          48.04
        ]
      },
      "properties": {
        "temperature_2m": 20.2,
        "precipitation": 0.1,
        "cloud_cover": 100,
        "wind_speed_10m": 1.17,
        "last_updated": "2026-09-30T17:25:46Z"
      }
    },
    {
      "type": "Feature",
      "geometry": {
        "type": "Point",
        "coordinates": [
          5.4,
          48.04
        ]
      },
      "properties": {
        "temperature_2m": 20.1,
        "precipitation": 0.0,
        "cloud_cover": 100,
        "wind_speed_10m": 1.4,
        "last_updated": "2026-09-30T17:25:46Z"
      }
    },
    {
      "type": "Feature",
      "geometry": {
        "type": "Point",
        "coordinates": [
          5.44,
          48.04
        ]
      },
      "properties": {
        "temperature_2m": 20.2,
        "precipitation": 0.0,
        "cloud_cover": 100,
        "wind_speed_10m": 1.5,
        "last_updated": "2026-09-30T17:25:46Z"
      }
    },
    {
      "type": "Feature",
      "geometry": {
        "type": "Point",
        "coordinates": [
          5.5,
          48.04
        ]
      },
      "properties": {
        "temperature_2m": 20.7,
        "precipitation": 0.0,
        "cloud_cover": 100,
        "wind_speed_10m": 1.68,
        "last_updated": "2026-09-30T17:25:46Z"
      }
    },
    {
      "type": "Feature",
      "geometry": {
        "type": "Point",
        "coordinates": [
          5.56,
          48.04
        ]
      },
      "properties": {
        "temperature_2m": 21.5,
        "precipitation": 0.0,
        "cloud_cover": 100,
        "wind_speed_10m": 2.11,
        "last_updated": "2026-09-30T17:25:46Z"
      }
    },
    {
      "type": "Feature",
      "geometry": {
        "type": "Point",
        "coordinates": [
          5.6,
          48.04
        ]
      },
      "properties": {
        "temperature_2m": 21.0,
        "precipitation": 0.0,
        "cloud_cover": 100,
        "wind_speed_10m": 2.35,
        "last_updated": "2026-09-30T17:25:46Z"
      }
    },
    {
      "type": "Feature",
      "geometry": {
        "type": "Point",
        "coordinates": [
          5.66,
          48.04
        ]
      },
      "properties": {
        "temperature_2m": 21.2,
        "precipitation": 0.0,
        "cloud_cover": 100,
        "wind_speed_10m": 2.18,
        "last_updated": "2026-09-30T17:25:46Z"
      }
    },
    {
      "type": "Feature",
      "geometry": {
        "type": "Point",
        "coordinates": [
          5.7,
          48.04
        ]
      },
      "properties": {
        "temperature_2m": 21.3,
        "precipitation": 0.0,
        "cloud_cover": 100,
        "wind_speed_10m": 2.63,
        "last_updated": "2026-09-30T17:25:46Z"
      }
    },
    {
      "type": "Feature",
      "geometry": {
        "type": "Point",
        "coordinates": [
          5.76,
          48.04
        ]
      },
      "properties": {
        "temperature_2m": 21.3,
        "precipitation": 0.0,
        "cloud_cover": 100,
        "wind_speed_10m": 3.54,
        "last_updated": "2026-09-30T17:25:46Z"
      }
    },
    {
      "type": "Feature",
      "geometry": {
        "type": "Point",
        "coordinates": [
          5.8,
          48.04
        ]
      },
      "properties": {
        "temperature_2m": 22.3,
        "precipitation": 0.0,
        "cloud_cover": 100,
        "wind_speed_10m": 3.82,
        "last_updated": "2026-09-30T17:25:46Z"
      }
    },
    {
      "type": "Feature",
      "geometry": {
        "type": "Point",
        "coordinates": [
          5.86,
          48.04
        ]
      },
      "properties": {
        "temperature_2m": 22.9,
        "precipitation": 0.0,
        "cloud_cover": 100,
        "wind_speed_10m": 3.4,
        "last_updated": "2026-09-30T17:25:46Z"
      }
    },
    {
      "type": "Feature",
      "geometry": {
        "type": "Point",
        "coordinates": [
          5.9,
          48.04
        ]
      },
      "properties": {
        "temperature_2m": 23.1,
        "precipitation": 0.0,
        "cloud_cover": 100,
        "wind_speed_10m": 3.4,
        "last_updated": "2026-09-30T17:25:46Z"
      }
    },
    {
      "type": "Feature",
      "geometry": {
        "type": "Point",
        "coordinates": [
          5.94,
          48.04
        ]
      },
      "properties": {
        "temperature_2m": 22.9,
        "precipitation": 0.0,
        "cloud_cover": 100,
        "wind_speed_10m": 3.92,
        "last_updated": "2026-09-30T17:25:46Z"
      }
    },
    {
      "type": "Feature",
      "geometry": {
        "type": "Point",
        "coordinates": [
          4.7,
          48.1
        ]
      },
      "properties": {
        "temperature_2m": 19.6,
        "precipitation": 0.0,
        "cloud_cover": 100,
        "wind_speed_10m": 1.99,
        "last_updated": "2026-09-30T17:25:46Z"
      }
    },
    {
      "type": "Feature",
      "geometry": {
        "type": "Point",
        "coordinates": [
          4.76,
          48.1
        ]
      },
      "properties": {
        "temperature_2m": 20.0,
        "precipitation": 0.0,
        "cloud_cover": 100,
        "wind_speed_10m": 1.7,
        "last_updated": "2026-09-30T17:25:46Z"
      }
    },
    {
      "type": "Feature",
      "geometry": {
        "type": "Point",
        "coordinates": [
          4.8,
          48.1
        ]
      },
      "properties": {
        "temperature_2m": 21.4,
        "precipitation": 0.0,
        "cloud_cover": 100,
        "wind_speed_10m": 1.7,
        "last_updated": "2026-09-30T17:25:46Z"
      }
    },
    {
      "type": "Feature",
      "geometry": {
        "type": "Point",
        "coordinates": [
          4.86,
          48.1
        ]
      },
      "properties": {
        "temperature_2m": 20.4,
        "precipitation": 0.1,
        "cloud_cover": 100,
        "wind_speed_10m": 1.46,
        "last_updated": "2026-09-30T17:25:46Z"
      }
    },
    {
      "type": "Feature",
      "geometry": {
        "type": "Point",
        "coordinates": [
          4.9,
          48.1
        ]
      },
      "properties": {
        "temperature_2m": 21.9,
        "precipitation": 0.1,
        "cloud_cover": 100,
        "wind_speed_10m": 1.61,
        "last_updated": "2026-09-30T17:25:46Z"
      }
    },
    {
      "type": "Feature",
      "geometry": {
        "type": "Point",
        "coordinates": [
          4.94,
          48.1
        ]
      },
      "properties": {
        "temperature_2m": 21.2,
        "precipitation": 0.3,
        "cloud_cover": 100,
        "wind_speed_10m": 1.6,
        "last_updated": "2026-09-30T17:25:46Z"
      }
    },
    {
      "type": "Feature",
      "geometry": {
        "type": "Point",
        "coordinates": [
          5.0,
          48.1
        ]
      },
      "properties": {
        "temperature_2m": 20.8,
        "precipitation": 0.4,
        "cloud_cover": 100,
        "wind_speed_10m": 1.5,
        "last_updated": "2026-09-30T17:25:46Z"
      }
    },
    {
      "type": "Feature",
      "geometry": {
        "type": "Point",
        "coordinates": [
          5.06,
          48.1
        ]
      },
      "properties": {
        "temperature_2m": 20.5,
        "precipitation": 0.5,
        "cloud_cover": 100,
        "wind_speed_10m": 1.81,
        "last_updated": "2026-09-30T17:25:46Z"
      }
    },
    {
      "type": "Feature",
      "geometry": {
        "type": "Point",
        "coordinates": [
          5.1,
          48.1
        ]
      },
      "properties": {
        "temperature_2m": 20.4,
        "precipitation": 0.5,
        "cloud_cover": 100,
        "wind_speed_10m": 1.7,
        "last_updated": "2026-09-30T17:25:46Z"
      }
    },
    {
      "type": "Feature",
      "geometry": {
        "type": "Point",
        "coordinates": [
          5.16,
          48.1
        ]
      },
      "properties": {
        "temperature_2m": 20.8,
        "precipitation": 0.3,
        "cloud_cover": 100,
        "wind_speed_10m": 1.8,
        "last_updated": "2026-09-30T17:25:46Z"
      }
    },
    {
      "type": "Feature",
      "geometry": {
        "type": "Point",
        "coordinates": [
          5.2,
          48.1
        ]
      },
      "properties": {
        "temperature_2m": 20.5,
        "precipitation": 0.3,
        "cloud_cover": 100,
        "wind_speed_10m": 1.91,
        "last_updated": "2026-09-30T17:25:46Z"
      }
    },
    {
      "type": "Feature",
      "geometry": {
        "type": "Point",
        "coordinates": [
          5.26,
          48.1
        ]
      },
      "properties": {
        "temperature_2m": 20.4,
        "precipitation": 0.3,
        "cloud_cover": 100,
        "wind_speed_10m": 1.58,
        "last_updated": "2026-09-30T17:25:46Z"
      }
    },
    {
      "type": "Feature",
      "geometry": {
        "type": "Point",
        "coordinates": [
          5.3,
          48.1
        ]
      },
      "properties": {
        "temperature_2m": 20.2,
        "precipitation": 0.2,
        "cloud_cover": 100,
        "wind_speed_10m": 1.46,
        "last_updated": "2026-09-30T17:25:46Z"
      }
    },
    {
      "type": "Feature",
      "geometry": {
        "type": "Point",
        "coordinates": [
          5.36,
          48.1
        ]
      },
      "properties": {
        "temperature_2m": 20.2,
        "precipitation": 0.0,
        "cloud_cover": 100,
        "wind_speed_10m": 1.04,
        "last_updated": "2026-09-30T17:25:46Z"
      }
    },
    {
      "type": "Feature",
      "geometry": {
        "type": "Point",
        "coordinates": [
          5.4,
          48.1
        ]
      },
      "properties": {
        "temperature_2m": 20.5,
        "precipitation": 0.0,
        "cloud_cover": 100,
        "wind_speed_10m": 1.12,
        "last_updated": "2026-09-30T17:25:46Z"
      }
    },
    {
      "type": "Feature",
      "geometry": {
        "type": "Point",
        "coordinates": [
          5.44,
          48.1
        ]
      },
      "properties": {
        "temperature_2m": 20.3,
        "precipitation": 0.0,
        "cloud_cover": 100,
        "wind_speed_10m": 1.61,
        "last_updated": "2026-09-30T17:25:46Z"
      }
    },
    {
      "type": "Feature",
      "geometry": {
        "type": "Point",
        "coordinates": [
          5.5,
          48.1
        ]
      },
      "properties": {
        "temperature_2m": 20.1,
        "precipitation": 0.0,
        "cloud_cover": 100,
        "wind_speed_10m": 1.96,
        "last_updated": "2026-09-30T17:25:46Z"
      }
    },
    {
      "type": "Feature",
      "geometry": {
        "type": "Point",
        "coordinates": [
          5.56,
          48.1
        ]
      },
      "properties": {
        "temperature_2m": 20.9,
        "precipitation": 0.0,
        "cloud_cover": 100,
        "wind_speed_10m": 1.94,
        "last_updated": "2026-09-30T17:25:46Z"
      }
    },
    {
      "type": "Feature",
      "geometry": {
        "type": "Point",
        "coordinates": [
          5.6,
          48.1
        ]
      },
      "properties": {
        "temperature_2m": 21.3,
        "precipitation": 0.0,
        "cloud_cover": 100,
        "wind_speed_10m": 1.92,
        "last_updated": "2026-09-30T17:25:46Z"
      }
    },
    {
      "type": "Feature",
      "geometry": {
        "type": "Point",
        "coordinates": [
          5.66,
          48.1
        ]
      },
      "properties": {
        "temperature_2m": 21.4,
        "precipitation": 0.0,
        "cloud_cover": 100,
        "wind_speed_10m": 1.75,
        "last_updated": "2026-09-30T17:25:46Z"
      }
    },
    {
      "type": "Feature",
      "geometry": {
        "type": "Point",
        "coordinates": [
          5.7,
          48.1
        ]
      },
      "properties": {
        "temperature_2m": 21.2,
        "precipitation": 0.0,
        "cloud_cover": 100,
        "wind_speed_10m": 1.39,
        "last_updated": "2026-09-30T17:25:46Z"
      }
    },
    {
      "type": "Feature",
      "geometry": {
        "type": "Point",
        "coordinates": [
          5.76,
          48.1
        ]
      },
      "properties": {
        "temperature_2m": 21.7,
        "precipitation": 0.0,
        "cloud_cover": 100,
        "wind_speed_10m": 2.06,
        "last_updated": "2026-09-30T17:25:46Z"
      }
    },
    {
      "type": "Feature",
      "geometry": {
        "type": "Point",
        "coordinates": [
          5.8,
          48.1
        ]
      },
      "properties": {
        "temperature_2m": 22.1,
        "precipitation": 0.0,
        "cloud_cover": 100,
        "wind_speed_10m": 2.72,
        "last_updated": "2026-09-30T17:25:46Z"
      }
    },
    {
      "type": "Feature",
      "geometry": {
        "type": "Point",
        "coordinates": [
          5.86,
          48.1
        ]
      },
      "properties": {
        "temperature_2m": 22.2,
        "precipitation": 0.0,
        "cloud_cover": 100,
        "wind_speed_10m": 3.51,
        "last_updated": "2026-09-30T17:25:46Z"
      }
    },
    {
      "type": "Feature",
      "geometry": {
        "type": "Point",
        "coordinates": [
          5.9,
          48.1
        ]
      },
      "properties": {
        "temperature_2m": 22.5,
        "precipitation": 0.0,
        "cloud_cover": 100,
        "wind_speed_10m": 3.83,
        "last_updated": "2026-09-30T17:25:46Z"
      }
    },
    {
      "type": "Feature",
      "geometry": {
        "type": "Point",
        "coordinates": [
          5.94,
          48.1
        ]
      },
      "properties": {
        "temperature_2m": 22.2,
        "precipitation": 0.0,
        "cloud_cover": 100,
        "wind_speed_10m": 3.2,
        "last_updated": "2026-09-30T17:25:46Z"
      }
    },
    {
      "type": "Feature",
      "geometry": {
        "type": "Point",
        "coordinates": [
          4.7,
          48.16
        ]
      },
      "properties": {
        "temperature_2m": 19.6,
        "precipitation": 0.0,
        "cloud_cover": 100,
        "wind_speed_10m": 1.84,
        "last_updated": "2026-09-30T17:25:46Z"
      }
    },
    {
      "type": "Feature",
      "geometry": {
        "type": "Point",
        "coordinates": [
          4.76,
          48.16
        ]
      },
      "properties": {
        "temperature_2m": 20.4,
        "precipitation": 0.0,
        "cloud_cover": 100,
        "wind_speed_10m": 1.51,
        "last_updated": "2026-09-30T17:25:46Z"
      }
    },
    {
      "type": "Feature",
      "geometry": {
        "type": "Point",
        "coordinates": [
          4.8,
          48.16
        ]
      },
      "properties": {
        "temperature_2m": 21.4,
        "precipitation": 0.0,
        "cloud_cover": 100,
        "wind_speed_10m": 1.63,
        "last_updated": "2026-09-30T17:25:46Z"
      }
    },
    {
      "type": "Feature",
      "geometry": {
        "type": "Point",
        "coordinates": [
          4.86,
          48.16
        ]
      },
      "properties": {
        "temperature_2m": 21.3,
        "precipitation": 0.1,
        "cloud_cover": 100,
        "wind_speed_10m": 1.68,
        "last_updated": "2026-09-30T17:25:46Z"
      }
    },
    {
      "type": "Feature",
      "geometry": {
        "type": "Point",
        "coordinates": [
          4.9,
          48.16
        ]
      },
      "properties": {
        "temperature_2m": 20.2,
        "precipitation": 0.2,
        "cloud_cover": 100,
        "wind_speed_10m": 1.26,
        "last_updated": "2026-09-30T17:25:46Z"
      }
    },
    {
      "type": "Feature",
      "geometry": {
        "type": "Point",
        "coordinates": [
          4.94,
          48.16
        ]
      },
      "properties": {
        "temperature_2m": 20.8,
        "precipitation": 0.3,
        "cloud_cover": 100,
        "wind_speed_10m": 1.12,
        "last_updated": "2026-09-30T17:25:46Z"
      }
    },
    {
      "type": "Feature",
      "geometry": {
        "type": "Point",
        "coordinates": [
          5.0,
          48.16
        ]
      },
      "properties": {
        "temperature_2m": 20.0,
        "precipitation": 0.3,
        "cloud_cover": 100,
        "wind_speed_10m": 1.3,
        "last_updated": "2026-09-30T17:25:46Z"
      }
    },
    {
      "type": "Feature",
      "geometry": {
        "type": "Point",
        "coordinates": [
          5.06,
          48.16
        ]
      },
      "properties": {
        "temperature_2m": 19.8,
        "precipitation": 0.3,
        "cloud_cover": 100,
        "wind_speed_10m": 1.49,
        "last_updated": "2026-09-30T17:25:46Z"
      }
    },
    {
      "type": "Feature",
      "geometry": {
        "type": "Point",
        "coordinates": [
          5.1,
          48.16
        ]
      },
      "properties": {
        "temperature_2m": 20.6,
        "precipitation": 0.4,
        "cloud_cover": 100,
        "wind_speed_10m": 1.53,
        "last_updated": "2026-09-30T17:25:46Z"
      }
    },
    {
      "type": "Feature",
      "geometry": {
        "type": "Point",
        "coordinates": [
          5.16,
          48.16
        ]
      },
      "properties": {
        "temperature_2m": 20.8,
        "precipitation": 0.2,
        "cloud_cover": 100,
        "wind_speed_10m": 2.0,
        "last_updated": "2026-09-30T17:25:46Z"
      }
    },
    {
      "type": "Feature",
      "geometry": {
        "type": "Point",
        "coordinates": [
          5.2,
          48.16
        ]
      },
      "properties": {
        "temperature_2m": 20.8,
        "precipitation": 0.1,
        "cloud_cover": 100,
        "wind_speed_10m": 2.32,
        "last_updated": "2026-09-30T17:25:46Z"
      }
    },
    {
      "type": "Feature",
      "geometry": {
        "type": "Point",
        "coordinates": [
          5.26,
          48.16
        ]
      },
      "properties": {
        "temperature_2m": 20.5,
        "precipitation": 0.1,
        "cloud_cover": 100,
        "wind_speed_10m": 1.82,
        "last_updated": "2026-09-30T17:25:46Z"
      }
    },
    {
      "type": "Feature",
      "geometry": {
        "type": "Point",
        "coordinates": [
          5.3,
          48.16
        ]
      },
      "properties": {
        "temperature_2m": 19.8,
        "precipitation": 0.1,
        "cloud_cover": 100,
        "wind_speed_10m": 1.53,
        "last_updated": "2026-09-30T17:25:46Z"
      }
    },
    {
      "type": "Feature",
      "geometry": {
        "type": "Point",
        "coordinates": [
          5.36,
          48.16
        ]
      },
      "properties": {
        "temperature_2m": 20.1,
        "precipitation": 0.0,
        "cloud_cover": 100,
        "wind_speed_10m": 1.12,
        "last_updated": "2026-09-30T17:25:46Z"
      }
    },
    {
      "type": "Feature",
      "geometry": {
        "type": "Point",
        "coordinates": [
          5.4,
          48.16
        ]
      },
      "properties": {
        "temperature_2m": 19.8,
        "precipitation": 0.0,
        "cloud_cover": 100,
        "wind_speed_10m": 1.32,
        "last_updated": "2026-09-30T17:25:46Z"
      }
    },
    {
      "type": "Feature",
      "geometry": {
        "type": "Point",
        "coordinates": [
          5.44,
          48.16
        ]
      },
      "properties": {
        "temperature_2m": 20.1,
        "precipitation": 0.0,
        "cloud_cover": 100,
        "wind_speed_10m": 1.5,
        "last_updated": "2026-09-30T17:25:46Z"
      }
    },
    {
      "type": "Feature",
      "geometry": {
        "type": "Point",
        "coordinates": [
          5.5,
          48.16
        ]
      },
      "properties": {
        "temperature_2m": 20.0,
        "precipitation": 0.0,
        "cloud_cover": 100,
        "wind_speed_10m": 1.96,
        "last_updated": "2026-09-30T17:25:46Z"
      }
    },
    {
      "type": "Feature",
      "geometry": {
        "type": "Point",
        "coordinates": [
          5.56,
          48.16
        ]
      },
      "properties": {
        "temperature_2m": 20.4,
        "precipitation": 0.0,
        "cloud_cover": 100,
        "wind_speed_10m": 1.89,
        "last_updated": "2026-09-30T17:25:46Z"
      }
    },
    {
      "type": "Feature",
      "geometry": {
        "type": "Point",
        "coordinates": [
          5.6,
          48.16
        ]
      },
      "properties": {
        "temperature_2m": 21.2,
        "precipitation": 0.0,
        "cloud_cover": 100,
        "wind_speed_10m": 1.8,
        "last_updated": "2026-09-30T17:25:46Z"
      }
    },
    {
      "type": "Feature",
      "geometry": {
        "type": "Point",
        "coordinates": [
          5.66,
          48.16
        ]
      },
      "properties": {
        "temperature_2m": 20.7,
        "precipitation": 0.0,
        "cloud_cover": 100,
        "wind_speed_10m": 1.3,
        "last_updated": "2026-09-30T17:25:46Z"
      }
    },
    {
      "type": "Feature",
      "geometry": {
        "type": "Point",
        "coordinates": [
          5.7,
          48.16
        ]
      },
      "properties": {
        "temperature_2m": 21.4,
        "precipitation": 0.0,
        "cloud_cover": 100,
        "wind_speed_10m": 1.3,
        "last_updated": "2026-09-30T17:25:46Z"
      }
    },
    {
      "type": "Feature",
      "geometry": {
        "type": "Point",
        "coordinates": [
          5.76,
          48.16
        ]
      },
      "properties": {
        "temperature_2m": 21.2,
        "precipitation": 0.0,
        "cloud_cover": 100,
        "wind_speed_10m": 1.61,
        "last_updated": "2026-09-30T17:25:46Z"
      }
    },
    {
      "type": "Feature",
      "geometry": {
        "type": "Point",
        "coordinates": [
          5.8,
          48.16
        ]
      },
      "properties": {
        "temperature_2m": 21.6,
        "precipitation": 0.0,
        "cloud_cover": 100,
        "wind_speed_10m": 2.16,
        "last_updated": "2026-09-30T17:25:46Z"
      }
    },
    {
      "type": "Feature",
      "geometry": {
        "type": "Point",
        "coordinates": [
          5.86,
          48.16
        ]
      },
      "properties": {
        "temperature_2m": 21.3,
        "precipitation": 0.0,
        "cloud_cover": 100,
        "wind_speed_10m": 2.94,
        "last_updated": "2026-09-30T17:25:46Z"
      }
    },
    {
      "type": "Feature",
      "geometry": {
        "type": "Point",
        "coordinates": [
          5.9,
          48.16
        ]
      },
      "properties": {
        "temperature_2m": 22.1,
        "precipitation": 0.0,
        "cloud_cover": 100,
        "wind_speed_10m": 3.93,
        "last_updated": "2026-09-30T17:25:46Z"
      }
    },
    {
      "type": "Feature",
      "geometry": {
        "type": "Point",
        "coordinates": [
          5.94,
          48.16
        ]
      },
      "properties": {
        "temperature_2m": 22.0,
        "precipitation": 0.0,
        "cloud_cover": 100,
        "wind_speed_10m": 4.43,
        "last_updated": "2026-09-30T17:25:46Z"
      }
    },
    {
      "type": "Feature",
      "geometry": {
        "type": "Point",
        "coordinates": [
          4.7,
          48.2
        ]
      },
      "properties": {
        "temperature_2m": 19.6,
        "precipitation": 0.0,
        "cloud_cover": 100,
        "wind_speed_10m": 2.6,
        "last_updated": "2026-09-30T17:25:46Z"
      }
    },
    {
      "type": "Feature",
      "geometry": {
        "type": "Point",
        "coordinates": [
          4.76,
          48.2
        ]
      },
      "properties": {
        "temperature_2m": 20.8,
        "precipitation": 0.0,
        "cloud_cover": 100,
        "wind_speed_10m": 1.75,
        "last_updated": "2026-09-30T17:25:46Z"
      }
    },
    {
      "type": "Feature",
      "geometry": {
        "type": "Point",
        "coordinates": [
          4.8,
          48.2
        ]
      },
      "properties": {
        "temperature_2m": 21.1,
        "precipitation": 0.1,
        "cloud_cover": 100,
        "wind_speed_10m": 1.63,
        "last_updated": "2026-09-30T17:25:46Z"
      }
    },
    {
      "type": "Feature",
      "geometry": {
        "type": "Point",
        "coordinates": [
          4.86,
          48.2
        ]
      },
      "properties": {
        "temperature_2m": 20.2,
        "precipitation": 0.1,
        "cloud_cover": 100,
        "wind_speed_10m": 1.79,
        "last_updated": "2026-09-30T17:25:46Z"
      }
    },
    {
      "type": "Feature",
      "geometry": {
        "type": "Point",
        "coordinates": [
          4.9,
          48.2
        ]
      },
      "properties": {
        "temperature_2m": 20.0,
        "precipitation": 0.2,
        "cloud_cover": 100,
        "wind_speed_10m": 1.84,
        "last_updated": "2026-09-30T17:25:46Z"
      }
    },
    {
      "type": "Feature",
      "geometry": {
        "type": "Point",
        "coordinates": [
          4.94,
          48.2
        ]
      },
      "properties": {
        "temperature_2m": 20.3,
        "precipitation": 0.2,
        "cloud_cover": 100,
        "wind_speed_10m": 1.63,
        "last_updated": "2026-09-30T17:25:46Z"
      }
    },
    {
      "type": "Feature",
      "geometry": {
        "type": "Point",
        "coordinates": [
          5.0,
          48.2
        ]
      },
      "properties": {
        "temperature_2m": 19.8,
        "precipitation": 0.2,
        "cloud_cover": 100,
        "wind_speed_10m": 1.2,
        "last_updated": "2026-09-30T17:25:46Z"
      }
    },
    {
      "type": "Feature",
      "geometry": {
        "type": "Point",
        "coordinates": [
          5.06,
          48.2
        ]
      },
      "properties": {
        "temperature_2m": 19.8,
        "precipitation": 0.2,
        "cloud_cover": 100,
        "wind_speed_10m": 1.08,
        "last_updated": "2026-09-30T17:25:46Z"
      }
    },
    {
      "type": "Feature",
      "geometry": {
        "type": "Point",
        "coordinates": [
          5.1,
          48.2
        ]
      },
      "properties": {
        "temperature_2m": 20.6,
        "precipitation": 0.2,
        "cloud_cover": 100,
        "wind_speed_10m": 1.14,
        "last_updated": "2026-09-30T17:25:46Z"
      }
    },
    {
      "type": "Feature",
      "geometry": {
        "type": "Point",
        "coordinates": [
          5.16,
          48.2
        ]
      },
      "properties": {
        "temperature_2m": 21.1,
        "precipitation": 0.1,
        "cloud_cover": 100,
        "wind_speed_10m": 1.33,
        "last_updated": "2026-09-30T17:25:46Z"
      }
    },
    {
      "type": "Feature",
      "geometry": {
        "type": "Point",
        "coordinates": [
          5.2,
          48.2
        ]
      },
      "properties": {
        "temperature_2m": 20.9,
        "precipitation": 0.0,
        "cloud_cover": 100,
        "wind_speed_10m": 1.41,
        "last_updated": "2026-09-30T17:25:46Z"
      }
    },
    {
      "type": "Feature",
      "geometry": {
        "type": "Point",
        "coordinates": [
          5.26,
          48.2
        ]
      },
      "properties": {
        "temperature_2m": 20.9,
        "precipitation": 0.0,
        "cloud_cover": 100,
        "wind_speed_10m": 2.33,
        "last_updated": "2026-09-30T17:25:46Z"
      }
    },
    {
      "type": "Feature",
      "geometry": {
        "type": "Point",
        "coordinates": [
          5.3,
          48.2
        ]
      },
      "properties": {
        "temperature_2m": 20.7,
        "precipitation": 0.0,
        "cloud_cover": 100,
        "wind_speed_10m": 2.24,
        "last_updated": "2026-09-30T17:25:46Z"
      }
    },
    {
      "type": "Feature",
      "geometry": {
        "type": "Point",
        "coordinates": [
          5.36,
          48.2
        ]
      },
      "properties": {
        "temperature_2m": 19.9,
        "precipitation": 0.0,
        "cloud_cover": 100,
        "wind_speed_10m": 1.51,
        "last_updated": "2026-09-30T17:25:46Z"
      }
    },
    {
      "type": "Feature",
      "geometry": {
        "type": "Point",
        "coordinates": [
          5.4,
          48.2
        ]
      },
      "properties": {
        "temperature_2m": 20.0,
        "precipitation": 0.0,
        "cloud_cover": 100,
        "wind_speed_10m": 1.1,
        "last_updated": "2026-09-30T17:25:46Z"
      }
    },
    {
      "type": "Feature",
      "geometry": {
        "type": "Point",
        "coordinates": [
          5.44,
          48.2
        ]
      },
      "properties": {
        "temperature_2m": 19.9,
        "precipitation": 0.0,
        "cloud_cover": 100,
        "wind_speed_10m": 1.3,
        "last_updated": "2026-09-30T17:25:46Z"
      }
    },
    {
      "type": "Feature",
      "geometry": {
        "type": "Point",
        "coordinates": [
          5.5,
          48.2
        ]
      },
      "properties": {
        "temperature_2m": 19.5,
        "precipitation": 0.0,
        "cloud_cover": 100,
        "wind_speed_10m": 2.06,
        "last_updated": "2026-09-30T17:25:46Z"
      }
    },
    {
      "type": "Feature",
      "geometry": {
        "type": "Point",
        "coordinates": [
          5.56,
          48.2
        ]
      },
      "properties": {
        "temperature_2m": 20.2,
        "precipitation": 0.0,
        "cloud_cover": 100,
        "wind_speed_10m": 2.15,
        "last_updated": "2026-09-30T17:25:46Z"
      }
    },
    {
      "type": "Feature",
      "geometry": {
        "type": "Point",
        "coordinates": [
          5.6,
          48.2
        ]
      },
      "properties": {
        "temperature_2m": 21.2,
        "precipitation": 0.0,
        "cloud_cover": 100,
        "wind_speed_10m": 1.94,
        "last_updated": "2026-09-30T17:25:46Z"
      }
    },
    {
      "type": "Feature",
      "geometry": {
        "type": "Point",
        "coordinates": [
          5.66,
          48.2
        ]
      },
      "properties": {
        "temperature_2m": 21.4,
        "precipitation": 0.0,
        "cloud_cover": 100,
        "wind_speed_10m": 1.5,
        "last_updated": "2026-09-30T17:25:46Z"
      }
    },
    {
      "type": "Feature",
      "geometry": {
        "type": "Point",
        "coordinates": [
          5.7,
          48.22
        ]
      },
      "properties": {
        "temperature_2m": 20.9,
        "precipitation": 0.0,
        "cloud_cover": 100,
        "wind_speed_10m": 1.92,
        "last_updated": "2026-09-30T17:25:46Z"
      }
    },
    {
      "type": "Feature",
      "geometry": {
        "type": "Point",
        "coordinates": [
          5.76,
          48.2
        ]
      },
      "properties": {
        "temperature_2m": 21.4,
        "precipitation": 0.0,
        "cloud_cover": 100,
        "wind_speed_10m": 1.55,
        "last_updated": "2026-09-30T17:25:46Z"
      }
    },
    {
      "type": "Feature",
      "geometry": {
        "type": "Point",
        "coordinates": [
          5.8,
          48.2
        ]
      },
      "properties": {
        "temperature_2m": 21.8,
        "precipitation": 0.0,
        "cloud_cover": 100,
        "wind_speed_10m": 1.5,
        "last_updated": "2026-09-30T17:25:46Z"
      }
    },
    {
      "type": "Feature",
      "geometry": {
        "type": "Point",
        "coordinates": [
          5.86,
          48.2
        ]
      },
      "properties": {
        "temperature_2m": 21.2,
        "precipitation": 0.0,
        "cloud_cover": 100,
        "wind_speed_10m": 1.7,
        "last_updated": "2026-09-30T17:25:46Z"
      }
    },
    {
      "type": "Feature",
      "geometry": {
        "type": "Point",
        "coordinates": [
          5.9,
          48.2
        ]
      },
      "properties": {
        "temperature_2m": 22.3,
        "precipitation": 0.0,
        "cloud_cover": 100,
        "wind_speed_10m": 2.33,
        "last_updated": "2026-09-30T17:25:46Z"
      }
    },
    {
      "type": "Feature",
      "geometry": {
        "type": "Point",
        "coordinates": [
          5.94,
          48.2
        ]
      },
      "properties": {
        "temperature_2m": 22.7,
        "precipitation": 0.0,
        "cloud_cover": 100,
        "wind_speed_10m": 2.92,
        "last_updated": "2026-09-30T17:25:46Z"
      }
    },
    {
      "type": "Feature",
      "geometry": {
        "type": "Point",
        "coordinates": [
          4.7,
          48.24
        ]
      },
      "properties": {
        "temperature_2m": 20.2,
        "precipitation": 0.0,
        "cloud_cover": 100,
        "wind_speed_10m": 1.58,
        "last_updated": "2026-09-30T17:25:46Z"
      }
    },
    {
      "type": "Feature",
      "geometry": {
        "type": "Point",
        "coordinates": [
          4.76,
          48.24
        ]
      },
      "properties": {
        "temperature_2m": 20.9,
        "precipitation": 0.0,
        "cloud_cover": 100,
        "wind_speed_10m": 1.41,
        "last_updated": "2026-09-30T17:25:46Z"
      }
    },
    {
      "type": "Feature",
      "geometry": {
        "type": "Point",
        "coordinates": [
          4.8,
          48.24
        ]
      },
      "properties": {
        "temperature_2m": 20.6,
        "precipitation": 0.1,
        "cloud_cover": 100,
        "wind_speed_10m": 1.6,
        "last_updated": "2026-09-30T17:25:46Z"
      }
    },
    {
      "type": "Feature",
      "geometry": {
        "type": "Point",
        "coordinates": [
          4.86,
          48.24
        ]
      },
      "properties": {
        "temperature_2m": 19.8,
        "precipitation": 0.1,
        "cloud_cover": 100,
        "wind_speed_10m": 2.15,
        "last_updated": "2026-09-30T17:25:46Z"
      }
    },
    {
      "type": "Feature",
      "geometry": {
        "type": "Point",
        "coordinates": [
          4.9,
          48.24
        ]
      },
      "properties": {
        "temperature_2m": 20.3,
        "precipitation": 0.1,
        "cloud_cover": 100,
        "wind_speed_10m": 2.12,
        "last_updated": "2026-09-30T17:25:46Z"
      }
    },
    {
      "type": "Feature",
      "geometry": {
        "type": "Point",
        "coordinates": [
          4.94,
          48.24
        ]
      },
      "properties": {
        "temperature_2m": 20.5,
        "precipitation": 0.1,
        "cloud_cover": 100,
        "wind_speed_10m": 2.15,
        "last_updated": "2026-09-30T17:25:46Z"
      }
    },
    {
      "type": "Feature",
      "geometry": {
        "type": "Point",
        "coordinates": [
          5.0,
          48.24
        ]
      },
      "properties": {
        "temperature_2m": 19.7,
        "precipitation": 0.1,
        "cloud_cover": 100,
        "wind_speed_10m": 1.94,
        "last_updated": "2026-09-30T17:25:46Z"
      }
    },
    {
      "type": "Feature",
      "geometry": {
        "type": "Point",
        "coordinates": [
          5.06,
          48.24
        ]
      },
      "properties": {
        "temperature_2m": 19.3,
        "precipitation": 0.1,
        "cloud_cover": 100,
        "wind_speed_10m": 1.7,
        "last_updated": "2026-09-30T17:25:46Z"
      }
    },
    {
      "type": "Feature",
      "geometry": {
        "type": "Point",
        "coordinates": [
          5.1,
          48.24
        ]
      },
      "properties": {
        "temperature_2m": 20.5,
        "precipitation": 0.0,
        "cloud_cover": 100,
        "wind_speed_10m": 1.7,
        "last_updated": "2026-09-30T17:25:46Z"
      }
    },
    {
      "type": "Feature",
      "geometry": {
        "type": "Point",
        "coordinates": [
          5.16,
          48.24
        ]
      },
      "properties": {
        "temperature_2m": 20.1,
        "precipitation": 0.0,
        "cloud_cover": 100,
        "wind_speed_10m": 1.94,
        "last_updated": "2026-09-30T17:25:46Z"
      }
    },
    {
      "type": "Feature",
      "geometry": {
        "type": "Point",
        "coordinates": [
          5.2,
          48.24
        ]
      },
      "properties": {
        "temperature_2m": 19.8,
        "precipitation": 0.0,
        "cloud_cover": 100,
        "wind_speed_10m": 1.9,
        "last_updated": "2026-09-30T17:25:46Z"
      }
    },
    {
      "type": "Feature",
      "geometry": {
        "type": "Point",
        "coordinates": [
          5.26,
          48.24
        ]
      },
      "properties": {
        "temperature_2m": 20.8,
        "precipitation": 0.0,
        "cloud_cover": 100,
        "wind_speed_10m": 2.16,
        "last_updated": "2026-09-30T17:25:46Z"
      }
    },
    {
      "type": "Feature",
      "geometry": {
        "type": "Point",
        "coordinates": [
          5.3,
          48.24
        ]
      },
      "properties": {
        "temperature_2m": 21.4,
        "precipitation": 0.0,
        "cloud_cover": 100,
        "wind_speed_10m": 2.04,
        "last_updated": "2026-09-30T17:25:46Z"
      }
    },
    {
      "type": "Feature",
      "geometry": {
        "type": "Point",
        "coordinates": [
          5.36,
          48.24
        ]
      },
      "properties": {
        "temperature_2m": 20.3,
        "precipitation": 0.0,
        "cloud_cover": 100,
        "wind_speed_10m": 1.6,
        "last_updated": "2026-09-30T17:25:46Z"
      }
    },
    {
      "type": "Feature",
      "geometry": {
        "type": "Point",
        "coordinates": [
          5.4,
          48.24
        ]
      },
      "properties": {
        "temperature_2m": 20.2,
        "precipitation": 0.0,
        "cloud_cover": 100,
        "wind_speed_10m": 1.4,
        "last_updated": "2026-09-30T17:25:46Z"
      }
    },
    {
      "type": "Feature",
      "geometry": {
        "type": "Point",
        "coordinates": [
          5.44,
          48.24
        ]
      },
      "properties": {
        "temperature_2m": 20.3,
        "precipitation": 0.0,
        "cloud_cover": 99,
        "wind_speed_10m": 1.61,
        "last_updated": "2026-09-30T17:25:46Z"
      }
    },
    {
      "type": "Feature",
      "geometry": {
        "type": "Point",
        "coordinates": [
          5.5,
          48.24
        ]
      },
      "properties": {
        "temperature_2m": 20.3,
        "precipitation": 0.0,
        "cloud_cover": 100,
        "wind_speed_10m": 2.11,
        "last_updated": "2026-09-30T17:25:46Z"
      }
    },
    {
      "type": "Feature",
      "geometry": {
        "type": "Point",
        "coordinates": [
          5.56,
          48.24
        ]
      },
      "properties": {
        "temperature_2m": 20.3,
        "precipitation": 0.0,
        "cloud_cover": 100,
        "wind_speed_10m": 2.31,
        "last_updated": "2026-09-30T17:25:46Z"
      }
    },
    {
      "type": "Feature",
      "geometry": {
        "type": "Point",
        "coordinates": [
          5.6,
          48.24
        ]
      },
      "properties": {
        "temperature_2m": 20.4,
        "precipitation": 0.0,
        "cloud_cover": 100,
        "wind_speed_10m": 2.04,
        "last_updated": "2026-09-30T17:25:46Z"
      }
    },
    {
      "type": "Feature",
      "geometry": {
        "type": "Point",
        "coordinates": [
          5.66,
          48.24
        ]
      },
      "properties": {
        "temperature_2m": 20.5,
        "precipitation": 0.0,
        "cloud_cover": 100,
        "wind_speed_10m": 1.91,
        "last_updated": "2026-09-30T17:25:46Z"
      }
    },
    {
      "type": "Feature",
      "geometry": {
        "type": "Point",
        "coordinates": [
          5.7,
          48.24
        ]
      },
      "properties": {
        "temperature_2m": 21.8,
        "precipitation": 0.0,
        "cloud_cover": 100,
        "wind_speed_10m": 1.9,
        "last_updated": "2026-09-30T17:25:46Z"
      }
    },
    {
      "type": "Feature",
      "geometry": {
        "type": "Point",
        "coordinates": [
          5.76,
          48.24
        ]
      },
      "properties": {
        "temperature_2m": 21.1,
        "precipitation": 0.0,
        "cloud_cover": 100,
        "wind_speed_10m": 1.68,
        "last_updated": "2026-09-30T17:25:46Z"
      }
    },
    {
      "type": "Feature",
      "geometry": {
        "type": "Point",
        "coordinates": [
          5.8,
          48.24
        ]
      },
      "properties": {
        "temperature_2m": 21.3,
        "precipitation": 0.0,
        "cloud_cover": 100,
        "wind_speed_10m": 1.65,
        "last_updated": "2026-09-30T17:25:46Z"
      }
    },
    {
      "type": "Feature",
      "geometry": {
        "type": "Point",
        "coordinates": [
          5.86,
          48.24
        ]
      },
      "properties": {
        "temperature_2m": 21.6,
        "precipitation": 0.0,
        "cloud_cover": 100,
        "wind_speed_10m": 1.77,
        "last_updated": "2026-09-30T17:25:46Z"
      }
    },
    {
      "type": "Feature",
      "geometry": {
        "type": "Point",
        "coordinates": [
          5.9,
          48.24
        ]
      },
      "properties": {
        "temperature_2m": 22.1,
        "precipitation": 0.0,
        "cloud_cover": 100,
        "wind_speed_10m": 1.8,
        "last_updated": "2026-09-30T17:25:46Z"
      }
    },
    {
      "type": "Feature",
      "geometry": {
        "type": "Point",
        "coordinates": [
          5.94,
          48.24
        ]
      },
      "properties": {
        "temperature_2m": 22.3,
        "precipitation": 0.0,
        "cloud_cover": 100,
        "wind_speed_10m": 2.6,
        "last_updated": "2026-09-30T17:25:46Z"
      }
    },
    {
      "type": "Feature",
      "geometry": {
        "type": "Point",
        "coordinates": [
          4.7,
          48.3
        ]
      },
      "properties": {
        "temperature_2m": 20.3,
        "precipitation": 0.0,
        "cloud_cover": 100,
        "wind_speed_10m": 2.65,
        "last_updated": "2026-09-30T17:25:46Z"
      }
    },
    {
      "type": "Feature",
      "geometry": {
        "type": "Point",
        "coordinates": [
          4.76,
          48.3
        ]
      },
      "properties": {
        "temperature_2m": 20.5,
        "precipitation": 0.0,
        "cloud_cover": 100,
        "wind_speed_10m": 2.71,
        "last_updated": "2026-09-30T17:25:46Z"
      }
    },
    {
      "type": "Feature",
      "geometry": {
        "type": "Point",
        "coordinates": [
          4.8,
          48.3
        ]
      },
      "properties": {
        "temperature_2m": 20.9,
        "precipitation": 0.0,
        "cloud_cover": 100,
        "wind_speed_10m": 2.4,
        "last_updated": "2026-09-30T17:25:46Z"
      }
    },
    {
      "type": "Feature",
      "geometry": {
        "type": "Point",
        "coordinates": [
          4.86,
          48.3
        ]
      },
      "properties": {
        "temperature_2m": 20.5,
        "precipitation": 0.1,
        "cloud_cover": 100,
        "wind_speed_10m": 2.01,
        "last_updated": "2026-09-30T17:25:46Z"
      }
    },
    {
      "type": "Feature",
      "geometry": {
        "type": "Point",
        "coordinates": [
          4.9,
          48.3
        ]
      },
      "properties": {
        "temperature_2m": 20.2,
        "precipitation": 0.1,
        "cloud_cover": 100,
        "wind_speed_10m": 2.12,
        "last_updated": "2026-09-30T17:25:46Z"
      }
    },
    {
      "type": "Feature",
      "geometry": {
        "type": "Point",
        "coordinates": [
          4.94,
          48.3
        ]
      },
      "properties": {
        "temperature_2m": 20.7,
        "precipitation": 0.1,
        "cloud_cover": 100,
        "wind_speed_10m": 2.25,
        "last_updated": "2026-09-30T17:25:46Z"
      }
    },
    {
      "type": "Feature",
      "geometry": {
        "type": "Point",
        "coordinates": [
          5.0,
          48.3
        ]
      },
      "properties": {
        "temperature_2m": 20.0,
        "precipitation": 0.1,
        "cloud_cover": 100,
        "wind_speed_10m": 1.93,
        "last_updated": "2026-09-30T17:25:46Z"
      }
    },
    {
      "type": "Feature",
      "geometry": {
        "type": "Point",
        "coordinates": [
          5.06,
          48.3
        ]
      },
      "properties": {
        "temperature_2m": 19.9,
        "precipitation": 0.0,
        "cloud_cover": 100,
        "wind_speed_10m": 1.75,
        "last_updated": "2026-09-30T17:25:46Z"
      }
    },
    {
      "type": "Feature",
      "geometry": {
        "type": "Point",
        "coordinates": [
          5.1,
          48.3
        ]
      },
      "properties": {
        "temperature_2m": 19.8,
        "precipitation": 0.0,
        "cloud_cover": 100,
        "wind_speed_10m": 1.7,
        "last_updated": "2026-09-30T17:25:46Z"
      }
    },
    {
      "type": "Feature",
      "geometry": {
        "type": "Point",
        "coordinates": [
          5.16,
          48.3
        ]
      },
      "properties": {
        "temperature_2m": 19.9,
        "precipitation": 0.0,
        "cloud_cover": 100,
        "wind_speed_10m": 1.68,
        "last_updated": "2026-09-30T17:25:46Z"
      }
    },
    {
      "type": "Feature",
      "geometry": {
        "type": "Point",
        "coordinates": [
          5.2,
          48.3
        ]
      },
      "properties": {
        "temperature_2m": 19.0,
        "precipitation": 0.0,
        "cloud_cover": 100,
        "wind_speed_10m": 1.63,
        "last_updated": "2026-09-30T17:25:46Z"
      }
    },
    {
      "type": "Feature",
      "geometry": {
        "type": "Point",
        "coordinates": [
          5.26,
          48.3
        ]
      },
      "properties": {
        "temperature_2m": 20.7,
        "precipitation": 0.0,
        "cloud_cover": 100,
        "wind_speed_10m": 1.42,
        "last_updated": "2026-09-30T17:25:46Z"
      }
    },
    {
      "type": "Feature",
      "geometry": {
        "type": "Point",
        "coordinates": [
          5.3,
          48.3
        ]
      },
      "properties": {
        "temperature_2m": 19.9,
        "precipitation": 0.0,
        "cloud_cover": 100,
        "wind_speed_10m": 1.25,
        "last_updated": "2026-09-30T17:25:46Z"
      }
    },
    {
      "type": "Feature",
      "geometry": {
        "type": "Point",
        "coordinates": [
          5.36,
          48.3
        ]
      },
      "properties": {
        "temperature_2m": 19.9,
        "precipitation": 0.0,
        "cloud_cover": 100,
        "wind_speed_10m": 1.61,
        "last_updated": "2026-09-30T17:25:46Z"
      }
    },
    {
      "type": "Feature",
      "geometry": {
        "type": "Point",
        "coordinates": [
          5.4,
          48.3
        ]
      },
      "properties": {
        "temperature_2m": 19.9,
        "precipitation": 0.0,
        "cloud_cover": 99,
        "wind_speed_10m": 1.8,
        "last_updated": "2026-09-30T17:25:46Z"
      }
    },
    {
      "type": "Feature",
      "geometry": {
        "type": "Point",
        "coordinates": [
          5.44,
          48.3
        ]
      },
      "properties": {
        "temperature_2m": 19.5,
        "precipitation": 0.0,
        "cloud_cover": 100,
        "wind_speed_10m": 2.01,
        "last_updated": "2026-09-30T17:25:46Z"
      }
    },
    {
      "type": "Feature",
      "geometry": {
        "type": "Point",
        "coordinates": [
          5.5,
          48.3
        ]
      },
      "properties": {
        "temperature_2m": 20.6,
        "precipitation": 0.0,
        "cloud_cover": 100,
        "wind_speed_10m": 1.75,
        "last_updated": "2026-09-30T17:25:46Z"
      }
    },
    {
      "type": "Feature",
      "geometry": {
        "type": "Point",
        "coordinates": [
          5.56,
          48.3
        ]
      },
      "properties": {
        "temperature_2m": 20.6,
        "precipitation": 0.0,
        "cloud_cover": 100,
        "wind_speed_10m": 1.3,
        "last_updated": "2026-09-30T17:25:46Z"
      }
    },
    {
      "type": "Feature",
      "geometry": {
        "type": "Point",
        "coordinates": [
          5.6,
          48.3
        ]
      },
      "properties": {
        "temperature_2m": 20.5,
        "precipitation": 0.0,
        "cloud_cover": 100,
        "wind_speed_10m": 1.5,
        "last_updated": "2026-09-30T17:25:46Z"
      }
    },
    {
      "type": "Feature",
      "geometry": {
        "type": "Point",
        "coordinates": [
          5.66,
          48.3
        ]
      },
      "properties": {
        "temperature_2m": 20.9,
        "precipitation": 0.0,
        "cloud_cover": 100,
        "wind_speed_10m": 1.6,
        "last_updated": "2026-09-30T17:25:46Z"
      }
    },
    {
      "type": "Feature",
      "geometry": {
        "type": "Point",
        "coordinates": [
          5.7,
          48.3
        ]
      },
      "properties": {
        "temperature_2m": 20.9,
        "precipitation": 0.0,
        "cloud_cover": 100,
        "wind_speed_10m": 1.5,
        "last_updated": "2026-09-30T17:25:46Z"
      }
    },
    {
      "type": "Feature",
      "geometry": {
        "type": "Point",
        "coordinates": [
          5.76,
          48.3
        ]
      },
      "properties": {
        "temperature_2m": 20.3,
        "precipitation": 0.0,
        "cloud_cover": 100,
        "wind_speed_10m": 1.53,
        "last_updated": "2026-09-30T17:25:46Z"
      }
    },
    {
      "type": "Feature",
      "geometry": {
        "type": "Point",
        "coordinates": [
          5.8,
          48.3
        ]
      },
      "properties": {
        "temperature_2m": 20.7,
        "precipitation": 0.0,
        "cloud_cover": 100,
        "wind_speed_10m": 1.58,
        "last_updated": "2026-09-30T17:25:46Z"
      }
    },
    {
      "type": "Feature",
      "geometry": {
        "type": "Point",
        "coordinates": [
          5.86,
          48.3
        ]
      },
      "properties": {
        "temperature_2m": 21.4,
        "precipitation": 0.0,
        "cloud_cover": 100,
        "wind_speed_10m": 1.14,
        "last_updated": "2026-09-30T17:25:46Z"
      }
    },
    {
      "type": "Feature",
      "geometry": {
        "type": "Point",
        "coordinates": [
          5.9,
          48.3
        ]
      },
      "properties": {
        "temperature_2m": 21.9,
        "precipitation": 0.0,
        "cloud_cover": 100,
        "wind_speed_10m": 1.2,
        "last_updated": "2026-09-30T17:25:46Z"
      }
    },
    {
      "type": "Feature",
      "geometry": {
        "type": "Point",
        "coordinates": [
          5.94,
          48.3
        ]
      },
      "properties": {
        "temperature_2m": 22.0,
        "precipitation": 0.0,
        "cloud_cover": 100,
        "wind_speed_10m": 1.81,
        "last_updated": "2026-09-30T17:25:46Z"
      }
    },
    {
      "type": "Feature",
      "geometry": {
        "type": "Point",
        "coordinates": [
          4.7,
          48.34
        ]
      },
      "properties": {
        "temperature_2m": 20.6,
        "precipitation": 0.0,
        "cloud_cover": 100,
        "wind_speed_10m": 2.04,
        "last_updated": "2026-09-30T17:25:46Z"
      }
    },
    {
      "type": "Feature",
      "geometry": {
        "type": "Point",
        "coordinates": [
          4.76,
          48.34
        ]
      },
      "properties": {
        "temperature_2m": 20.9,
        "precipitation": 0.0,
        "cloud_cover": 100,
        "wind_speed_10m": 2.01,
        "last_updated": "2026-09-30T17:25:46Z"
      }
    },
    {
      "type": "Feature",
      "geometry": {
        "type": "Point",
        "coordinates": [
          4.8,
          48.34
        ]
      },
      "properties": {
        "temperature_2m": 21.0,
        "precipitation": 0.1,
        "cloud_cover": 100,
        "wind_speed_10m": 1.63,
        "last_updated": "2026-09-30T17:25:46Z"
      }
    },
    {
      "type": "Feature",
      "geometry": {
        "type": "Point",
        "coordinates": [
          4.86,
          48.34
        ]
      },
      "properties": {
        "temperature_2m": 20.4,
        "precipitation": 0.1,
        "cloud_cover": 100,
        "wind_speed_10m": 1.71,
        "last_updated": "2026-09-30T17:25:46Z"
      }
    },
    {
      "type": "Feature",
      "geometry": {
        "type": "Point",
        "coordinates": [
          4.9,
          48.34
        ]
      },
      "properties": {
        "temperature_2m": 20.1,
        "precipitation": 0.1,
        "cloud_cover": 100,
        "wind_speed_10m": 1.93,
        "last_updated": "2026-09-30T17:25:46Z"
      }
    },
    {
      "type": "Feature",
      "geometry": {
        "type": "Point",
        "coordinates": [
          4.94,
          48.34
        ]
      },
      "properties": {
        "temperature_2m": 19.9,
        "precipitation": 0.2,
        "cloud_cover": 100,
        "wind_speed_10m": 2.06,
        "last_updated": "2026-09-30T17:25:46Z"
      }
    },
    {
      "type": "Feature",
      "geometry": {
        "type": "Point",
        "coordinates": [
          5.0,
          48.34
        ]
      },
      "properties": {
        "temperature_2m": 20.1,
        "precipitation": 0.1,
        "cloud_cover": 100,
        "wind_speed_10m": 2.04,
        "last_updated": "2026-09-30T17:25:46Z"
      }
    },
    {
      "type": "Feature",
      "geometry": {
        "type": "Point",
        "coordinates": [
          5.06,
          48.34
        ]
      },
      "properties": {
        "temperature_2m": 20.7,
        "precipitation": 0.0,
        "cloud_cover": 100,
        "wind_speed_10m": 2.06,
        "last_updated": "2026-09-30T17:25:46Z"
      }
    },
    {
      "type": "Feature",
      "geometry": {
        "type": "Point",
        "coordinates": [
          5.1,
          48.34
        ]
      },
      "properties": {
        "temperature_2m": 19.9,
        "precipitation": 0.0,
        "cloud_cover": 100,
        "wind_speed_10m": 1.1,
        "last_updated": "2026-09-30T17:25:46Z"
      }
    },
    {
      "type": "Feature",
      "geometry": {
        "type": "Point",
        "coordinates": [
          5.16,
          48.34
        ]
      },
      "properties": {
        "temperature_2m": 19.5,
        "precipitation": 0.0,
        "cloud_cover": 100,
        "wind_speed_10m": 1.03,
        "last_updated": "2026-09-30T17:25:46Z"
      }
    },
    {
      "type": "Feature",
      "geometry": {
        "type": "Point",
        "coordinates": [
          5.2,
          48.34
        ]
      },
      "properties": {
        "temperature_2m": 19.8,
        "precipitation": 0.0,
        "cloud_cover": 100,
        "wind_speed_10m": 1.36,
        "last_updated": "2026-09-30T17:25:46Z"
      }
    },
    {
      "type": "Feature",
      "geometry": {
        "type": "Point",
        "coordinates": [
          5.26,
          48.34
        ]
      },
      "properties": {
        "temperature_2m": 20.3,
        "precipitation": 0.0,
        "cloud_cover": 100,
        "wind_speed_10m": 1.57,
        "last_updated": "2026-09-30T17:25:46Z"
      }
    },
    {
      "type": "Feature",
      "geometry": {
        "type": "Point",
        "coordinates": [
          5.3,
          48.34
        ]
      },
      "properties": {
        "temperature_2m": 19.9,
        "precipitation": 0.0,
        "cloud_cover": 100,
        "wind_speed_10m": 1.55,
        "last_updated": "2026-09-30T17:25:46Z"
      }
    },
    {
      "type": "Feature",
      "geometry": {
        "type": "Point",
        "coordinates": [
          5.36,
          48.34
        ]
      },
      "properties": {
        "temperature_2m": 19.9,
        "precipitation": 0.0,
        "cloud_cover": 99,
        "wind_speed_10m": 2.4,
        "last_updated": "2026-09-30T17:25:46Z"
      }
    },
    {
      "type": "Feature",
      "geometry": {
        "type": "Point",
        "coordinates": [
          5.4,
          48.34
        ]
      },
      "properties": {
        "temperature_2m": 19.7,
        "precipitation": 0.0,
        "cloud_cover": 100,
        "wind_speed_10m": 2.0,
        "last_updated": "2026-09-30T17:25:46Z"
      }
    },
    {
      "type": "Feature",
      "geometry": {
        "type": "Point",
        "coordinates": [
          5.44,
          48.34
        ]
      },
      "properties": {
        "temperature_2m": 19.6,
        "precipitation": 0.0,
        "cloud_cover": 100,
        "wind_speed_10m": 2.0,
        "last_updated": "2026-09-30T17:25:46Z"
      }
    },
    {
      "type": "Feature",
      "geometry": {
        "type": "Point",
        "coordinates": [
          5.5,
          48.34
        ]
      },
      "properties": {
        "temperature_2m": 20.0,
        "precipitation": 0.0,
        "cloud_cover": 100,
        "wind_speed_10m": 1.5,
        "last_updated": "2026-09-30T17:25:46Z"
      }
    },
    {
      "type": "Feature",
      "geometry": {
        "type": "Point",
        "coordinates": [
          5.56,
          48.34
        ]
      },
      "properties": {
        "temperature_2m": 19.7,
        "precipitation": 0.0,
        "cloud_cover": 100,
        "wind_speed_10m": 1.4,
        "last_updated": "2026-09-30T17:25:46Z"
      }
    },
    {
      "type": "Feature",
      "geometry": {
        "type": "Point",
        "coordinates": [
          5.6,
          48.34
        ]
      },
      "properties": {
        "temperature_2m": 20.6,
        "precipitation": 0.0,
        "cloud_cover": 100,
        "wind_speed_10m": 1.32,
        "last_updated": "2026-09-30T17:25:46Z"
      }
    },
    {
      "type": "Feature",
      "geometry": {
        "type": "Point",
        "coordinates": [
          5.66,
          48.34
        ]
      },
      "properties": {
        "temperature_2m": 20.4,
        "precipitation": 0.0,
        "cloud_cover": 100,
        "wind_speed_10m": 0.92,
        "last_updated": "2026-09-30T17:25:46Z"
      }
    },
    {
      "type": "Feature",
      "geometry": {
        "type": "Point",
        "coordinates": [
          5.7,
          48.34
        ]
      },
      "properties": {
        "temperature_2m": 20.9,
        "precipitation": 0.0,
        "cloud_cover": 100,
        "wind_speed_10m": 1.04,
        "last_updated": "2026-09-30T17:25:46Z"
      }
    },
    {
      "type": "Feature",
      "geometry": {
        "type": "Point",
        "coordinates": [
          5.76,
          48.34
        ]
      },
      "properties": {
        "temperature_2m": 20.3,
        "precipitation": 0.0,
        "cloud_cover": 100,
        "wind_speed_10m": 1.3,
        "last_updated": "2026-09-30T17:25:46Z"
      }
    },
    {
      "type": "Feature",
      "geometry": {
        "type": "Point",
        "coordinates": [
          5.8,
          48.34
        ]
      },
      "properties": {
        "temperature_2m": 19.9,
        "precipitation": 0.0,
        "cloud_cover": 100,
        "wind_speed_10m": 1.61,
        "last_updated": "2026-09-30T17:25:46Z"
      }
    },
    {
      "type": "Feature",
      "geometry": {
        "type": "Point",
        "coordinates": [
          5.86,
          48.34
        ]
      },
      "properties": {
        "temperature_2m": 21.4,
        "precipitation": 0.0,
        "cloud_cover": 100,
        "wind_speed_10m": 0.81,
        "last_updated": "2026-09-30T17:25:46Z"
      }
    },
    {
      "type": "Feature",
      "geometry": {
        "type": "Point",
        "coordinates": [
          5.9,
          48.34
        ]
      },
      "properties": {
        "temperature_2m": 21.7,
        "precipitation": 0.0,
        "cloud_cover": 100,
        "wind_speed_10m": 0.9,
        "last_updated": "2026-09-30T17:25:46Z"
      }
    },
    {
      "type": "Feature",
      "geometry": {
        "type": "Point",
        "coordinates": [
          5.94,
          48.34
        ]
      },
      "properties": {
        "temperature_2m": 21.9,
        "precipitation": 0.0,
        "cloud_cover": 100,
        "wind_speed_10m": 1.51,
        "last_updated": "2026-09-30T17:25:46Z"
      }
    },
    {
      "type": "Feature",
      "geometry": {
        "type": "Point",
        "coordinates": [
          4.7,
          48.4
        ]
      },
      "properties": {
        "temperature_2m": 20.0,
        "precipitation": 0.0,
        "cloud_cover": 100,
        "wind_speed_10m": 1.41,
        "last_updated": "2026-09-30T17:25:46Z"
      }
    },
    {
      "type": "Feature",
      "geometry": {
        "type": "Point",
        "coordinates": [
          4.76,
          48.4
        ]
      },
      "properties": {
        "temperature_2m": 20.6,
        "precipitation": 0.0,
        "cloud_cover": 100,
        "wind_speed_10m": 1.3,
        "last_updated": "2026-09-30T17:25:46Z"
      }
    },
    {
      "type": "Feature",
      "geometry": {
        "type": "Point",
        "coordinates": [
          4.8,
          48.4
        ]
      },
      "properties": {
        "temperature_2m": 20.9,
        "precipitation": 0.1,
        "cloud_cover": 100,
        "wind_speed_10m": 1.24,
        "last_updated": "2026-09-30T17:25:46Z"
      }
    },
    {
      "type": "Feature",
      "geometry": {
        "type": "Point",
        "coordinates": [
          4.86,
          48.4
        ]
      },
      "properties": {
        "temperature_2m": 20.5,
        "precipitation": 0.1,
        "cloud_cover": 100,
        "wind_speed_10m": 1.71,
        "last_updated": "2026-09-30T17:25:46Z"
      }
    },
    {
      "type": "Feature",
      "geometry": {
        "type": "Point",
        "coordinates": [
          4.9,
          48.4
        ]
      },
      "properties": {
        "temperature_2m": 20.6,
        "precipitation": 0.2,
        "cloud_cover": 100,
        "wind_speed_10m": 2.12,
        "last_updated": "2026-09-30T17:25:46Z"
      }
    },
    {
      "type": "Feature",
      "geometry": {
        "type": "Point",
        "coordinates": [
          4.94,
          48.4
        ]
      },
      "properties": {
        "temperature_2m": 20.8,
        "precipitation": 0.2,
        "cloud_cover": 100,
        "wind_speed_10m": 2.56,
        "last_updated": "2026-09-30T17:25:46Z"
      }
    },
    {
      "type": "Feature",
      "geometry": {
        "type": "Point",
        "coordinates": [
          5.0,
          48.4
        ]
      },
      "properties": {
        "temperature_2m": 20.4,
        "precipitation": 0.1,
        "cloud_cover": 100,
        "wind_speed_10m": 2.78,
        "last_updated": "2026-09-30T17:25:46Z"
      }
    },
    {
      "type": "Feature",
      "geometry": {
        "type": "Point",
        "coordinates": [
          5.06,
          48.4
        ]
      },
      "properties": {
        "temperature_2m": 20.4,
        "precipitation": 0.0,
        "cloud_cover": 100,
        "wind_speed_10m": 1.97,
        "last_updated": "2026-09-30T17:25:46Z"
      }
    },
    {
      "type": "Feature",
      "geometry": {
        "type": "Point",
        "coordinates": [
          5.1,
          48.4
        ]
      },
      "properties": {
        "temperature_2m": 20.1,
        "precipitation": 0.0,
        "cloud_cover": 100,
        "wind_speed_10m": 1.66,
        "last_updated": "2026-09-30T17:25:46Z"
      }
    },
    {
      "type": "Feature",
      "geometry": {
        "type": "Point",
        "coordinates": [
          5.16,
          48.4
        ]
      },
      "properties": {
        "temperature_2m": 20.1,
        "precipitation": 0.0,
        "cloud_cover": 100,
        "wind_speed_10m": 0.98,
        "last_updated": "2026-09-30T17:25:46Z"
      }
    },
    {
      "type": "Feature",
      "geometry": {
        "type": "Point",
        "coordinates": [
          5.2,
          48.4
        ]
      },
      "properties": {
        "temperature_2m": 19.3,
        "precipitation": 0.0,
        "cloud_cover": 100,
        "wind_speed_10m": 1.14,
        "last_updated": "2026-09-30T17:25:46Z"
      }
    },
    {
      "type": "Feature",
      "geometry": {
        "type": "Point",
        "coordinates": [
          5.26,
          48.4
        ]
      },
      "properties": {
        "temperature_2m": 20.0,
        "precipitation": 0.0,
        "cloud_cover": 100,
        "wind_speed_10m": 1.36,
        "last_updated": "2026-09-30T17:25:46Z"
      }
    },
    {
      "type": "Feature",
      "geometry": {
        "type": "Point",
        "coordinates": [
          5.3,
          48.4
        ]
      },
      "properties": {
        "temperature_2m": 20.0,
        "precipitation": 0.0,
        "cloud_cover": 100,
        "wind_speed_10m": 1.39,
        "last_updated": "2026-09-30T17:25:46Z"
      }
    },
    {
      "type": "Feature",
      "geometry": {
        "type": "Point",
        "coordinates": [
          5.36,
          48.4
        ]
      },
      "properties": {
        "temperature_2m": 19.9,
        "precipitation": 0.0,
        "cloud_cover": 100,
        "wind_speed_10m": 1.71,
        "last_updated": "2026-09-30T17:25:46Z"
      }
    },
    {
      "type": "Feature",
      "geometry": {
        "type": "Point",
        "coordinates": [
          5.4,
          48.4
        ]
      },
      "properties": {
        "temperature_2m": 19.8,
        "precipitation": 0.0,
        "cloud_cover": 100,
        "wind_speed_10m": 1.71,
        "last_updated": "2026-09-30T17:25:46Z"
      }
    },
    {
      "type": "Feature",
      "geometry": {
        "type": "Point",
        "coordinates": [
          5.44,
          48.4
        ]
      },
      "properties": {
        "temperature_2m": 19.7,
        "precipitation": 0.0,
        "cloud_cover": 100,
        "wind_speed_10m": 1.71,
        "last_updated": "2026-09-30T17:25:46Z"
      }
    },
    {
      "type": "Feature",
      "geometry": {
        "type": "Point",
        "coordinates": [
          5.5,
          48.4
        ]
      },
      "properties": {
        "temperature_2m": 20.0,
        "precipitation": 0.0,
        "cloud_cover": 100,
        "wind_speed_10m": 1.5,
        "last_updated": "2026-09-30T17:25:46Z"
      }
    },
    {
      "type": "Feature",
      "geometry": {
        "type": "Point",
        "coordinates": [
          5.56,
          48.4
        ]
      },
      "properties": {
        "temperature_2m": 19.8,
        "precipitation": 0.0,
        "cloud_cover": 100,
        "wind_speed_10m": 1.6,
        "last_updated": "2026-09-30T17:25:46Z"
      }
    },
    {
      "type": "Feature",
      "geometry": {
        "type": "Point",
        "coordinates": [
          5.6,
          48.4
        ]
      },
      "properties": {
        "temperature_2m": 20.0,
        "precipitation": 0.0,
        "cloud_cover": 100,
        "wind_speed_10m": 1.12,
        "last_updated": "2026-09-30T17:25:46Z"
      }
    },
    {
      "type": "Feature",
      "geometry": {
        "type": "Point",
        "coordinates": [
          5.66,
          48.4
        ]
      },
      "properties": {
        "temperature_2m": 20.4,
        "precipitation": 0.0,
        "cloud_cover": 100,
        "wind_speed_10m": 0.81,
        "last_updated": "2026-09-30T17:25:46Z"
      }
    },
    {
      "type": "Feature",
      "geometry": {
        "type": "Point",
        "coordinates": [
          5.7,
          48.4
        ]
      },
      "properties": {
        "temperature_2m": 20.5,
        "precipitation": 0.0,
        "cloud_cover": 100,
        "wind_speed_10m": 0.8,
        "last_updated": "2026-09-30T17:25:46Z"
      }
    },
    {
      "type": "Feature",
      "geometry": {
        "type": "Point",
        "coordinates": [
          5.76,
          48.4
        ]
      },
      "properties": {
        "temperature_2m": 20.5,
        "precipitation": 0.0,
        "cloud_cover": 100,
        "wind_speed_10m": 0.73,
        "last_updated": "2026-09-30T17:25:46Z"
      }
    },
    {
      "type": "Feature",
      "geometry": {
        "type": "Point",
        "coordinates": [
          5.8,
          48.4
        ]
      },
      "properties": {
        "temperature_2m": 19.8,
        "precipitation": 0.0,
        "cloud_cover": 100,
        "wind_speed_10m": 1.04,
        "last_updated": "2026-09-30T17:25:46Z"
      }
    },
    {
      "type": "Feature",
      "geometry": {
        "type": "Point",
        "coordinates": [
          5.86,
          48.4
        ]
      },
      "properties": {
        "temperature_2m": 20.4,
        "precipitation": 0.0,
        "cloud_cover": 100,
        "wind_speed_10m": 1.3,
        "last_updated": "2026-09-30T17:25:46Z"
      }
    },
    {
      "type": "Feature",
      "geometry": {
        "type": "Point",
        "coordinates": [
          5.9,
          48.4
        ]
      },
      "properties": {
        "temperature_2m": 20.9,
        "precipitation": 0.0,
        "cloud_cover": 100,
        "wind_speed_10m": 1.32,
        "last_updated": "2026-09-30T17:25:46Z"
      }
    },
    {
      "type": "Feature",
      "geometry": {
        "type": "Point",
        "coordinates": [
          5.94,
          48.4
        ]
      },
      "properties": {
        "temperature_2m": 21.0,
        "precipitation": 0.0,
        "cloud_cover": 100,
        "wind_speed_10m": 1.51,
        "last_updated": "2026-09-30T17:25:46Z"
      }
    },
    {
      "type": "Feature",
      "geometry": {
        "type": "Point",
        "coordinates": [
          4.7,
          48.46
        ]
      },
      "properties": {
        "temperature_2m": 20.7,
        "precipitation": 0.0,
        "cloud_cover": 100,
        "wind_speed_10m": 1.6,
        "last_updated": "2026-09-30T17:25:46Z"
      }
    },
    {
      "type": "Feature",
      "geometry": {
        "type": "Point",
        "coordinates": [
          4.76,
          48.46
        ]
      },
      "properties": {
        "temperature_2m": 20.4,
        "precipitation": 0.0,
        "cloud_cover": 100,
        "wind_speed_10m": 1.3,
        "last_updated": "2026-09-30T17:25:46Z"
      }
    },
    {
      "type": "Feature",
      "geometry": {
        "type": "Point",
        "coordinates": [
          4.8,
          48.46
        ]
      },
      "properties": {
        "temperature_2m": 20.5,
        "precipitation": 0.1,
        "cloud_cover": 100,
        "wind_speed_10m": 1.21,
        "last_updated": "2026-09-30T17:25:46Z"
      }
    },
    {
      "type": "Feature",
      "geometry": {
        "type": "Point",
        "coordinates": [
          4.86,
          48.46
        ]
      },
      "properties": {
        "temperature_2m": 19.8,
        "precipitation": 0.1,
        "cloud_cover": 100,
        "wind_speed_10m": 1.43,
        "last_updated": "2026-09-30T17:25:46Z"
      }
    },
    {
      "type": "Feature",
      "geometry": {
        "type": "Point",
        "coordinates": [
          4.9,
          48.46
        ]
      },
      "properties": {
        "temperature_2m": 20.2,
        "precipitation": 0.1,
        "cloud_cover": 100,
        "wind_speed_10m": 1.43,
        "last_updated": "2026-09-30T17:25:46Z"
      }
    },
    {
      "type": "Feature",
      "geometry": {
        "type": "Point",
        "coordinates": [
          4.94,
          48.46
        ]
      },
      "properties": {
        "temperature_2m": 20.6,
        "precipitation": 0.1,
        "cloud_cover": 100,
        "wind_speed_10m": 1.49,
        "last_updated": "2026-09-30T17:25:46Z"
      }
    },
    {
      "type": "Feature",
      "geometry": {
        "type": "Point",
        "coordinates": [
          5.0,
          48.46
        ]
      },
      "properties": {
        "temperature_2m": 20.7,
        "precipitation": 0.1,
        "cloud_cover": 100,
        "wind_speed_10m": 2.33,
        "last_updated": "2026-09-30T17:25:46Z"
      }
    },
    {
      "type": "Feature",
      "geometry": {
        "type": "Point",
        "coordinates": [
          5.06,
          48.46
        ]
      },
      "properties": {
        "temperature_2m": 20.5,
        "precipitation": 0.0,
        "cloud_cover": 100,
        "wind_speed_10m": 2.47,
        "last_updated": "2026-09-30T17:25:46Z"
      }
    },
    {
      "type": "Feature",
      "geometry": {
        "type": "Point",
        "coordinates": [
          5.1,
          48.46
        ]
      },
      "properties": {
        "temperature_2m": 20.0,
        "precipitation": 0.0,
        "cloud_cover": 100,
        "wind_speed_10m": 1.97,
        "last_updated": "2026-09-30T17:25:46Z"
      }
    },
    {
      "type": "Feature",
      "geometry": {
        "type": "Point",
        "coordinates": [
          5.16,
          48.46
        ]
      },
      "properties": {
        "temperature_2m": 20.6,
        "precipitation": 0.0,
        "cloud_cover": 100,
        "wind_speed_10m": 1.42,
        "last_updated": "2026-09-30T17:25:46Z"
      }
    },
    {
      "type": "Feature",
      "geometry": {
        "type": "Point",
        "coordinates": [
          5.2,
          48.46
        ]
      },
      "properties": {
        "temperature_2m": 19.7,
        "precipitation": 0.0,
        "cloud_cover": 100,
        "wind_speed_10m": 1.5,
        "last_updated": "2026-09-30T17:25:46Z"
      }
    },
    {
      "type": "Feature",
      "geometry": {
        "type": "Point",
        "coordinates": [
          5.26,
          48.46
        ]
      },
      "properties": {
        "temperature_2m": 19.5,
        "precipitation": 0.0,
        "cloud_cover": 100,
        "wind_speed_10m": 1.3,
        "last_updated": "2026-09-30T17:25:46Z"
      }
    },
    {
      "type": "Feature",
      "geometry": {
        "type": "Point",
        "coordinates": [
          5.3,
          48.46
        ]
      },
      "properties": {
        "temperature_2m": 19.8,
        "precipitation": 0.0,
        "cloud_cover": 100,
        "wind_speed_10m": 1.21,
        "last_updated": "2026-09-30T17:25:46Z"
      }
    },
    {
      "type": "Feature",
      "geometry": {
        "type": "Point",
        "coordinates": [
          5.36,
          48.46
        ]
      },
      "properties": {
        "temperature_2m": 19.9,
        "precipitation": 0.0,
        "cloud_cover": 100,
        "wind_speed_10m": 1.53,
        "last_updated": "2026-09-30T17:25:46Z"
      }
    },
    {
      "type": "Feature",
      "geometry": {
        "type": "Point",
        "coordinates": [
          5.4,
          48.46
        ]
      },
      "properties": {
        "temperature_2m": 19.3,
        "precipitation": 0.0,
        "cloud_cover": 100,
        "wind_speed_10m": 1.7,
        "last_updated": "2026-09-30T17:25:46Z"
      }
    },
    {
      "type": "Feature",
      "geometry": {
        "type": "Point",
        "coordinates": [
          5.44,
          48.46
        ]
      },
      "properties": {
        "temperature_2m": 19.6,
        "precipitation": 0.0,
        "cloud_cover": 100,
        "wind_speed_10m": 1.7,
        "last_updated": "2026-09-30T17:25:46Z"
      }
    },
    {
      "type": "Feature",
      "geometry": {
        "type": "Point",
        "coordinates": [
          5.5,
          48.46
        ]
      },
      "properties": {
        "temperature_2m": 19.9,
        "precipitation": 0.0,
        "cloud_cover": 100,
        "wind_speed_10m": 1.82,
        "last_updated": "2026-09-30T17:25:46Z"
      }
    },
    {
      "type": "Feature",
      "geometry": {
        "type": "Point",
        "coordinates": [
          5.56,
          48.46
        ]
      },
      "properties": {
        "temperature_2m": 19.7,
        "precipitation": 0.0,
        "cloud_cover": 100,
        "wind_speed_10m": 1.9,
        "last_updated": "2026-09-30T17:25:46Z"
      }
    },
    {
      "type": "Feature",
      "geometry": {
        "type": "Point",
        "coordinates": [
          5.6,
          48.46
        ]
      },
      "properties": {
        "temperature_2m": 20.0,
        "precipitation": 0.0,
        "cloud_cover": 100,
        "wind_speed_10m": 1.92,
        "last_updated": "2026-09-30T17:25:46Z"
      }
    },
    {
      "type": "Feature",
      "geometry": {
        "type": "Point",
        "coordinates": [
          5.66,
          48.46
        ]
      },
      "properties": {
        "temperature_2m": 20.1,
        "precipitation": 0.0,
        "cloud_cover": 100,
        "wind_speed_10m": 1.14,
        "last_updated": "2026-09-30T17:25:46Z"
      }
    },
    {
      "type": "Feature",
      "geometry": {
        "type": "Point",
        "coordinates": [
          5.7,
          48.46
        ]
      },
      "properties": {
        "temperature_2m": 20.5,
        "precipitation": 0.0,
        "cloud_cover": 100,
        "wind_speed_10m": 1.22,
        "last_updated": "2026-09-30T17:25:46Z"
      }
    },
    {
      "type": "Feature",
      "geometry": {
        "type": "Point",
        "coordinates": [
          5.76,
          48.46
        ]
      },
      "properties": {
        "temperature_2m": 20.0,
        "precipitation": 0.0,
        "cloud_cover": 100,
        "wind_speed_10m": 0.7,
        "last_updated": "2026-09-30T17:25:46Z"
      }
    },
    {
      "type": "Feature",
      "geometry": {
        "type": "Point",
        "coordinates": [
          5.8,
          48.46
        ]
      },
      "properties": {
        "temperature_2m": 19.9,
        "precipitation": 0.0,
        "cloud_cover": 100,
        "wind_speed_10m": 0.73,
        "last_updated": "2026-09-30T17:25:46Z"
      }
    },
    {
      "type": "Feature",
      "geometry": {
        "type": "Point",
        "coordinates": [
          5.86,
          48.46
        ]
      },
      "properties": {
        "temperature_2m": 19.9,
        "precipitation": 0.0,
        "cloud_cover": 100,
        "wind_speed_10m": 0.72,
        "last_updated": "2026-09-30T17:25:46Z"
      }
    },
    {
      "type": "Feature",
      "geometry": {
        "type": "Point",
        "coordinates": [
          5.9,
          48.46
        ]
      },
      "properties": {
        "temperature_2m": 19.9,
        "precipitation": 0.0,
        "cloud_cover": 100,
        "wind_speed_10m": 0.76,
        "last_updated": "2026-09-30T17:25:46Z"
      }
    },
    {
      "type": "Feature",
      "geometry": {
        "type": "Point",
        "coordinates": [
          5.94,
          48.46
        ]
      },
      "properties": {
        "temperature_2m": 20.7,
        "precipitation": 0.0,
        "cloud_cover": 100,
        "wind_speed_10m": 0.85,
        "last_updated": "2026-09-30T17:25:46Z"
      }
    },
    {
      "type": "Feature",
      "geometry": {
        "type": "Point",
        "coordinates": [
          4.7,
          48.5
        ]
      },
      "properties": {
        "temperature_2m": 20.4,
        "precipitation": 0.0,
        "cloud_cover": 100,
        "wind_speed_10m": 1.8,
        "last_updated": "2026-09-30T17:25:46Z"
      }
    },
    {
      "type": "Feature",
      "geometry": {
        "type": "Point",
        "coordinates": [
          4.76,
          48.5
        ]
      },
      "properties": {
        "temperature_2m": 20.1,
        "precipitation": 0.1,
        "cloud_cover": 100,
        "wind_speed_10m": 1.33,
        "last_updated": "2026-09-30T17:25:46Z"
      }
    },
    {
      "type": "Feature",
      "geometry": {
        "type": "Point",
        "coordinates": [
          4.8,
          48.5
        ]
      },
      "properties": {
        "temperature_2m": 19.8,
        "precipitation": 0.1,
        "cloud_cover": 100,
        "wind_speed_10m": 0.99,
        "last_updated": "2026-09-30T17:25:46Z"
      }
    },
    {
      "type": "Feature",
      "geometry": {
        "type": "Point",
        "coordinates": [
          4.86,
          48.5
        ]
      },
      "properties": {
        "temperature_2m": 20.1,
        "precipitation": 0.1,
        "cloud_cover": 100,
        "wind_speed_10m": 1.27,
        "last_updated": "2026-09-30T17:25:46Z"
      }
    },
    {
      "type": "Feature",
      "geometry": {
        "type": "Point",
        "coordinates": [
          4.9,
          48.5
        ]
      },
      "properties": {
        "temperature_2m": 20.0,
        "precipitation": 0.1,
        "cloud_cover": 100,
        "wind_speed_10m": 1.39,
        "last_updated": "2026-09-30T17:25:46Z"
      }
    },
    {
      "type": "Feature",
      "geometry": {
        "type": "Point",
        "coordinates": [
          4.94,
          48.5
        ]
      },
      "properties": {
        "temperature_2m": 20.4,
        "precipitation": 0.1,
        "cloud_cover": 100,
        "wind_speed_10m": 1.57,
        "last_updated": "2026-09-30T17:25:46Z"
      }
    },
    {
      "type": "Feature",
      "geometry": {
        "type": "Point",
        "coordinates": [
          5.0,
          48.5
        ]
      },
      "properties": {
        "temperature_2m": 20.9,
        "precipitation": 0.1,
        "cloud_cover": 100,
        "wind_speed_10m": 1.97,
        "last_updated": "2026-09-30T17:25:46Z"
      }
    },
    {
      "type": "Feature",
      "geometry": {
        "type": "Point",
        "coordinates": [
          5.06,
          48.5
        ]
      },
      "properties": {
        "temperature_2m": 20.6,
        "precipitation": 0.0,
        "cloud_cover": 100,
        "wind_speed_10m": 2.25,
        "last_updated": "2026-09-30T17:25:46Z"
      }
    },
    {
      "type": "Feature",
      "geometry": {
        "type": "Point",
        "coordinates": [
          5.1,
          48.5
        ]
      },
      "properties": {
        "temperature_2m": 19.9,
        "precipitation": 0.0,
        "cloud_cover": 100,
        "wind_speed_10m": 2.01,
        "last_updated": "2026-09-30T17:25:46Z"
      }
    },
    {
      "type": "Feature",
      "geometry": {
        "type": "Point",
        "coordinates": [
          5.16,
          48.5
        ]
      },
      "properties": {
        "temperature_2m": 20.0,
        "precipitation": 0.0,
        "cloud_cover": 100,
        "wind_speed_10m": 1.44,
        "last_updated": "2026-09-30T17:25:46Z"
      }
    },
    {
      "type": "Feature",
      "geometry": {
        "type": "Point",
        "coordinates": [
          5.2,
          48.5
        ]
      },
      "properties": {
        "temperature_2m": 19.6,
        "precipitation": 0.0,
        "cloud_cover": 100,
        "wind_speed_10m": 1.5,
        "last_updated": "2026-09-30T17:25:46Z"
      }
    },
    {
      "type": "Feature",
      "geometry": {
        "type": "Point",
        "coordinates": [
          5.26,
          48.5
        ]
      },
      "properties": {
        "temperature_2m": 19.4,
        "precipitation": 0.0,
        "cloud_cover": 100,
        "wind_speed_10m": 1.72,
        "last_updated": "2026-09-30T17:25:46Z"
      }
    },
    {
      "type": "Feature",
      "geometry": {
        "type": "Point",
        "coordinates": [
          5.3,
          48.5
        ]
      },
      "properties": {
        "temperature_2m": 19.5,
        "precipitation": 0.0,
        "cloud_cover": 100,
        "wind_speed_10m": 1.46,
        "last_updated": "2026-09-30T17:25:46Z"
      }
    },
    {
      "type": "Feature",
      "geometry": {
        "type": "Point",
        "coordinates": [
          5.36,
          48.5
        ]
      },
      "properties": {
        "temperature_2m": 20.1,
        "precipitation": 0.0,
        "cloud_cover": 100,
        "wind_speed_10m": 1.7,
        "last_updated": "2026-09-30T17:25:46Z"
      }
    },
    {
      "type": "Feature",
      "geometry": {
        "type": "Point",
        "coordinates": [
          5.4,
          48.5
        ]
      },
      "properties": {
        "temperature_2m": 19.8,
        "precipitation": 0.0,
        "cloud_cover": 100,
        "wind_speed_10m": 1.9,
        "last_updated": "2026-09-30T17:25:46Z"
      }
    },
    {
      "type": "Feature",
      "geometry": {
        "type": "Point",
        "coordinates": [
          5.44,
          48.5
        ]
      },
      "properties": {
        "temperature_2m": 19.6,
        "precipitation": 0.0,
        "cloud_cover": 100,
        "wind_speed_10m": 2.02,
        "last_updated": "2026-09-30T17:25:46Z"
      }
    },
    {
      "type": "Feature",
      "geometry": {
        "type": "Point",
        "coordinates": [
          5.5,
          48.5
        ]
      },
      "properties": {
        "temperature_2m": 20.3,
        "precipitation": 0.0,
        "cloud_cover": 100,
        "wind_speed_10m": 1.9,
        "last_updated": "2026-09-30T17:25:46Z"
      }
    },
    {
      "type": "Feature",
      "geometry": {
        "type": "Point",
        "coordinates": [
          5.56,
          48.5
        ]
      },
      "properties": {
        "temperature_2m": 20.2,
        "precipitation": 0.0,
        "cloud_cover": 100,
        "wind_speed_10m": 1.9,
        "last_updated": "2026-09-30T17:25:46Z"
      }
    },
    {
      "type": "Feature",
      "geometry": {
        "type": "Point",
        "coordinates": [
          5.6,
          48.5
        ]
      },
      "properties": {
        "temperature_2m": 19.9,
        "precipitation": 0.0,
        "cloud_cover": 100,
        "wind_speed_10m": 2.31,
        "last_updated": "2026-09-30T17:25:46Z"
      }
    },
    {
      "type": "Feature",
      "geometry": {
        "type": "Point",
        "coordinates": [
          5.66,
          48.5
        ]
      },
      "properties": {
        "temperature_2m": 19.7,
        "precipitation": 0.0,
        "cloud_cover": 100,
        "wind_speed_10m": 1.43,
        "last_updated": "2026-09-30T17:25:46Z"
      }
    },
    {
      "type": "Feature",
      "geometry": {
        "type": "Point",
        "coordinates": [
          5.7,
          48.5
        ]
      },
      "properties": {
        "temperature_2m": 20.4,
        "precipitation": 0.0,
        "cloud_cover": 100,
        "wind_speed_10m": 0.81,
        "last_updated": "2026-09-30T17:25:46Z"
      }
    },
    {
      "type": "Feature",
      "geometry": {
        "type": "Point",
        "coordinates": [
          5.76,
          48.5
        ]
      },
      "properties": {
        "temperature_2m": 19.8,
        "precipitation": 0.0,
        "cloud_cover": 100,
        "wind_speed_10m": 0.76,
        "last_updated": "2026-09-30T17:25:46Z"
      }
    },
    {
      "type": "Feature",
      "geometry": {
        "type": "Point",
        "coordinates": [
          5.8,
          48.52
        ]
      },
      "properties": {
        "temperature_2m": 19.3,
        "precipitation": 0.0,
        "cloud_cover": 100,
        "wind_speed_10m": 1.1,
        "last_updated": "2026-09-30T17:25:46Z"
      }
    },
    {
      "type": "Feature",
      "geometry": {
        "type": "Point",
        "coordinates": [
          5.86,
          48.5
        ]
      },
      "properties": {
        "temperature_2m": 20.2,
        "precipitation": 0.0,
        "cloud_cover": 100,
        "wind_speed_10m": 0.85,
        "last_updated": "2026-09-30T17:25:46Z"
      }
    },
    {
      "type": "Feature",
      "geometry": {
        "type": "Point",
        "coordinates": [
          5.9,
          48.5
        ]
      },
      "properties": {
        "temperature_2m": 19.5,
        "precipitation": 0.0,
        "cloud_cover": 100,
        "wind_speed_10m": 1.08,
        "last_updated": "2026-09-30T17:25:46Z"
      }
    },
    {
      "type": "Feature",
      "geometry": {
        "type": "Point",
        "coordinates": [
          5.94,
          48.5
        ]
      },
      "properties": {
        "temperature_2m": 19.6,
        "precipitation": 0.0,
        "cloud_cover": 100,
        "wind_speed_10m": 1.12,
        "last_updated": "2026-09-30T17:25:46Z"
      }
    },
    {
      "type": "Feature",
      "geometry": {
        "type": "Point",
        "coordinates": [
          4.7,
          48.54
        ]
      },
      "properties": {
        "temperature_2m": 20.4,
        "precipitation": 0.0,
        "cloud_cover": 100,
        "wind_speed_10m": 1.8,
        "last_updated": "2026-09-30T17:25:46Z"
      }
    },
    {
      "type": "Feature",
      "geometry": {
        "type": "Point",
        "coordinates": [
          4.76,
          48.54
        ]
      },
      "properties": {
        "temperature_2m": 20.0,
        "precipitation": 0.0,
        "cloud_cover": 100,
        "wind_speed_10m": 1.36,
        "last_updated": "2026-09-30T17:25:46Z"
      }
    },
    {
      "type": "Feature",
      "geometry": {
        "type": "Point",
        "coordinates": [
          4.8,
          48.54
        ]
      },
      "properties": {
        "temperature_2m": 20.0,
        "precipitation": 0.1,
        "cloud_cover": 100,
        "wind_speed_10m": 1.17,
        "last_updated": "2026-09-30T17:25:46Z"
      }
    },
    {
      "type": "Feature",
      "geometry": {
        "type": "Point",
        "coordinates": [
          4.86,
          48.54
        ]
      },
      "properties": {
        "temperature_2m": 19.2,
        "precipitation": 0.1,
        "cloud_cover": 100,
        "wind_speed_10m": 1.13,
        "last_updated": "2026-09-30T17:25:46Z"
      }
    },
    {
      "type": "Feature",
      "geometry": {
        "type": "Point",
        "coordinates": [
          4.9,
          48.54
        ]
      },
      "properties": {
        "temperature_2m": 20.2,
        "precipitation": 0.1,
        "cloud_cover": 100,
        "wind_speed_10m": 1.2,
        "last_updated": "2026-09-30T17:25:46Z"
      }
    },
    {
      "type": "Feature",
      "geometry": {
        "type": "Point",
        "coordinates": [
          4.94,
          48.54
        ]
      },
      "properties": {
        "temperature_2m": 20.2,
        "precipitation": 0.1,
        "cloud_cover": 100,
        "wind_speed_10m": 1.44,
        "last_updated": "2026-09-30T17:25:46Z"
      }
    },
    {
      "type": "Feature",
      "geometry": {
        "type": "Point",
        "coordinates": [
          5.0,
          48.54
        ]
      },
      "properties": {
        "temperature_2m": 20.3,
        "precipitation": 0.1,
        "cloud_cover": 100,
        "wind_speed_10m": 1.48,
        "last_updated": "2026-09-30T17:25:46Z"
      }
    },
    {
      "type": "Feature",
      "geometry": {
        "type": "Point",
        "coordinates": [
          5.06,
          48.54
        ]
      },
      "properties": {
        "temperature_2m": 20.3,
        "precipitation": 0.1,
        "cloud_cover": 100,
        "wind_speed_10m": 2.01,
        "last_updated": "2026-09-30T17:25:46Z"
      }
    },
    {
      "type": "Feature",
      "geometry": {
        "type": "Point",
        "coordinates": [
          5.1,
          48.54
        ]
      },
      "properties": {
        "temperature_2m": 20.8,
        "precipitation": 0.0,
        "cloud_cover": 100,
        "wind_speed_10m": 2.02,
        "last_updated": "2026-09-30T17:25:46Z"
      }
    },
    {
      "type": "Feature",
      "geometry": {
        "type": "Point",
        "coordinates": [
          5.16,
          48.54
        ]
      },
      "properties": {
        "temperature_2m": 20.1,
        "precipitation": 0.0,
        "cloud_cover": 100,
        "wind_speed_10m": 2.02,
        "last_updated": "2026-09-30T17:25:46Z"
      }
    },
    {
      "type": "Feature",
      "geometry": {
        "type": "Point",
        "coordinates": [
          5.2,
          48.54
        ]
      },
      "properties": {
        "temperature_2m": 19.7,
        "precipitation": 0.0,
        "cloud_cover": 100,
        "wind_speed_10m": 2.06,
        "last_updated": "2026-09-30T17:25:46Z"
      }
    },
    {
      "type": "Feature",
      "geometry": {
        "type": "Point",
        "coordinates": [
          5.26,
          48.54
        ]
      },
      "properties": {
        "temperature_2m": 19.5,
        "precipitation": 0.0,
        "cloud_cover": 100,
        "wind_speed_10m": 1.97,
        "last_updated": "2026-09-30T17:25:46Z"
      }
    },
    {
      "type": "Feature",
      "geometry": {
        "type": "Point",
        "coordinates": [
          5.3,
          48.54
        ]
      },
      "properties": {
        "temperature_2m": 19.8,
        "precipitation": 0.0,
        "cloud_cover": 100,
        "wind_speed_10m": 2.12,
        "last_updated": "2026-09-30T17:25:46Z"
      }
    },
    {
      "type": "Feature",
      "geometry": {
        "type": "Point",
        "coordinates": [
          5.36,
          48.54
        ]
      },
      "properties": {
        "temperature_2m": 20.1,
        "precipitation": 0.0,
        "cloud_cover": 100,
        "wind_speed_10m": 1.9,
        "last_updated": "2026-09-30T17:25:46Z"
      }
    },
    {
      "type": "Feature",
      "geometry": {
        "type": "Point",
        "coordinates": [
          5.4,
          48.54
        ]
      },
      "properties": {
        "temperature_2m": 19.5,
        "precipitation": 0.0,
        "cloud_cover": 100,
        "wind_speed_10m": 1.71,
        "last_updated": "2026-09-30T17:25:46Z"
      }
    },
    {
      "type": "Feature",
      "geometry": {
        "type": "Point",
        "coordinates": [
          5.44,
          48.54
        ]
      },
      "properties": {
        "temperature_2m": 20.2,
        "precipitation": 0.0,
        "cloud_cover": 100,
        "wind_speed_10m": 1.94,
        "last_updated": "2026-09-30T17:25:46Z"
      }
    },
    {
      "type": "Feature",
      "geometry": {
        "type": "Point",
        "coordinates": [
          5.5,
          48.54
        ]
      },
      "properties": {
        "temperature_2m": 20.7,
        "precipitation": 0.0,
        "cloud_cover": 100,
        "wind_speed_10m": 1.75,
        "last_updated": "2026-09-30T17:25:46Z"
      }
    },
    {
      "type": "Feature",
      "geometry": {
        "type": "Point",
        "coordinates": [
          5.56,
          48.54
        ]
      },
      "properties": {
        "temperature_2m": 20.5,
        "precipitation": 0.0,
        "cloud_cover": 100,
        "wind_speed_10m": 2.0,
        "last_updated": "2026-09-30T17:25:46Z"
      }
    },
    {
      "type": "Feature",
      "geometry": {
        "type": "Point",
        "coordinates": [
          5.6,
          48.54
        ]
      },
      "properties": {
        "temperature_2m": 20.1,
        "precipitation": 0.0,
        "cloud_cover": 100,
        "wind_speed_10m": 1.9,
        "last_updated": "2026-09-30T17:25:46Z"
      }
    },
    {
      "type": "Feature",
      "geometry": {
        "type": "Point",
        "coordinates": [
          5.66,
          48.54
        ]
      },
      "properties": {
        "temperature_2m": 19.9,
        "precipitation": 0.0,
        "cloud_cover": 100,
        "wind_speed_10m": 1.1,
        "last_updated": "2026-09-30T17:25:46Z"
      }
    },
    {
      "type": "Feature",
      "geometry": {
        "type": "Point",
        "coordinates": [
          5.7,
          48.54
        ]
      },
      "properties": {
        "temperature_2m": 19.9,
        "precipitation": 0.0,
        "cloud_cover": 100,
        "wind_speed_10m": 0.78,
        "last_updated": "2026-09-30T17:25:46Z"
      }
    },
    {
      "type": "Feature",
      "geometry": {
        "type": "Point",
        "coordinates": [
          5.76,
          48.54
        ]
      },
      "properties": {
        "temperature_2m": 20.2,
        "precipitation": 0.0,
        "cloud_cover": 100,
        "wind_speed_10m": 0.32,
        "last_updated": "2026-09-30T17:25:46Z"
      }
    },
    {
      "type": "Feature",
      "geometry": {
        "type": "Point",
        "coordinates": [
          5.8,
          48.54
        ]
      },
      "properties": {
        "temperature_2m": 20.1,
        "precipitation": 0.0,
        "cloud_cover": 100,
        "wind_speed_10m": 0.61,
        "last_updated": "2026-09-30T17:25:46Z"
      }
    },
    {
      "type": "Feature",
      "geometry": {
        "type": "Point",
        "coordinates": [
          5.86,
          48.54
        ]
      },
      "properties": {
        "temperature_2m": 20.2,
        "precipitation": 0.0,
        "cloud_cover": 100,
        "wind_speed_10m": 0.71,
        "last_updated": "2026-09-30T17:25:46Z"
      }
    },
    {
      "type": "Feature",
      "geometry": {
        "type": "Point",
        "coordinates": [
          5.9,
          48.54
        ]
      },
      "properties": {
        "temperature_2m": 20.4,
        "precipitation": 0.0,
        "cloud_cover": 100,
        "wind_speed_10m": 1.22,
        "last_updated": "2026-09-30T17:25:46Z"
      }
    },
    {
      "type": "Feature",
      "geometry": {
        "type": "Point",
        "coordinates": [
          5.94,
          48.54
        ]
      },
      "properties": {
        "temperature_2m": 20.0,
        "precipitation": 0.0,
        "cloud_cover": 100,
        "wind_speed_10m": 1.2,
        "last_updated": "2026-09-30T17:25:46Z"
      }
    },
    {
      "type": "Feature",
      "geometry": {
        "type": "Point",
        "coordinates": [
          4.7,
          48.6
        ]
      },
      "properties": {
        "temperature_2m": 19.9,
        "precipitation": 0.0,
        "cloud_cover": 100,
        "wind_speed_10m": 1.84,
        "last_updated": "2026-09-30T17:25:46Z"
      }
    },
    {
      "type": "Feature",
      "geometry": {
        "type": "Point",
        "coordinates": [
          4.76,
          48.62
        ]
      },
      "properties": {
        "temperature_2m": 19.9,
        "precipitation": 0.1,
        "cloud_cover": 100,
        "wind_speed_10m": 1.8,
        "last_updated": "2026-09-30T17:25:46Z"
      }
    },
    {
      "type": "Feature",
      "geometry": {
        "type": "Point",
        "coordinates": [
          4.8,
          48.6
        ]
      },
      "properties": {
        "temperature_2m": 20.2,
        "precipitation": 0.1,
        "cloud_cover": 100,
        "wind_speed_10m": 1.78,
        "last_updated": "2026-09-30T17:25:46Z"
      }
    },
    {
      "type": "Feature",
      "geometry": {
        "type": "Point",
        "coordinates": [
          4.86,
          48.6
        ]
      },
      "properties": {
        "temperature_2m": 19.7,
        "precipitation": 0.1,
        "cloud_cover": 100,
        "wind_speed_10m": 1.75,
        "last_updated": "2026-09-30T17:25:46Z"
      }
    },
    {
      "type": "Feature",
      "geometry": {
        "type": "Point",
        "coordinates": [
          4.9,
          48.6
        ]
      },
      "properties": {
        "temperature_2m": 20.0,
        "precipitation": 0.1,
        "cloud_cover": 100,
        "wind_speed_10m": 1.3,
        "last_updated": "2026-09-30T17:25:46Z"
      }
    },
    {
      "type": "Feature",
      "geometry": {
        "type": "Point",
        "coordinates": [
          4.94,
          48.6
        ]
      },
      "properties": {
        "temperature_2m": 19.8,
        "precipitation": 0.1,
        "cloud_cover": 100,
        "wind_speed_10m": 0.99,
        "last_updated": "2026-09-30T17:25:46Z"
      }
    },
    {
      "type": "Feature",
      "geometry": {
        "type": "Point",
        "coordinates": [
          5.0,
          48.6
        ]
      },
      "properties": {
        "temperature_2m": 19.9,
        "precipitation": 0.1,
        "cloud_cover": 100,
        "wind_speed_10m": 1.12,
        "last_updated": "2026-09-30T17:25:46Z"
      }
    },
    {
      "type": "Feature",
      "geometry": {
        "type": "Point",
        "coordinates": [
          5.06,
          48.6
        ]
      },
      "properties": {
        "temperature_2m": 20.6,
        "precipitation": 0.1,
        "cloud_cover": 100,
        "wind_speed_10m": 1.7,
        "last_updated": "2026-09-30T17:25:46Z"
      }
    },
    {
      "type": "Feature",
      "geometry": {
        "type": "Point",
        "coordinates": [
          5.1,
          48.6
        ]
      },
      "properties": {
        "temperature_2m": 20.9,
        "precipitation": 0.0,
        "cloud_cover": 100,
        "wind_speed_10m": 1.84,
        "last_updated": "2026-09-30T17:25:46Z"
      }
    },
    {
      "type": "Feature",
      "geometry": {
        "type": "Point",
        "coordinates": [
          5.16,
          48.6
        ]
      },
      "properties": {
        "temperature_2m": 20.2,
        "precipitation": 0.0,
        "cloud_cover": 100,
        "wind_speed_10m": 2.11,
        "last_updated": "2026-09-30T17:25:46Z"
      }
    },
    {
      "type": "Feature",
      "geometry": {
        "type": "Point",
        "coordinates": [
          5.2,
          48.6
        ]
      },
      "properties": {
        "temperature_2m": 19.6,
        "precipitation": 0.0,
        "cloud_cover": 100,
        "wind_speed_10m": 1.92,
        "last_updated": "2026-09-30T17:25:46Z"
      }
    },
    {
      "type": "Feature",
      "geometry": {
        "type": "Point",
        "coordinates": [
          5.26,
          48.6
        ]
      },
      "properties": {
        "temperature_2m": 19.9,
        "precipitation": 0.0,
        "cloud_cover": 100,
        "wind_speed_10m": 1.89,
        "last_updated": "2026-09-30T17:25:46Z"
      }
    },
    {
      "type": "Feature",
      "geometry": {
        "type": "Point",
        "coordinates": [
          5.3,
          48.6
        ]
      },
      "properties": {
        "temperature_2m": 19.7,
        "precipitation": 0.0,
        "cloud_cover": 100,
        "wind_speed_10m": 1.58,
        "last_updated": "2026-09-30T17:25:46Z"
      }
    },
    {
      "type": "Feature",
      "geometry": {
        "type": "Point",
        "coordinates": [
          5.36,
          48.6
        ]
      },
      "properties": {
        "temperature_2m": 20.0,
        "precipitation": 0.0,
        "cloud_cover": 100,
        "wind_speed_10m": 1.5,
        "last_updated": "2026-09-30T17:25:46Z"
      }
    },
    {
      "type": "Feature",
      "geometry": {
        "type": "Point",
        "coordinates": [
          5.4,
          48.6
        ]
      },
      "properties": {
        "temperature_2m": 20.0,
        "precipitation": 0.0,
        "cloud_cover": 100,
        "wind_speed_10m": 1.36,
        "last_updated": "2026-09-30T17:25:46Z"
      }
    },
    {
      "type": "Feature",
      "geometry": {
        "type": "Point",
        "coordinates": [
          5.44,
          48.6
        ]
      },
      "properties": {
        "temperature_2m": 20.5,
        "precipitation": 0.0,
        "cloud_cover": 100,
        "wind_speed_10m": 1.7,
        "last_updated": "2026-09-30T17:25:46Z"
      }
    },
    {
      "type": "Feature",
      "geometry": {
        "type": "Point",
        "coordinates": [
          5.5,
          48.6
        ]
      },
      "properties": {
        "temperature_2m": 20.2,
        "precipitation": 0.0,
        "cloud_cover": 99,
        "wind_speed_10m": 2.1,
        "last_updated": "2026-09-30T17:25:46Z"
      }
    },
    {
      "type": "Feature",
      "geometry": {
        "type": "Point",
        "coordinates": [
          5.56,
          48.6
        ]
      },
      "properties": {
        "temperature_2m": 20.6,
        "precipitation": 0.0,
        "cloud_cover": 100,
        "wind_speed_10m": 1.71,
        "last_updated": "2026-09-30T17:25:46Z"
      }
    },
    {
      "type": "Feature",
      "geometry": {
        "type": "Point",
        "coordinates": [
          5.6,
          48.6
        ]
      },
      "properties": {
        "temperature_2m": 20.0,
        "precipitation": 0.0,
        "cloud_cover": 100,
        "wind_speed_10m": 1.36,
        "last_updated": "2026-09-30T17:25:46Z"
      }
    },
    {
      "type": "Feature",
      "geometry": {
        "type": "Point",
        "coordinates": [
          5.66,
          48.6
        ]
      },
      "properties": {
        "temperature_2m": 19.8,
        "precipitation": 0.0,
        "cloud_cover": 100,
        "wind_speed_10m": 1.77,
        "last_updated": "2026-09-30T17:25:46Z"
      }
    },
    {
      "type": "Feature",
      "geometry": {
        "type": "Point",
        "coordinates": [
          5.7,
          48.6
        ]
      },
      "properties": {
        "temperature_2m": 19.9,
        "precipitation": 0.0,
        "cloud_cover": 100,
        "wind_speed_10m": 1.93,
        "last_updated": "2026-09-30T17:25:46Z"
      }
    },
    {
      "type": "Feature",
      "geometry": {
        "type": "Point",
        "coordinates": [
          5.76,
          48.6
        ]
      },
      "properties": {
        "temperature_2m": 20.0,
        "precipitation": 0.0,
        "cloud_cover": 100,
        "wind_speed_10m": 1.22,
        "last_updated": "2026-09-30T17:25:46Z"
      }
    },
    {
      "type": "Feature",
      "geometry": {
        "type": "Point",
        "coordinates": [
          5.8,
          48.6
        ]
      },
      "properties": {
        "temperature_2m": 19.6,
        "precipitation": 0.0,
        "cloud_cover": 100,
        "wind_speed_10m": 1.24,
        "last_updated": "2026-09-30T17:25:46Z"
      }
    },
    {
      "type": "Feature",
      "geometry": {
        "type": "Point",
        "coordinates": [
          5.86,
          48.6
        ]
      },
      "properties": {
        "temperature_2m": 20.1,
        "precipitation": 0.0,
        "cloud_cover": 100,
        "wind_speed_10m": 1.2,
        "last_updated": "2026-09-30T17:25:46Z"
      }
    },
    {
      "type": "Feature",
      "geometry": {
        "type": "Point",
        "coordinates": [
          5.9,
          48.6
        ]
      },
      "properties": {
        "temperature_2m": 20.1,
        "precipitation": 0.0,
        "cloud_cover": 100,
        "wind_speed_10m": 1.14,
        "last_updated": "2026-09-30T17:25:46Z"
      }
    },
    {
      "type": "Feature",
      "geometry": {
        "type": "Point",
        "coordinates": [
          5.94,
          48.6
        ]
      },
      "properties": {
        "temperature_2m": 19.9,
        "precipitation": 0.0,
        "cloud_cover": 100,
        "wind_speed_10m": 1.22,
        "last_updated": "2026-09-30T17:25:46Z"
      }
    },
    {
      "type": "Feature",
      "geometry": {
        "type": "Point",
        "coordinates": [
          4.7,
          48.66
        ]
      },
      "properties": {
        "temperature_2m": 19.9,
        "precipitation": 0.0,
        "cloud_cover": 100,
        "wind_speed_10m": 1.79,
        "last_updated": "2026-09-30T17:25:46Z"
      }
    },
    {
      "type": "Feature",
      "geometry": {
        "type": "Point",
        "coordinates": [
          4.76,
          48.66
        ]
      },
      "properties": {
        "temperature_2m": 19.7,
        "precipitation": 0.1,
        "cloud_cover": 100,
        "wind_speed_10m": 1.8,
        "last_updated": "2026-09-30T17:25:46Z"
      }
    },
    {
      "type": "Feature",
      "geometry": {
        "type": "Point",
        "coordinates": [
          4.8,
          48.66
        ]
      },
      "properties": {
        "temperature_2m": 19.8,
        "precipitation": 0.1,
        "cloud_cover": 100,
        "wind_speed_10m": 1.77,
        "last_updated": "2026-09-30T17:25:46Z"
      }
    },
    {
      "type": "Feature",
      "geometry": {
        "type": "Point",
        "coordinates": [
          4.86,
          48.66
        ]
      },
      "properties": {
        "temperature_2m": 19.7,
        "precipitation": 0.1,
        "cloud_cover": 100,
        "wind_speed_10m": 1.75,
        "last_updated": "2026-09-30T17:25:46Z"
      }
    },
    {
      "type": "Feature",
      "geometry": {
        "type": "Point",
        "coordinates": [
          4.9,
          48.66
        ]
      },
      "properties": {
        "temperature_2m": 20.0,
        "precipitation": 0.1,
        "cloud_cover": 100,
        "wind_speed_10m": 1.3,
        "last_updated": "2026-09-30T17:25:46Z"
      }
    },
    {
      "type": "Feature",
      "geometry": {
        "type": "Point",
        "coordinates": [
          4.94,
          48.66
        ]
      },
      "properties": {
        "temperature_2m": 20.6,
        "precipitation": 0.1,
        "cloud_cover": 100,
        "wind_speed_10m": 0.92,
        "last_updated": "2026-09-30T17:25:46Z"
      }
    },
    {
      "type": "Feature",
      "geometry": {
        "type": "Point",
        "coordinates": [
          5.0,
          48.66
        ]
      },
      "properties": {
        "temperature_2m": 19.9,
        "precipitation": 0.1,
        "cloud_cover": 100,
        "wind_speed_10m": 1.08,
        "last_updated": "2026-09-30T17:25:46Z"
      }
    },
    {
      "type": "Feature",
      "geometry": {
        "type": "Point",
        "coordinates": [
          5.06,
          48.66
        ]
      },
      "properties": {
        "temperature_2m": 20.1,
        "precipitation": 0.0,
        "cloud_cover": 100,
        "wind_speed_10m": 1.65,
        "last_updated": "2026-09-30T17:25:46Z"
      }
    },
    {
      "type": "Feature",
      "geometry": {
        "type": "Point",
        "coordinates": [
          5.1,
          48.66
        ]
      },
      "properties": {
        "temperature_2m": 20.2,
        "precipitation": 0.0,
        "cloud_cover": 100,
        "wind_speed_10m": 1.97,
        "last_updated": "2026-09-30T17:25:46Z"
      }
    },
    {
      "type": "Feature",
      "geometry": {
        "type": "Point",
        "coordinates": [
          5.16,
          48.66
        ]
      },
      "properties": {
        "temperature_2m": 20.1,
        "precipitation": 0.0,
        "cloud_cover": 100,
        "wind_speed_10m": 1.97,
        "last_updated": "2026-09-30T17:25:46Z"
      }
    },
    {
      "type": "Feature",
      "geometry": {
        "type": "Point",
        "coordinates": [
          5.2,
          48.66
        ]
      },
      "properties": {
        "temperature_2m": 20.3,
        "precipitation": 0.0,
        "cloud_cover": 100,
        "wind_speed_10m": 2.06,
        "last_updated": "2026-09-30T17:25:46Z"
      }
    },
    {
      "type": "Feature",
      "geometry": {
        "type": "Point",
        "coordinates": [
          5.26,
          48.66
        ]
      },
      "properties": {
        "temperature_2m": 19.6,
        "precipitation": 0.0,
        "cloud_cover": 100,
        "wind_speed_10m": 2.18,
        "last_updated": "2026-09-30T17:25:46Z"
      }
    },
    {
      "type": "Feature",
      "geometry": {
        "type": "Point",
        "coordinates": [
          5.3,
          48.66
        ]
      },
      "properties": {
        "temperature_2m": 19.3,
        "precipitation": 0.0,
        "cloud_cover": 100,
        "wind_speed_10m": 2.1,
        "last_updated": "2026-09-30T17:25:46Z"
      }
    },
    {
      "type": "Feature",
      "geometry": {
        "type": "Point",
        "coordinates": [
          5.36,
          48.66
        ]
      },
      "properties": {
        "temperature_2m": 20.5,
        "precipitation": 0.1,
        "cloud_cover": 100,
        "wind_speed_10m": 1.51,
        "last_updated": "2026-09-30T17:25:46Z"
      }
    },
    {
      "type": "Feature",
      "geometry": {
        "type": "Point",
        "coordinates": [
          5.4,
          48.66
        ]
      },
      "properties": {
        "temperature_2m": 20.3,
        "precipitation": 0.1,
        "cloud_cover": 100,
        "wind_speed_10m": 1.3,
        "last_updated": "2026-09-30T17:25:46Z"
      }
    },
    {
      "type": "Feature",
      "geometry": {
        "type": "Point",
        "coordinates": [
          5.44,
          48.66
        ]
      },
      "properties": {
        "temperature_2m": 20.7,
        "precipitation": 0.1,
        "cloud_cover": 100,
        "wind_speed_10m": 1.63,
        "last_updated": "2026-09-30T17:25:46Z"
      }
    },
    {
      "type": "Feature",
      "geometry": {
        "type": "Point",
        "coordinates": [
          5.5,
          48.66
        ]
      },
      "properties": {
        "temperature_2m": 20.0,
        "precipitation": 0.0,
        "cloud_cover": 100,
        "wind_speed_10m": 1.7,
        "last_updated": "2026-09-30T17:25:46Z"
      }
    },
    {
      "type": "Feature",
      "geometry": {
        "type": "Point",
        "coordinates": [
          5.56,
          48.66
        ]
      },
      "properties": {
        "temperature_2m": 20.5,
        "precipitation": 0.0,
        "cloud_cover": 100,
        "wind_speed_10m": 1.41,
        "last_updated": "2026-09-30T17:25:46Z"
      }
    },
    {
      "type": "Feature",
      "geometry": {
        "type": "Point",
        "coordinates": [
          5.6,
          48.66
        ]
      },
      "properties": {
        "temperature_2m": 20.2,
        "precipitation": 0.0,
        "cloud_cover": 100,
        "wind_speed_10m": 1.46,
        "last_updated": "2026-09-30T17:25:46Z"
      }
    },
    {
      "type": "Feature",
      "geometry": {
        "type": "Point",
        "coordinates": [
          5.66,
          48.66
        ]
      },
      "properties": {
        "temperature_2m": 19.6,
        "precipitation": 0.0,
        "cloud_cover": 100,
        "wind_speed_10m": 1.91,
        "last_updated": "2026-09-30T17:25:46Z"
      }
    },
    {
      "type": "Feature",
      "geometry": {
        "type": "Point",
        "coordinates": [
          5.7,
          48.66
        ]
      },
      "properties": {
        "temperature_2m": 20.7,
        "precipitation": 0.0,
        "cloud_cover": 100,
        "wind_speed_10m": 2.02,
        "last_updated": "2026-09-30T17:25:46Z"
      }
    },
    {
      "type": "Feature",
      "geometry": {
        "type": "Point",
        "coordinates": [
          5.76,
          48.66
        ]
      },
      "properties": {
        "temperature_2m": 20.4,
        "precipitation": 0.0,
        "cloud_cover": 100,
        "wind_speed_10m": 1.9,
        "last_updated": "2026-09-30T17:25:46Z"
      }
    },
    {
      "type": "Feature",
      "geometry": {
        "type": "Point",
        "coordinates": [
          5.8,
          48.66
        ]
      },
      "properties": {
        "temperature_2m": 19.8,
        "precipitation": 0.0,
        "cloud_cover": 100,
        "wind_speed_10m": 1.9,
        "last_updated": "2026-09-30T17:25:46Z"
      }
    },
    {
      "type": "Feature",
      "geometry": {
        "type": "Point",
        "coordinates": [
          5.86,
          48.66
        ]
      },
      "properties": {
        "temperature_2m": 20.4,
        "precipitation": 0.0,
        "cloud_cover": 100,
        "wind_speed_10m": 1.41,
        "last_updated": "2026-09-30T17:25:46Z"
      }
    },
    {
      "type": "Feature",
      "geometry": {
        "type": "Point",
        "coordinates": [
          5.9,
          48.66
        ]
      },
      "properties": {
        "temperature_2m": 20.9,
        "precipitation": 0.0,
        "cloud_cover": 100,
        "wind_speed_10m": 1.5,
        "last_updated": "2026-09-30T17:25:46Z"
      }
    },
    {
      "type": "Feature",
      "geometry": {
        "type": "Point",
        "coordinates": [
          5.94,
          48.66
        ]
      },
      "properties": {
        "temperature_2m": 19.7,
        "precipitation": 0.0,
        "cloud_cover": 100,
        "wind_speed_10m": 1.94,
        "last_updated": "2026-09-30T17:25:46Z"
      }
    }
  ]
}